Country,State,City,Station,Last Update,Latitude,Longitude,Pollutant Id,Pollutant Min,Pollutant Max,Pollutant Avg
India,Bihar,Kishanganj,"SDM Office_Khagra, Kishanganj - BSPCB",27-11-2025 18:00,26.0881305,87.93840336,CO,17,24,19
India,Bihar,Manguraha,"Forest Rest House, Manguraha - BSPCB",27-11-2025 18:00,27.308328,84.531742,SO2,16,17,16
India,Bihar,Motihari,"Gandak Colony, Motihari - BSPCB",27-11-2025 18:00,26.63086,84.90051,PM10,21,161,93
India,Bihar,Motihari,"Gandak Colony, Motihari - BSPCB",27-11-2025 18:00,26.63086,84.90051,NH3,3,3,3
India,Bihar,Munger,"Town Hall, Munger - BSPCB",27-11-2025 18:00,25.376776,86.471523,NH3,5,7,6
India,Bihar,Munger,"Town Hall, Munger - BSPCB",27-11-2025 18:00,25.376776,86.471523,CO,18,51,34
India,Bihar,Munger,"Town Hall, Munger - BSPCB",27-11-2025 18:00,25.376776,86.471523,OZONE,11,25,19
India,Bihar,Muzaffarpur,"Buddha Colony, Muzaffarpur - BSPCB",27-11-2025 18:00,26.11442,85.39813,NO2,28,91,47
India,Assam,Sivasagar,"Girls College, Sivasagar - PCBA",27-11-2025 18:00,26.987634,94.636574,PM2.5,24,63,46
India,Assam,Sivasagar,"Girls College, Sivasagar - PCBA",27-11-2025 18:00,26.987634,94.636574,NH3,4,15,8
India,Assam,Sivasagar,"Girls College, Sivasagar - PCBA",27-11-2025 18:00,26.987634,94.636574,CO,14,78,22
India,Bihar,Araria,"Kharahiya Basti, Araria - BSPCB",27-11-2025 18:00,26.146529,87.454184,SO2,16,22,21
India,Bihar,Arrah,"New DM Office, Arrah - BSPCB",27-11-2025 18:00,25.5626095,84.663264,CO,43,63,55
India,Bihar,Aurangabad,"Gurdeo Nagar, Aurangabad - BSPCB",27-11-2025 18:00,24.75746,84.366208,PM10,64,170,99
India,Bihar,Aurangabad,"Gurdeo Nagar, Aurangabad - BSPCB",27-11-2025 18:00,24.75746,84.366208,NO2,7,8,8
India,Arunachal_Pradesh,Naharlagun,"Naharlagun, Naharlagun - APSPCB",27-11-2025 18:00,27.103358,93.679645,PM2.5,36,343,124
India,Assam,Byrnihat,"Central Academy for SFS, Byrnihat - PCBA",27-11-2025 18:00,26.071318,91.87488,PM10,NA,NA,NA
India,Assam,Guwahati,"IITG, Guwahati - PCBA",27-11-2025 18:00,26.2028636,91.70046436,NO2,1,8,4
India,Assam,Guwahati,"IITG, Guwahati - PCBA",27-11-2025 18:00,26.2028636,91.70046436,SO2,22,27,24
India,Assam,Guwahati,"LGBI Airport, Guwahati - PCBA",27-11-2025 18:00,26.10887,91.589544,NO2,11,41,15
India,Assam,Guwahati,"LGBI Airport, Guwahati - PCBA",27-11-2025 18:00,26.10887,91.589544,OZONE,9,14,11
India,Andhra_Pradesh,Rajamahendravaram,"Anand Kala Kshetram, Rajamahendravaram - APPCB",27-11-2025 18:00,16.9872867,81.7363176,PM2.5,183,291,233
India,Andhra_Pradesh,Rajamahendravaram,"Anand Kala Kshetram, Rajamahendravaram - APPCB",27-11-2025 18:00,16.9872867,81.7363176,NH3,3,5,4
India,Andhra_Pradesh,Rajamahendravaram,"Anand Kala Kshetram, Rajamahendravaram - APPCB",27-11-2025 18:00,16.9872867,81.7363176,SO2,9,50,24
India,Andhra_Pradesh,Rajamahendravaram,"Anand Kala Kshetram, Rajamahendravaram - APPCB",27-11-2025 18:00,16.9872867,81.7363176,OZONE,13,41,32
India,Andhra_Pradesh,Tirumala,"Toll Gate, Tirumala - APPCB",27-11-2025 18:00,13.67,79.35,PM2.5,167,237,203
India,Andhra_Pradesh,Tirumala,"Toll Gate, Tirumala - APPCB",27-11-2025 18:00,13.67,79.35,PM10,89,112,100
India,Andhra_Pradesh,Tirumala,"Toll Gate, Tirumala - APPCB",27-11-2025 18:00,13.67,79.35,CO,26,54,35
India,Bihar,Bettiah,"Kamalnath Nagar, Bettiah - BSPCB",27-11-2025 18:00,26.80365,84.51954,PM10,34,159,89
India,Bihar,Bettiah,"Kamalnath Nagar, Bettiah - BSPCB",27-11-2025 18:00,26.80365,84.51954,NH3,1,1,1
India,Bihar,Bhagalpur,"DM Office_Kachari Chowk, Bhagalpur - BSPCB",27-11-2025 18:00,25.251013,86.989001,CO,12,16,14
India,Bihar,Bhagalpur,"Mayaganj, Bhagalpur - BSPCB",27-11-2025 18:00,25.265194,87.012947,PM2.5,40,113,78
India,Bihar,Bhagalpur,"Mayaganj, Bhagalpur - BSPCB",27-11-2025 18:00,25.265194,87.012947,CO,4,107,48
India,Bihar,Bhagalpur,"Mayaganj, Bhagalpur - BSPCB",27-11-2025 18:00,25.265194,87.012947,OZONE,15,90,70
India,Andhra_Pradesh,Tirupati,"Vaikuntapuram, Tirupati - APPCB",27-11-2025 18:00,13.615387,79.40923,PM10,47,74,54
India,Andhra_Pradesh,Tirupati,"Vaikuntapuram, Tirupati - APPCB",27-11-2025 18:00,13.615387,79.40923,NO2,14,18,15
India,Andhra_Pradesh,Vijayawada,"HB Colony, Vijayawada - APPCB",27-11-2025 18:00,16.536107,80.594233,SO2,11,26,13
India,Andhra_Pradesh,Vijayawada,"Rajiv Gandhi Park, Vijayawada - APPCB",27-11-2025 18:00,16.509717,80.612222,PM2.5,35,109,66
India,Andhra_Pradesh,Vijayawada,"Rajiv Gandhi Park, Vijayawada - APPCB",27-11-2025 18:00,16.509717,80.612222,NO2,44,90,60
India,Andhra_Pradesh,Vijayawada,"Rajiv Nagar, Vijayawada - APPCB",27-11-2025 18:00,16.554731,80.64911,SO2,11,23,15
India,Andaman and Nicobar,Sri Vijaya Puram,"Police Line, Sri Vijaya Puram - ANPCC",27-11-2025 18:00,11.654054,92.734055,OZONE,NA,NA,NA
India,Andhra_Pradesh,Anantapur,"Gulzarpet, Anantapur - APPCB",27-11-2025 18:00,14.675886,77.593027,PM2.5,52,138,84
India,Andhra_Pradesh,Anantapur,"Gulzarpet, Anantapur - APPCB",27-11-2025 18:00,14.675886,77.593027,SO2,12,18,16
India,Andhra_Pradesh,Chittoor,"Gangineni Cheruvu, Chittoor - APPCB",27-11-2025 18:00,13.20488,79.097889,PM2.5,25,305,171
India,Andhra_Pradesh,Chittoor,"Gangineni Cheruvu, Chittoor - APPCB",27-11-2025 18:00,13.20488,79.097889,PM10,25,174,111
India,Bihar,Gaya,"SFTI Kusdihra, Gaya - BSPCB",27-11-2025 18:00,24.762518,84.982348,NH3,3,3,3
India,Bihar,Gaya,"SFTI Kusdihra, Gaya - BSPCB",27-11-2025 18:00,24.762518,84.982348,CO,28,46,34
India,Bihar,Hajipur,"Industrial Area, Hajipur - BSPCB",27-11-2025 18:00,25.697189,85.2459,PM10,48,164,92
India,Bihar,Hajipur,"Industrial Area, Hajipur - BSPCB",27-11-2025 18:00,25.697189,85.2459,NH3,6,11,8
India,Bihar,Katihar,"Mirchaibari, Katihar - BSPCB",27-11-2025 18:00,25.560083,87.553265,OZONE,4,10,7
India,Bihar,Chhapra,"Darshan Nagar, Chhapra - BSPCB",27-11-2025 18:00,25.7808257,84.7446768,PM2.5,22,87,57
India,Bihar,Gaya,"Collectorate, Gaya - BSPCB",27-11-2025 18:00,24.7955,84.9994,PM2.5,75,288,137
India,Bihar,Gaya,"Kareemganj, Gaya - BSPCB",27-11-2025 18:00,24.792403,84.992416,PM10,NA,NA,NA
India,Assam,Nalbari,"Bata Chowk, Nalbari - PCBA",27-11-2025 18:00,26.446912,91.439057,PM10,16,104,54
India,Bihar,Muzaffarpur,"Buddha Colony, Muzaffarpur - BSPCB",27-11-2025 18:00,26.11442,85.39813,CO,25,148,43
India,Bihar,Muzaffarpur,"MIT-Daudpur Kothi, Muzaffarpur - BSPCB",27-11-2025 18:00,26.1403345,85.3650192,PM10,61,81,73
India,Bihar,Muzaffarpur,"Muzaffarpur Collectorate, Muzaffarpur - BSPCB",27-11-2025 18:00,26.1209,85.3647,NO2,9,21,12
India,Bihar,Patna,"DRM Office Danapur, Patna - BSPCB",27-11-2025 18:00,25.586562,85.043586,OZONE,7,50,35
India,Bihar,Patna,"Govt. High School Shikarpur, Patna - BSPCB",27-11-2025 18:00,25.592539,85.227158,PM10,71,102,86
India,Bihar,Patna,"Govt. High School Shikarpur, Patna - BSPCB",27-11-2025 18:00,25.592539,85.227158,CO,30,165,57
India,Chhattisgarh,Bhilai,"32Bungalows, Bhilai - CECB",27-11-2025 18:00,21.194815,81.31477,PM2.5,32,65,46
India,Chhattisgarh,Bhilai,"32Bungalows, Bhilai - CECB",27-11-2025 18:00,21.194815,81.31477,NO2,19,113,56
India,Chhattisgarh,Bhilai,"32Bungalows, Bhilai - CECB",27-11-2025 18:00,21.194815,81.31477,CO,20,92,25
India,Chhattisgarh,Bhilai,"Civic Center, Bhilai - Bhilai Steel Plant",27-11-2025 18:00,21.185571,81.343175,NO2,19,21,20
India,Chhattisgarh,Bhilai,"Civic Center, Bhilai - Bhilai Steel Plant",27-11-2025 18:00,21.185571,81.343175,CO,21,22,22
India,Chhattisgarh,Bilaspur,"Mangala, Bilaspur - NTPC",27-11-2025 18:00,22.08815,82.13737,PM2.5,52,144,80
India,Chhattisgarh,Bilaspur,"Mangala, Bilaspur - NTPC",27-11-2025 18:00,22.08815,82.13737,NO2,22,66,27
India,Chhattisgarh,Bilaspur,"Mangala, Bilaspur - NTPC",27-11-2025 18:00,22.08815,82.13737,CO,4,101,27
India,Bihar,Purnia,"Mariam Nagar, Purnia - BSPCB",27-11-2025 18:00,25.366336,87.117468,SO2,10,21,17
India,Bihar,Rajgir,"Dangi Tola, Rajgir - BSPCB",27-11-2025 18:00,25.0328,85.41948,CO,62,101,83
India,Bihar,Saharsa,"Police Line, Saharsa - BSPCB",27-11-2025 18:00,25.892357,86.590325,CO,33,39,37
India,Bihar,Saharsa,"Police Line, Saharsa - BSPCB",27-11-2025 18:00,25.892357,86.590325,OZONE,1,31,6
India,Bihar,Samastipur,"DM Office_Kasipur, Samastipur - BSPCB",27-11-2025 18:00,25.859655,85.77944,PM2.5,23,160,59
India,Bihar,Siwan,"Chitragupta Nagar, Siwan - BSPCB",27-11-2025 18:00,26.2271665,84.3570427,NO2,1,5,2
India,Bihar,Siwan,"Chitragupta Nagar, Siwan - BSPCB",27-11-2025 18:00,26.2271665,84.3570427,SO2,4,5,4
India,Bihar,Siwan,"Chitragupta Nagar, Siwan - BSPCB",27-11-2025 18:00,26.2271665,84.3570427,CO,70,161,95
India,Chandigarh,Chandigarh,"Sector 22, Chandigarh - CPCC",27-11-2025 18:00,30.735567,76.775714,SO2,4,31,12
India,Chandigarh,Chandigarh,"Sector 22, Chandigarh - CPCC",27-11-2025 18:00,30.735567,76.775714,OZONE,3,108,74
India,Chandigarh,Chandigarh,"Sector-25, Chandigarh - CPCC",27-11-2025 18:00,30.751462,76.762879,NO2,23,69,39
India,Bihar,Patna,"Muradpur, Patna - BSPCB",27-11-2025 18:00,25.619651,85.147382,CO,25,79,47
India,Bihar,Patna,"Muradpur, Patna - BSPCB",27-11-2025 18:00,25.619651,85.147382,OZONE,5,39,31
India,Bihar,Patna,"Rajbansi Nagar, Patna - BSPCB",27-11-2025 18:00,25.599486,85.113666,PM2.5,46,212,113
India,Bihar,Patna,"Samanpura, Patna - BSPCB",27-11-2025 18:00,25.596727,85.085624,PM10,104,291,191
India,Bihar,Patna,"Samanpura, Patna - BSPCB",27-11-2025 18:00,25.596727,85.085624,NO2,20,48,25
India,Chhattisgarh,Raipur,"Siltara Phase-II, Raipur - CECB",27-11-2025 18:00,21.371751,81.664929,SO2,1,5,4
India,Chhattisgarh,Raipur,"Siltara Phase-II, Raipur - CECB",27-11-2025 18:00,21.371751,81.664929,CO,34,36,35
India,Delhi,Delhi,"Anand Vihar, Delhi - DPCC",27-11-2025 18:00,28.647622,77.315809,OZONE,18,21,18
India,Delhi,Delhi,"Aya Nagar, Delhi - IMD",27-11-2025 18:00,28.4706914,77.1099364,OZONE,8,220,134
India,Delhi,Delhi,"Bawana, Delhi - DPCC",27-11-2025 18:00,28.7762,77.051074,NO2,15,115,61
India,Delhi,Delhi,"Burari Crossing, Delhi - IMD",27-11-2025 18:00,28.7256504,77.2011573,NO2,3,196,76
India,Chhattisgarh,Chhal,"Nawapara SECL Colony, Chhal - CECB",27-11-2025 18:00,22.118125,83.140608,CO,24,60,26
India,Chhattisgarh,Korba,"Rampur, Korba - CECB",27-11-2025 18:00,22.368195,82.746431,NO2,16,30,20
India,Chhattisgarh,Korba,"Rampur, Korba - CECB",27-11-2025 18:00,22.368195,82.746431,CO,22,28,24
India,Chhattisgarh,Raipur,"Bhatagaon New ISBT, Raipur - CECB",27-11-2025 18:00,21.219665,81.630094,NH3,NA,NA,NA
India,Chhattisgarh,Raipur,"Krishak Nagar, Raipur - CECB",27-11-2025 18:00,21.237755,81.705301,PM10,44,154,94
India,Gujarat,Ahmedabad,"Rakhial, Ahmedabad - IITM",27-11-2025 18:00,23.016834,72.625775,SO2,11,27,17
India,Gujarat,Ahmedabad,"SAC ISRO Bopal, Ahmedabad - IITM",27-11-2025 18:00,23.041137,72.456691,NO2,22,110,50
India,Gujarat,Ahmedabad,"SAC ISRO Bopal, Ahmedabad - IITM",27-11-2025 18:00,23.041137,72.456691,CO,18,60,21
India,Gujarat,Ahmedabad,"SAC ISRO Satellite, Ahmedabad - IITM",27-11-2025 18:00,23.023389,72.515201,SO2,21,33,25
India,Gujarat,Ahmedabad,"SAC ISRO Satellite, Ahmedabad - IITM",27-11-2025 18:00,23.023389,72.515201,OZONE,1,61,35
India,Gujarat,Ahmedabad,"SVPI Airport Hansol, Ahmedabad - IITM",27-11-2025 18:00,23.076793,72.627874,NO2,31,71,47
India,Gujarat,Ahmedabad,"SVPI Airport Hansol, Ahmedabad - IITM",27-11-2025 18:00,23.076793,72.627874,CO,24,99,33
India,Gujarat,Ankleshwar,"GIDC, Ankleshwar - GPCB",27-11-2025 18:00,21.613267,73.010555,CO,29,90,44
India,Delhi,Delhi,"DTU, Delhi - CPCB",27-11-2025 18:00,28.7500499,77.1112615,NO2,57,78,69
India,Delhi,Delhi,"DTU, Delhi - CPCB",27-11-2025 18:00,28.7500499,77.1112615,SO2,29,93,36
India,Delhi,Delhi,"Dr. Karni Singh Shooting Range, Delhi - DPCC",27-11-2025 18:00,28.498571,77.26484,PM2.5,303,500,373
India,Delhi,Delhi,"Dr. Karni Singh Shooting Range, Delhi - DPCC",27-11-2025 18:00,28.498571,77.26484,NH3,7,11,9
India,Delhi,Delhi,"Dwarka-Sector 8, Delhi - DPCC ",27-11-2025 18:00,28.5710274,77.0719006,OZONE,1,231,107
India,Delhi,Delhi,"IGI Airport (T3), Delhi - IMD",27-11-2025 18:00,28.5627763,77.1180053,PM2.5,171,391,324
India,Delhi,Delhi,"IGI Airport (T3), Delhi - IMD",27-11-2025 18:00,28.5627763,77.1180053,PM10,172,426,348
India,Delhi,Delhi,"Pusa, Delhi - IMD",27-11-2025 18:00,28.63611,77.173332,PM2.5,296,436,364
India,Delhi,Delhi,"Pusa, Delhi - IMD",27-11-2025 18:00,28.63611,77.173332,PM10,195,424,314
India,Delhi,Delhi,"Pusa, Delhi - IMD",27-11-2025 18:00,28.63611,77.173332,NO2,7,138,78
India,Delhi,Delhi,"R K Puram, Delhi - DPCC",27-11-2025 18:00,28.563262,77.186937,SO2,1,18,11
India,Delhi,Delhi,"Rohini, Delhi - DPCC",27-11-2025 18:00,28.732528,77.11992,OZONE,5,302,164
India,Delhi,Delhi,"Shadipur, Delhi - CPCB",27-11-2025 18:00,28.6514781,77.1473105,NH3,10,26,17
India,Delhi,Delhi,"Sirifort, Delhi - CPCB",27-11-2025 18:00,28.5504249,77.2159377,PM2.5,308,459,375
India,Delhi,Delhi,"NSIT Dwarka, Delhi - CPCB",27-11-2025 18:00,28.60909,77.0325413,PM10,150,424,233
India,Delhi,Delhi,"NSIT Dwarka, Delhi - CPCB",27-11-2025 18:00,28.60909,77.0325413,NO2,65,117,85
India,Delhi,Delhi,"NSIT Dwarka, Delhi - CPCB",27-11-2025 18:00,28.60909,77.0325413,NH3,7,20,13
India,Delhi,Delhi,"NSIT Dwarka, Delhi - CPCB",27-11-2025 18:00,28.60909,77.0325413,CO,48,104,63
India,Delhi,Delhi,"Najafgarh, Delhi - DPCC",27-11-2025 18:00,28.570173,76.933762,OZONE,4,12,8
India,Delhi,Delhi,"Narela, Delhi - DPCC",27-11-2025 18:00,28.822836,77.101981,NO2,14,104,56
India,Delhi,Delhi,"Nehru Nagar, Delhi - DPCC",27-11-2025 18:00,28.56789,77.250515,PM2.5,335,500,430
India,Delhi,Delhi,"IGI Airport (T3), Delhi - IMD",27-11-2025 18:00,28.5627763,77.1180053,OZONE,5,96,53
India,Delhi,Delhi,"IHBAS, Dilshad Garden, Delhi - CPCB",27-11-2025 18:00,28.6811736,77.3025234,PM2.5,115,331,224
India,Delhi,Delhi,"IHBAS, Dilshad Garden, Delhi - CPCB",27-11-2025 18:00,28.6811736,77.3025234,PM10,157,500,338
India,Delhi,Delhi,"ITO, Delhi - CPCB",27-11-2025 18:00,28.628624,77.24106,SO2,19,35,26
India,Delhi,Delhi,"ITO, Delhi - CPCB",27-11-2025 18:00,28.628624,77.24106,CO,16,138,48
India,Delhi,Delhi,"Jawaharlal Nehru Stadium, Delhi - DPCC",27-11-2025 18:00,28.58028,77.233829,CO,59,175,95
India,Delhi,Delhi,"North Campus, DU, Delhi - IMD",27-11-2025 18:00,28.6573814,77.1585447,NO2,61,264,131
India,Delhi,Delhi,"Okhla Phase-2, Delhi - DPCC",27-11-2025 18:00,28.530785,77.271255,SO2,15,39,27
India,Delhi,Delhi,"Patparganj, Delhi - DPCC",27-11-2025 18:00,28.623763,77.287209,CO,54,182,85
India,Delhi,Delhi,"Punjabi Bagh, Delhi - DPCC",27-11-2025 18:00,28.674045,77.131023,NH3,4,6,5
India,Delhi,Delhi,"Sirifort, Delhi - CPCB",27-11-2025 18:00,28.5504249,77.2159377,NO2,56,75,64
India,Delhi,Delhi,"Sirifort, Delhi - CPCB",27-11-2025 18:00,28.5504249,77.2159377,SO2,23,36,32
India,Delhi,Delhi,"Sonia Vihar, Delhi - DPCC",27-11-2025 18:00,28.710508,77.249485,NH3,5,8,7
India,Delhi,Delhi,"Sonia Vihar, Delhi - DPCC",27-11-2025 18:00,28.710508,77.249485,SO2,6,26,11
India,Delhi,Delhi,"Vivek Vihar, Delhi - DPCC",27-11-2025 18:00,28.672342,77.31526,NO2,29,148,99
India,Delhi,Delhi,"Jawaharlal Nehru Stadium, Delhi - DPCC",27-11-2025 18:00,28.58028,77.233829,OZONE,1,7,3
India,Delhi,Delhi,"Lodhi Road, Delhi - IMD",27-11-2025 18:00,28.5918245,77.2273074,NO2,7,81,32
India,Delhi,Delhi,"Lodhi Road, Delhi - IMD",27-11-2025 18:00,28.5918245,77.2273074,OZONE,13,188,105
India,Gujarat,Ahmedabad,"Chandkheda, Ahmedabad - IITM",27-11-2025 18:00,23.107969,72.574648,PM2.5,94,190,129
India,Gujarat,Ahmedabad,"Raikhad, Ahmedabad - IITM",27-11-2025 18:00,23.020509,72.579261,CO,15,101,30
India,Haryana,Faridabad,"Sector 30, Faridabad - HSPCB",27-11-2025 18:00,28.4417,77.3217,NH3,11,12,11
India,Haryana,Fatehabad,"Huda Sector, Fatehabad - HSPCB",27-11-2025 18:00,29.503664,75.467934,NO2,18,20,19
India,Haryana,Fatehabad,"Huda Sector, Fatehabad - HSPCB",27-11-2025 18:00,29.503664,75.467934,SO2,2,34,16
India,Haryana,Gurugram,"NISE Gwal Pahari, Gurugram - IMD",27-11-2025 18:00,28.422681,77.148944,OZONE,8,122,64
India,Haryana,Gurugram,"Sector-51, Gurugram - HSPCB",27-11-2025 18:00,28.4227,77.0667,NO2,NA,NA,NA
India,Haryana,Gurugram,"Sector-51, Gurugram - HSPCB",27-11-2025 18:00,28.4227,77.0667,NH3,NA,NA,NA
India,Haryana,Gurugram,"Sector-51, Gurugram - HSPCB",27-11-2025 18:00,28.4227,77.0667,SO2,NA,NA,NA
India,Haryana,Gurugram,"Sector-51, Gurugram - HSPCB",27-11-2025 18:00,28.4227,77.0667,OZONE,19,32,30
India,Haryana,Gurugram,"Teri Gram, Gurugram - HSPCB",27-11-2025 18:00,28.4275,77.1465,NO2,37,76,53
India,Haryana,Gurugram,"Teri Gram, Gurugram - HSPCB",27-11-2025 18:00,28.4275,77.1465,CO,40,91,76
India,Gujarat,Gandhinagar,"IIPHG Lekawada, Gandhinagar - IITM",27-11-2025 18:00,23.243639,72.68994,NH3,2,3,2
India,Gujarat,Gandhinagar,"IIPHG Lekawada, Gandhinagar - IITM",27-11-2025 18:00,23.243639,72.68994,OZONE,5,44,33
India,Gujarat,Gandhinagar,"Sector-10, Gandhinagar - GPCB",27-11-2025 18:00,23.221714,72.654328,PM10,71,107,90
India,Gujarat,Nandesari,"GIDC, Nandesari - Nandesari Ind. Association",27-11-2025 18:00,22.410802,73.097923,NO2,17,92,34
India,Gujarat,Surat,"Science Center, Surat - SMC",27-11-2025 18:00,21.170046,72.795405,PM10,38,445,271
India,Gujarat,Surat,"Science Center, Surat - SMC",27-11-2025 18:00,21.170046,72.795405,SO2,41,55,47
India,Gujarat,Vapi,"Phase-1 GIDC, Vapi - GPCB",27-11-2025 18:00,20.362421,72.918013,NH3,3,5,4
India,Gujarat,Vapi,"Phase-1 GIDC, Vapi - GPCB",27-11-2025 18:00,20.362421,72.918013,OZONE,4,26,18
India,Haryana,Charkhi Dadri,"Mini Secretariat, Charkhi Dadri - HSPCB",27-11-2025 18:00,28.593883,76.270653,NH3,5,8,6
India,Haryana,Charkhi Dadri,"Mini Secretariat, Charkhi Dadri - HSPCB",27-11-2025 18:00,28.593883,76.270653,SO2,10,11,10
India,Haryana,Charkhi Dadri,"Mini Secretariat, Charkhi Dadri - HSPCB",27-11-2025 18:00,28.593883,76.270653,CO,8,25,13
India,Haryana,Dharuhera,"Municipal Corporation Office, Dharuhera -  HSPCB",27-11-2025 18:00,28.2068,76.7997,PM10,124,434,281
India,Haryana,Faridabad,"New Industrial Town, Faridabad - HSPCB",27-11-2025 18:00,28.39072,77.30059,PM10,165,172,168
India,Haryana,Faridabad,"New Industrial Town, Faridabad - HSPCB",27-11-2025 18:00,28.39072,77.30059,NH3,11,12,11
India,Haryana,Faridabad,"Sector 11, Faridabad - HSPCB",27-11-2025 18:00,28.376058,77.315741,PM2.5,NA,NA,NA
India,Haryana,Palwal,"Shyam Nagar, Palwal - HSPCB",27-11-2025 18:00,28.1485564,77.3320667,NH3,8,9,9
India,Haryana,Panchkula,"Sector-6, Panchkula - HSPCB ",27-11-2025 18:00,30.7057778,76.85318056,NO2,23,27,25
India,Haryana,Panipat,"Sector-18, Panipat - HSPCB",27-11-2025 18:00,29.432304,76.972765,NH3,NA,NA,NA
India,Haryana,Panipat,"Sector-18, Panipat - HSPCB",27-11-2025 18:00,29.432304,76.972765,SO2,NA,NA,NA
India,Haryana,Panipat,"Sector-18, Panipat - HSPCB",27-11-2025 18:00,29.432304,76.972765,OZONE,NA,NA,NA
India,Haryana,Rohtak,"MD University, Rohtak - HSPCB",27-11-2025 18:00,28.52123,76.37138,PM2.5,309,375,332
India,Haryana,Sirsa,"F-Block, Sirsa - HSPCB",27-11-2025 18:00,29.5364,75.0158,NO2,11,19,15
India,Jharkhand,Dhanbad,"Sardar Patel Nagar, Dhanbad - JSPCB",27-11-2025 18:00,23.80569,86.44268,PM10,51,222,114
India,Jharkhand,Jorapokhar,"Tata Stadium, Jorapokhar - JSPCB",27-11-2025 18:00,23.707909,86.41467,SO2,NA,NA,NA
India,Karnataka,Bagalkot,"Vidayagiri, Bagalkot - KSPCB",27-11-2025 18:00,16.172806,75.659694,PM2.5,35,36,35
India,Karnataka,Bagalkot,"Vidayagiri, Bagalkot - KSPCB",27-11-2025 18:00,16.172806,75.659694,NO2,11,12,12
India,Karnataka,Bagalkot,"Vidayagiri, Bagalkot - KSPCB",27-11-2025 18:00,16.172806,75.659694,OZONE,10,16,16
India,Karnataka,Bengaluru,"BTM Layout, Bengaluru - CPCB",27-11-2025 18:00,12.9135218,77.5950804,SO2,19,23,20
India,Haryana,Sirsa,"F-Block, Sirsa - HSPCB",27-11-2025 18:00,29.5364,75.0158,SO2,9,13,11
India,Haryana,Sonipat,"Murthal, Sonipat - HSPCB",27-11-2025 18:00,29.0272,77.0621,PM10,165,403,289
India,Haryana,Sonipat,"Murthal, Sonipat - HSPCB",27-11-2025 18:00,29.0272,77.0621,NO2,22,54,42
India,Haryana,Sonipat,"Murthal, Sonipat - HSPCB",27-11-2025 18:00,29.0272,77.0621,CO,46,86,66
India,Haryana,Sonipat,"Murthal, Sonipat - HSPCB",27-11-2025 18:00,29.0272,77.0621,OZONE,25,26,26
India,Jammu_and_Kashmir,Srinagar,"Rajbagh, Srinagar - JKSPCB",27-11-2025 18:00,34.066206,74.81982,PM10,108,164,130
India,Jammu_and_Kashmir,Srinagar,"Rajbagh, Srinagar - JKSPCB",27-11-2025 18:00,34.066206,74.81982,CO,11,19,16
India,Haryana,Kurukshetra,"Sector-7, Kurukshetra - HSPCB",27-11-2025 18:00,29.966942,76.875879,CO,1,96,24
India,Haryana,Mandikhera,"General Hospital, Mandikhera(Nuh) - HSPCB",27-11-2025 18:00,27.9002,76.9938,PM2.5,92,268,180
India,Haryana,Manesar,"Sector-2 IMT, Manesar - HSPCB",27-11-2025 18:00,28.360699,76.93609,PM2.5,175,500,366
India,Haryana,Manesar,"Sector-2 IMT, Manesar - HSPCB",27-11-2025 18:00,28.360699,76.93609,CO,37,98,72
India,Haryana,Narnaul,"Shastri Nagar, Narnaul - HSPCB",27-11-2025 18:00,28.060249,76.113115,CO,22,57,46
India,Haryana,Gurugram,"Vikas Sadan, Gurugram - HSPCB",27-11-2025 18:00,28.4501238,77.0263051,PM2.5,190,368,316
India,Haryana,Hisar,"Urban Estate-II, Hisar - HSPCB",27-11-2025 18:00,29.14056,75.744941,PM2.5,NA,NA,NA
India,Haryana,Hisar,"Urban Estate-II, Hisar - HSPCB",27-11-2025 18:00,29.14056,75.744941,NO2,NA,NA,NA
India,Haryana,Hisar,"Urban Estate-II, Hisar - HSPCB",27-11-2025 18:00,29.14056,75.744941,OZONE,70,112,104
India,Haryana,Kaithal,"Rishi Nagar, Kaithal - HSPCB",27-11-2025 18:00,29.8006,76.4155,NO2,29,34,31
India,Haryana,Kaithal,"Rishi Nagar, Kaithal - HSPCB",27-11-2025 18:00,29.8006,76.4155,SO2,29,34,31
India,Gujarat,Vatva,"Phase-4 GIDC, Vatva - GPCB",27-11-2025 18:00,22.969611,72.6435,OZONE,30,45,40
India,Haryana,Ambala,"Patti Mehar, Ambala - HSPCB",27-11-2025 18:00,30.379589,76.778328,NH3,9,11,10
India,Haryana,Ambala,"Patti Mehar, Ambala - HSPCB",27-11-2025 18:00,30.379589,76.778328,CO,97,101,99
India,Haryana,Ambala,"Patti Mehar, Ambala - HSPCB",27-11-2025 18:00,30.379589,76.778328,OZONE,48,53,50
India,Haryana,Ballabgarh,"Nathu Colony, Ballabgarh - HSPCB",27-11-2025 18:00,28.3419248,77.319699,SO2,NA,NA,NA
India,Karnataka,Bengaluru,"Jayanagar 5th Block, Bengaluru - KSPCB",27-11-2025 18:00,12.920984,77.584908,NH3,1,2,1
India,Karnataka,Bengaluru,"Jigani, Bengaluru - KSPCB",27-11-2025 18:00,12.7816279,77.6299145,PM2.5,42,484,82
India,Karnataka,Bengaluru,"Jigani, Bengaluru - KSPCB",27-11-2025 18:00,12.7816279,77.6299145,NH3,5,5,5
India,Karnataka,Bengaluru,"Kasturi Nagar, Bengaluru - KSPCB",27-11-2025 18:00,13.003872,77.664217,PM10,NA,NA,NA
India,Karnataka,Bengaluru,"Kasturi Nagar, Bengaluru - KSPCB",27-11-2025 18:00,13.003872,77.664217,SO2,NA,NA,NA
India,Karnataka,Bengaluru,"Peenya, Bengaluru - CPCB",27-11-2025 18:00,13.0270199,77.494094,CO,20,57,33
India,Karnataka,Yadgir,"Collector Office, Yadgir - KSPCB",27-11-2025 18:00,16.7602,77.1428,OZONE,18,23,23
India,Kerala,Eloor,"Udyogamandal, Eloor - Kerala PCB",27-11-2025 18:00,10.073232,76.302765,SO2,1,1,1
India,Kerala,Kannur,"Thavakkara, Kannur - Kerala PCB",27-11-2025 18:00,11.875,75.3732,PM10,61,66,63
India,Kerala,Kannur,"Thavakkara, Kannur - Kerala PCB",27-11-2025 18:00,11.875,75.3732,OZONE,28,32,30
India,Kerala,Kollam,"Polayathode, Kollam - Kerala PCB",27-11-2025 18:00,8.8787,76.6073,NO2,9,10,9
India,Karnataka,Bengaluru,"BWSSB Kadabesanahalli, Bengaluru - CPCB",27-11-2025 18:00,12.9352049,77.6814488,NH3,NA,NA,NA
India,Karnataka,Bengaluru,"BWSSB Kadabesanahalli, Bengaluru - CPCB",27-11-2025 18:00,12.9352049,77.6814488,SO2,NA,NA,NA
India,Karnataka,Bengaluru,"BWSSB Kadabesanahalli, Bengaluru - CPCB",27-11-2025 18:00,12.9352049,77.6814488,CO,76,95,80
India,Karnataka,Bengaluru,"City Railway Station, Bengaluru - KSPCB",27-11-2025 18:00,12.9756843,77.5660749,PM10,86,88,88
India,Karnataka,Bengaluru,"Hombegowda Nagar, Bengaluru - KSPCB",27-11-2025 18:00,12.938539,77.5901,PM10,90,123,105
India,Karnataka,Bengaluru,"Hombegowda Nagar, Bengaluru - KSPCB",27-11-2025 18:00,12.938539,77.5901,SO2,7,14,11
India,Karnataka,Chikkamagaluru,"Kalyana Nagara, Chikkamagaluru - KSPCB",27-11-2025 18:00,13.328028,75.797056,SO2,1,8,3
India,Karnataka,Davanagere,"Devaraj Urs Badavane, Davanagere - KSPCB",27-11-2025 18:00,14.4758,75.9052,NH3,2,4,3
India,Karnataka,Davanagere,"Devaraj Urs Badavane, Davanagere - KSPCB",27-11-2025 18:00,14.4758,75.9052,SO2,1,6,3
India,Karnataka,Davanagere,"Devaraj Urs Badavane, Davanagere - KSPCB",27-11-2025 18:00,14.4758,75.9052,CO,36,58,44
India,Karnataka,Haveri,"Ashwini Nagar, Haveri - KSPCB",27-11-2025 18:00,14.7918,75.3896,PM10,NA,NA,NA
India,Karnataka,Haveri,"Ashwini Nagar, Haveri - KSPCB",27-11-2025 18:00,14.7918,75.3896,CO,33,35,34
India,Karnataka,Hubballi,"Lingaraj Nagar, Hubballi - KSPCB",27-11-2025 18:00,15.3714823,75.1160168,CO,6,35,12
India,Karnataka,Hubballi,"Lingaraj Nagar, Hubballi - KSPCB",27-11-2025 18:00,15.3714823,75.1160168,OZONE,12,19,16
India,Karnataka,Kalaburagi,"Mahatma Basaveswar Colony, Kalaburgi - KSPCB",27-11-2025 18:00,17.336318,76.847397,NO2,12,18,15
India,Karnataka,Koppal,"Diwator Nagar, Koppal - KSPCB",27-11-2025 18:00,15.34763,76.181767,NH3,7,7,7
India,Karnataka,Koppal,"Diwator Nagar, Koppal - KSPCB",27-11-2025 18:00,15.34763,76.181767,OZONE,6,8,7
India,Kerala,Thiruvananthapuram,"Kariavattom, Thiruvananthapuram - Kerala PCB",27-11-2025 18:00,8.5637,76.8865,PM10,47,69,55
India,Kerala,Thiruvananthapuram,"Kariavattom, Thiruvananthapuram - Kerala PCB",27-11-2025 18:00,8.5637,76.8865,NH3,1,1,1
India,Kerala,Thrissur,"Corporation Ground, Thrissur - Kerala PCB",27-11-2025 18:00,10.5324,76.2159,OZONE,30,31,31
India,Madhya Pradesh,Bhopal,"Paryavaran Parisar, Bhopal - MPPCB",27-11-2025 18:00,23.210494,77.425409,PM2.5,107,306,171
India,Karnataka,Mangalore,"Kadri, Mangalore - KSPCB",27-11-2025 18:00,12.88925,74.853,PM10,26,44,33
India,Karnataka,Mysuru,"Hebbal 1st Stage, Mysuru - KSPCB",27-11-2025 18:00,12.21041,76.37376,PM10,70,110,89
India,Karnataka,Shivamogga,"Vinoba Nagara, Shivamogga - KSPCB",27-11-2025 18:00,13.94,75.555917,NH3,3,4,4
India,Karnataka,Udupi,"Brahmagiri, Udupi - KSPCB",27-11-2025 18:00,13.34194444,74.74694444,PM2.5,NA,NA,NA
India,Karnataka,Bengaluru,"Sanegurava Halli, Bengaluru - KSPCB",27-11-2025 18:00,12.990328,77.5431385,NO2,19,21,20
India,Karnataka,Bengaluru,"Sanegurava Halli, Bengaluru - KSPCB",27-11-2025 18:00,12.990328,77.5431385,SO2,7,7,7
India,Karnataka,Bengaluru,"Shivapura_Peenya, Bengaluru - KSPCB",27-11-2025 18:00,13.0246342,77.5080115,SO2,10,13,11
India,Karnataka,Chikkamagaluru,"Kalyana Nagara, Chikkamagaluru - KSPCB",27-11-2025 18:00,13.328028,75.797056,PM2.5,49,182,74
India,Madhya Pradesh,Dewas,"Bhopal Chauraha, Dewas - MPPCB",27-11-2025 18:00,22.9682591,76.064118,CO,28,36,31
India,Madhya Pradesh,Gwalior,"Deen Dayal Nagar, Gwalior - MPPCB",27-11-2025 18:00,26.259242,78.216432,PM10,102,482,238
India,Madhya Pradesh,Gwalior,"Deen Dayal Nagar, Gwalior - MPPCB",27-11-2025 18:00,26.259242,78.216432,NO2,31,162,82
India,Maharashtra,Badlapur,"Katrap, Badlapur - MPCB",27-11-2025 18:00,19.16485,73.23409,NH3,3,7,5
India,Maharashtra,Belapur,"CBD Belapur, Belapur - MPCB",27-11-2025 18:00,19.0243902,73.0406721,NH3,4,4,4
India,Maharashtra,Bhiwandi,"Gokul Nagar, Bhiwandi - MPCB",27-11-2025 18:00,19.309073,73.057223,PM2.5,69,257,167
India,Maharashtra,Bhiwandi,"Gokul Nagar, Bhiwandi - MPCB",27-11-2025 18:00,19.309073,73.057223,PM10,100,179,142
India,Maharashtra,Bhiwandi,"Gokul Nagar, Bhiwandi - MPCB",27-11-2025 18:00,19.309073,73.057223,NH3,4,6,5
India,Maharashtra,Bhiwandi,"Gokul Nagar, Bhiwandi - MPCB",27-11-2025 18:00,19.309073,73.057223,SO2,4,25,12
India,Maharashtra,Boisar,"Khaira, Boisar - MPCB",27-11-2025 18:00,19.786089,72.757971,PM10,62,148,91
India,Maharashtra,Boisar,"Khaira, Boisar - MPCB",27-11-2025 18:00,19.786089,72.757971,NO2,14,83,37
India,Maharashtra,Boisar,"Khaira, Boisar - MPCB",27-11-2025 18:00,19.786089,72.757971,CO,16,80,28
India,Madhya Pradesh,Singrauli,"Suryakiran Bhawan NCL, Singrauli - MPPCB",27-11-2025 18:00,24.10897,82.64558,OZONE,1,69,51
India,Maharashtra,Ahmednagar,"Tarakpur, Ahmednagar - MPCB",27-11-2025 18:00,19.10122,74.73339,NO2,NA,NA,NA
India,Maharashtra,Akola,"Ramdaspeth, Akola - MPCB",27-11-2025 18:00,20.719516,77.000253,NH3,5,6,5
India,Maharashtra,Amravati,"Shivneri Colony, Amravati - MPCB",27-11-2025 18:00,20.9402359,77.7895248,NO2,10,23,15
India,Maharashtra,Amravati,"Shivneri Colony, Amravati - MPCB",27-11-2025 18:00,20.9402359,77.7895248,CO,23,36,34
India,Maharashtra,Amravati,"Shri Shivaji Science College, Amravati - MPCB",27-11-2025 18:00,20.939198,77.765701,NH3,2,7,3
India,Maharashtra,Amravati,"Shri Shivaji Science College, Amravati - MPCB",27-11-2025 18:00,20.939198,77.765701,OZONE,28,118,90
India,Maharashtra,Aurangabad,"MIDC Chilkalthana, Aurangabad - MPCB",27-11-2025 18:00,19.87562,75.38731,NH3,1,3,2
India,Maharashtra,Aurangabad,"MIDC Chilkalthana, Aurangabad - MPCB",27-11-2025 18:00,19.87562,75.38731,CO,32,67,38
India,Madhya Pradesh,Pithampur,"Sector-2 Industrial Area, Pithampur - MPPCB",27-11-2025 18:00,22.624758,75.675238,PM10,127,263,190
India,Madhya Pradesh,Pithampur,"Sector-2 Industrial Area, Pithampur - MPPCB",27-11-2025 18:00,22.624758,75.675238,NO2,18,30,26
India,Madhya Pradesh,Sagar,"Deen Dayal Nagar, Sagar - MPPCB",27-11-2025 18:00,23.8640158,78.80289321,CO,48,64,51
India,Madhya Pradesh,Satna,"Bandhavgar Colony, Satna - Birla Cement",27-11-2025 18:00,24.58434363,80.8549414,PM2.5,44,47,46
India,Madhya Pradesh,Gwalior,"Maharaj Bada, Gwalior - MPPCB",27-11-2025 18:00,26.200388,78.147714,PM10,107,350,167
India,Madhya Pradesh,Gwalior,"Maharaj Bada, Gwalior - MPPCB",27-11-2025 18:00,26.200388,78.147714,NO2,34,166,80
India,Madhya Pradesh,Gwalior,"Maharaj Bada, Gwalior - MPPCB",27-11-2025 18:00,26.200388,78.147714,SO2,6,10,8
India,Madhya Pradesh,Indore,"Chhoti Gwaltoli, Indore - MPPCB",27-11-2025 18:00,22.431,75.5213,NO2,48,108,77
India,Madhya Pradesh,Indore,"Maguda Nagar, Indore - IMC",27-11-2025 18:00,22.7524,75.8872,NH3,NA,NA,NA
India,Madhya Pradesh,Indore,"Regional Park, Indore - IMC",27-11-2025 18:00,22.678,75.8559,PM10,39,82,60
India,Madhya Pradesh,Indore,"Residency Area, Indore - IMC",27-11-2025 18:00,22.7084,75.8815,NO2,12,18,15
India,Madhya Pradesh,Jabalpur,"Govindh Bhavan Colony, Jabalpur - JMC",27-11-2025 18:00,23.163174,79.973061,NO2,18,25,22
India,Madhya Pradesh,Jabalpur,"Gupteshwar, Jabalpur - JMC",27-11-2025 18:00,23.142888,79.916147,SO2,7,9,8
India,Madhya Pradesh,Jabalpur,"Marhatal, Jabalpur - MPPCB",27-11-2025 18:00,23.168606,79.932247,NO2,23,118,45
India,Madhya Pradesh,Jabalpur,"Marhatal, Jabalpur - MPPCB",27-11-2025 18:00,23.168606,79.932247,NH3,4,5,4
India,Madhya Pradesh,Jabalpur,"Suhagi, Jabalpur - JMC",27-11-2025 18:00,23.218135,79.95777,OZONE,31,55,50
India,Maharashtra,Chandrapur,"MIDC Khutala, Chandrapur - MPCB",27-11-2025 18:00,19.9775302,79.2337086,PM2.5,183,321,280
India,Maharashtra,Jalna,"Old MIDC, Jalna - MPCB",27-11-2025 18:00,19.854616,75.905894,NH3,2,5,3
India,Madhya Pradesh,Jabalpur,"Marhatal, Jabalpur - MPPCB",27-11-2025 18:00,23.168606,79.932247,PM2.5,77,215,113
India,Maharashtra,Kolhapur,"Sinchan Bhavan, Kolhapur - MPCB",27-11-2025 18:00,16.7143745,74.2426398,OZONE,2,44,38
India,Maharashtra,Latur,"Sawe Wadi, Latur - MPCB",27-11-2025 18:00,18.39963,76.57452,SO2,1,5,3
India,Maharashtra,Mahad,"Kamble Tarf Birwadi, Mahad - MPCB",27-11-2025 18:00,18.1023399,73.4783687,OZONE,14,80,56
India,Maharashtra,Malegaon,"Mahesh Nagar, Malegaon - MPCB",27-11-2025 18:00,20.555712,74.529236,SO2,1,53,12
India,Maharashtra,Malegaon,"Mahesh Nagar, Malegaon - MPCB",27-11-2025 18:00,20.555712,74.529236,OZONE,7,89,67
India,Maharashtra,Mira-Bhayandar,"Bhayandar West, Mira-Bhayandar - MPCB",27-11-2025 18:00,19.296481,72.840923,NO2,23,67,44
India,Maharashtra,Mumbai,"Bandra Kurla Complex, Mumbai - MPCB",27-11-2025 18:00,19.065931,72.862131,OZONE,2,124,58
India,Maharashtra,Mumbai,"Borivali East, Mumbai - MPCB",27-11-2025 18:00,19.2243333,72.8658113,NH3,NA,NA,NA
India,Maharashtra,Mumbai,"Byculla, Mumbai - BMC",27-11-2025 18:00,18.9767,72.838,SO2,18,22,20
India,Maharashtra,Mumbai,"Byculla, Mumbai - BMC",27-11-2025 18:00,18.9767,72.838,CO,38,109,62
India,Maharashtra,Mumbai,"Chakala-Andheri East, Mumbai - IITM",27-11-2025 18:00,19.11074,72.86084,PM10,108,159,132
India,Maharashtra,Mumbai,"Chakala-Andheri East, Mumbai - IITM",27-11-2025 18:00,19.11074,72.86084,NH3,10,26,17
India,Maharashtra,Mumbai,"Chakala-Andheri East, Mumbai - IITM",27-11-2025 18:00,19.11074,72.86084,SO2,3,22,14
India,Maharashtra,Nagpur,"Ambazari, Nagpur - MPCB",27-11-2025 18:00,21.121801,79.04952,NO2,14,86,39
India,Maharashtra,Nagpur,"Ambazari, Nagpur - MPCB",27-11-2025 18:00,21.121801,79.04952,NH3,3,15,7
India,Maharashtra,Nagpur,"Mahal, Nagpur - MPCB",27-11-2025 18:00,21.14472,79.107595,PM2.5,145,242,196
India,Maharashtra,Nagpur,"Mahal, Nagpur - MPCB",27-11-2025 18:00,21.14472,79.107595,NO2,33,69,50
India,Maharashtra,Nagpur,"Mahal, Nagpur - MPCB",27-11-2025 18:00,21.14472,79.107595,CO,43,103,65
India,Maharashtra,Nagpur,"Opp GPO Civil Lines, Nagpur - MPCB",27-11-2025 18:00,21.152875,79.0517531,SO2,3,108,24
India,Maharashtra,Nagpur,"Ram Nagar, Nagpur - MPCB",27-11-2025 18:00,21.143383,79.048912,PM10,140,170,153
India,Maharashtra,Jalna,"Old MIDC, Jalna - MPCB",27-11-2025 18:00,19.854616,75.905894,OZONE,20,98,88
India,Maharashtra,Kalyan,"Khadakpada, Kalyan - MPCB",27-11-2025 18:00,19.25292,73.142019,CO,68,101,70
India,Maharashtra,Kolhapur,"Shivaji University, Kolhapur - MPCB",27-11-2025 18:00,16.6870449,74.2505872,PM2.5,77,237,146
India,Maharashtra,Kolhapur,"Shivaji University, Kolhapur - MPCB",27-11-2025 18:00,16.6870449,74.2505872,SO2,NA,NA,NA
India,Maharashtra,Kolhapur,"Shivaji University, Kolhapur - MPCB",27-11-2025 18:00,16.6870449,74.2505872,CO,NA,NA,NA
India,Maharashtra,Kolhapur,"Sinchan Bhavan, Kolhapur - MPCB",27-11-2025 18:00,16.7143745,74.2426398,PM2.5,NA,NA,NA
India,Maharashtra,Kolhapur,"Sinchan Bhavan, Kolhapur - MPCB",27-11-2025 18:00,16.7143745,74.2426398,CO,27,99,39
India,Maharashtra,Mumbai,"Ghatkopar, Mumbai - BMC",27-11-2025 18:00,19.083694,72.920967,CO,15,60,24
India,Maharashtra,Mumbai,"Kherwadi_Bandra East, Mumbai - MPCB",27-11-2025 18:00,19.0632143,72.8456324,NH3,8,15,11
India,Maharashtra,Mumbai,"Khindipada-Bhandup West, Mumbai - IITM",27-11-2025 18:00,19.1653323,72.922099,PM10,98,172,132
India,Maharashtra,Mumbai,"Khindipada-Bhandup West, Mumbai - IITM",27-11-2025 18:00,19.1653323,72.922099,NO2,13,46,24
India,Maharashtra,Mumbai,"Khindipada-Bhandup West, Mumbai - IITM",27-11-2025 18:00,19.1653323,72.922099,SO2,3,19,9
India,Maharashtra,Mumbai,"Khindipada-Bhandup West, Mumbai - IITM",27-11-2025 18:00,19.1653323,72.922099,OZONE,22,76,53
India,Maharashtra,Mumbai,"Sion, Mumbai - MPCB",27-11-2025 18:00,19.047,72.8746,PM2.5,46,290,126
India,Maharashtra,Mumbai,"Sion, Mumbai - MPCB",27-11-2025 18:00,19.047,72.8746,NH3,5,7,6
India,Maharashtra,Mumbai,"Sion, Mumbai - MPCB",27-11-2025 18:00,19.047,72.8746,CO,10,18,12
India,Maharashtra,Mumbai,"Vile Parle West, Mumbai - MPCB",27-11-2025 18:00,19.10861,72.83622,PM10,102,196,158
India,Maharashtra,Mumbai,"Worli, Mumbai - MPCB",27-11-2025 18:00,18.9936162,72.8128113,NO2,3,17,8
India,Maharashtra,Mumbai,"Worli, Mumbai - MPCB",27-11-2025 18:00,18.9936162,72.8128113,NH3,1,3,1
India,Maharashtra,Mumbai,"Navy Nagar-Colaba, Mumbai - IITM",27-11-2025 18:00,18.897756,72.81332,PM2.5,109,276,202
India,Maharashtra,Mumbai,"Navy Nagar-Colaba, Mumbai - IITM",27-11-2025 18:00,18.897756,72.81332,NO2,27,183,81
India,Maharashtra,Mumbai,"Navy Nagar-Colaba, Mumbai - IITM",27-11-2025 18:00,18.897756,72.81332,CO,15,60,26
India,Maharashtra,Mumbai,"Powai, Mumbai - MPCB",27-11-2025 18:00,19.1375,72.915056,CO,18,18,18
India,Maharashtra,Mumbai,"Sewri, Mumbai - BMC",27-11-2025 18:00,19.000084,72.85673,PM2.5,1,55,8
India,Maharashtra,Mumbai,"Sewri, Mumbai - BMC",27-11-2025 18:00,19.000084,72.85673,NO2,1,9,3
India,Maharashtra,Mumbai,"Kurla, Mumbai - MPCB",27-11-2025 18:00,19.0863,72.8888,NH3,2,2,2
India,Maharashtra,Mumbai,"Mazgaon, Mumbai - IITM",27-11-2025 18:00,18.96702,72.84214,PM2.5,66,320,236
India,Maharashtra,Mumbai,"Mazgaon, Mumbai - IITM",27-11-2025 18:00,18.96702,72.84214,NH3,10,21,16
India,Maharashtra,Mumbai,"Mazgaon, Mumbai - IITM",27-11-2025 18:00,18.96702,72.84214,OZONE,4,88,51
India,Maharashtra,Mumbai,"Mindspace-Malad West, Mumbai - MPCB",27-11-2025 18:00,19.1878657,72.8304069,SO2,14,15,15
India,Maharashtra,Mumbai,"Chhatrapati Shivaji Intl. Airport (T2), Mumbai - MPCB",27-11-2025 18:00,19.10078,72.87462,PM2.5,NA,NA,NA
India,Maharashtra,Mumbai,"Chhatrapati Shivaji Intl. Airport (T2), Mumbai - MPCB",27-11-2025 18:00,19.10078,72.87462,PM10,NA,NA,NA
India,Maharashtra,Mumbai,"Deonar, Mumbai - IITM",27-11-2025 18:00,19.04946,72.923,PM10,125,323,218
India,Maharashtra,Mumbai,"Deonar, Mumbai - IITM",27-11-2025 18:00,19.04946,72.923,OZONE,1,40,29
India,Maharashtra,Pune,"Transport Nagar-Nigdi, Pune - IITM",27-11-2025 18:00,18.664282,73.763966,PM10,113,164,136
India,Maharashtra,Pune,"Transport Nagar-Nigdi, Pune - IITM",27-11-2025 18:00,18.664282,73.763966,CO,47,85,70
India,Maharashtra,Sangli,"Vijay Nagar, Sangli - MPCB",27-11-2025 18:00,16.5038,74.3623,PM10,126,209,158
India,Maharashtra,Sangli,"Vijay Nagar, Sangli - MPCB",27-11-2025 18:00,16.5038,74.3623,CO,32,66,33
India,Maharashtra,Solapur,"Dnyaneshwar Nagar, Solapur - MPCB",27-11-2025 18:00,17.6336264,75.9132495,NH3,6,27,9
India,Maharashtra,Solapur,"Dnyaneshwar Nagar, Solapur - MPCB",27-11-2025 18:00,17.6336264,75.9132495,SO2,1,19,5
India,Maharashtra,Solapur,"Dnyaneshwar Nagar, Solapur - MPCB",27-11-2025 18:00,17.6336264,75.9132495,CO,16,36,20
India,Maharashtra,Solapur,"Ratandeep Housing Society, Solapur - MPCB",27-11-2025 18:00,17.65439,75.90649,NO2,20,80,37
India,Maharashtra,Thane,"Kasarvadavali, Thane - MPCB",27-11-2025 18:00,19.26777,72.97182,PM10,54,104,83
India,Maharashtra,Thane,"Kasarvadavali, Thane - MPCB",27-11-2025 18:00,19.26777,72.97182,NO2,12,92,43
India,Maharashtra,Nanded,"Sneh Nagar, Nanded - MPCB",27-11-2025 18:00,19.173852,77.296291,PM10,120,167,137
India,Maharashtra,Nanded,"Sneh Nagar, Nanded - MPCB",27-11-2025 18:00,19.173852,77.296291,NO2,7,28,14
India,Maharashtra,Nashik,"Hirawadi, Nashik - MPCB",27-11-2025 18:00,20.021503,73.813844,PM2.5,64,138,89
India,Maharashtra,Nashik,"Hirawadi, Nashik - MPCB",27-11-2025 18:00,20.021503,73.813844,PM10,91,132,109
India,Maharashtra,Nashik,"MIDC Ambad, Nashik - MPCB",27-11-2025 18:00,19.95022,73.73148,PM2.5,59,101,81
India,Maharashtra,Nashik,"MIDC Ambad, Nashik - MPCB",27-11-2025 18:00,19.95022,73.73148,NO2,11,52,29
India,Maharashtra,Nashik,"MIDC Ambad, Nashik - MPCB",27-11-2025 18:00,19.95022,73.73148,NH3,8,12,10
India,Maharashtra,Nashik,"MIDC Ambad, Nashik - MPCB",27-11-2025 18:00,19.95022,73.73148,CO,12,18,18
India,Maharashtra,Nashik,"Pandav Nagari, Nashik - MPCB",27-11-2025 18:00,19.9591346,73.7788008,PM10,59,129,95
India,Maharashtra,Pimpri-Chinchwad,"Park Street Wakad, Pimpri Chinchwad - MPCB",27-11-2025 18:00,18.59051,73.77946,CO,20,116,29
India,Maharashtra,Pimpri-Chinchwad,"Savta Mali Nagar, Pimpri-Chinchwad - IITM",27-11-2025 18:00,18.614767,73.799516,PM10,97,208,137
India,Maharashtra,Pimpri-Chinchwad,"Savta Mali Nagar, Pimpri-Chinchwad - IITM",27-11-2025 18:00,18.614767,73.799516,OZONE,2,61,48
India,Maharashtra,Pimpri-Chinchwad,"Thergaon, Pimpri Chinchwad - MPCB",27-11-2025 18:00,18.616318,73.765797,NO2,20,55,29
India,Maharashtra,Pune,"Bhumkar Nagar, Pune - IITM",27-11-2025 18:00,18.60577,73.749976,CO,38,115,51
India,Maharashtra,Pune,"Hadapsar, Pune - IITM",27-11-2025 18:00,18.501793,73.927532,CO,6,64,17
India,Mizoram,Aizawl,"Sikulpuikawn, Aizawl - Mizoram PCB",27-11-2025 18:00,23.7176342,92.7192841,PM10,34,36,35
India,Nagaland,Kohima,"PWD Junction, Kohima - NPCB",27-11-2025 18:00,25.6635413,94.0989878,PM10,9,179,56
India,Nagaland,Kohima,"PWD Junction, Kohima - NPCB",27-11-2025 18:00,25.6635413,94.0989878,NH3,1,1,1
India,Odisha,Balasore,"Kalidaspur, Balasore - OSPCB",27-11-2025 18:00,21.51161,86.89088,PM10,95,356,134
India,Odisha,Balasore,"Kalidaspur, Balasore - OSPCB",27-11-2025 18:00,21.51161,86.89088,NO2,9,87,24
India,Odisha,Barbil,"Forest Office, Barbil - OSPCB",27-11-2025 18:00,22.1166054,85.3945546,PM2.5,75,363,189
India,Odisha,Barbil,"Forest Office, Barbil - OSPCB",27-11-2025 18:00,22.1166054,85.3945546,SO2,6,25,12
India,Odisha,Bhubaneswar,"Lingraj Mandir, Bhubaneswar - OSPCB",27-11-2025 18:00,20.24079,85.836784,PM2.5,157,457,291
India,Odisha,Bhubaneswar,"Lingraj Mandir, Bhubaneswar - OSPCB",27-11-2025 18:00,20.24079,85.836784,PM10,103,386,155
India,Odisha,Bhubaneswar,"Patia, Bhubaneswar - OSPCB",27-11-2025 18:00,20.34652,85.8163,OZONE,4,131,105
India,Odisha,Bileipada,"Tata Township, Bileipada - OSPCB",27-11-2025 18:00,22.06156703,85.47409613,PM2.5,74,88,82
India,Odisha,Bileipada,"Tata Township, Bileipada - OSPCB",27-11-2025 18:00,22.06156703,85.47409613,PM10,100,153,115
India,Maharashtra,Navi Mumbai,"Kopripada-Vashi, Navi Mumbai - MPCB",27-11-2025 18:00,19.090337,73.014232,PM10,85,195,134
India,Maharashtra,Navi Mumbai,"Mahape, Navi Mumbai - MPCB",27-11-2025 18:00,19.1135051,73.008978,PM2.5,18,33,26
India,Maharashtra,Navi Mumbai,"Mahape, Navi Mumbai - MPCB",27-11-2025 18:00,19.1135051,73.008978,NH3,3,3,3
India,Maharashtra,Navi Mumbai,"Nerul, Navi Mumbai - MPCB",27-11-2025 18:00,19.008751,73.01662,NO2,34,38,36
India,Maharashtra,Navi Mumbai,"Nerul, Navi Mumbai - MPCB",27-11-2025 18:00,19.008751,73.01662,SO2,NA,NA,NA
India,Maharashtra,Parbhani,"Masoom Colony, Parbhani - MPCB",27-11-2025 18:00,19.265594,76.761463,SO2,3,8,6
India,Maharashtra,Parbhani,"Masoom Colony, Parbhani - MPCB",27-11-2025 18:00,19.265594,76.761463,OZONE,10,10,10
India,Maharashtra,Pimpri-Chinchwad,"Gavalinagar, Pimpri Chinchwad - MPCB",27-11-2025 18:00,18.63673,73.82487,PM2.5,80,262,143
India,Maharashtra,Pimpri-Chinchwad,"Gavalinagar, Pimpri Chinchwad - MPCB",27-11-2025 18:00,18.63673,73.82487,SO2,1,3,2
India,Maharashtra,Thane,"Upvan Fort, Thane - MPCB",27-11-2025 18:00,19.222279,72.957979,PM2.5,37,312,206
India,Maharashtra,Thane,"Upvan Fort, Thane - MPCB",27-11-2025 18:00,19.222279,72.957979,NO2,19,62,39
India,Maharashtra,Virar,"Bolinj, Virar - MPCB",27-11-2025 18:00,19.445821,72.7988231,OZONE,4,88,43
India,Maharashtra,Pune,"Katraj Dairy, Pune - MPCB",27-11-2025 18:00,18.45445,73.854155,PM10,77,125,109
India,Maharashtra,Pune,"Katraj Dairy, Pune - MPCB",27-11-2025 18:00,18.45445,73.854155,NH3,2,12,5
India,Maharashtra,Pune,"Panchawati_Pashan, Pune - IITM",27-11-2025 18:00,18.536457,73.805454,CO,1,17,11
India,Punjab,Bathinda,"Hardev Nagar, Bathinda - PPCB",27-11-2025 18:00,30.233011,74.907758,CO,77,79,78
India,Punjab,Jalandhar,"Civil Line, Jalandhar - PPCB",27-11-2025 18:00,31.321907,75.578914,PM2.5,69,130,94
India,Punjab,Jalandhar,"Civil Line, Jalandhar - PPCB",27-11-2025 18:00,31.321907,75.578914,NO2,35,41,39
India,Punjab,Ludhiana,"Punjab Agricultural University, Ludhiana - PPCB",27-11-2025 18:00,30.9028,75.8086,PM10,118,152,124
India,Punjab,Ludhiana,"Punjab Agricultural University, Ludhiana - PPCB",27-11-2025 18:00,30.9028,75.8086,OZONE,11,29,16
India,Punjab,Mandi Gobindgarh,"RIMT University, Mandi Gobindgarh - PPCB",27-11-2025 18:00,30.649961,76.331442,PM2.5,87,149,115
India,Punjab,Mandi Gobindgarh,"RIMT University, Mandi Gobindgarh - PPCB",27-11-2025 18:00,30.649961,76.331442,SO2,6,13,9
India,Punjab,Mandi Gobindgarh,"RIMT University, Mandi Gobindgarh - PPCB",27-11-2025 18:00,30.649961,76.331442,OZONE,33,44,36
India,Punjab,Rupnagar,"Ratanpura, Rupnagar - Ambuja Cements",27-11-2025 18:00,31.0325454,76.5623046,PM2.5,9,27,14
India,Rajasthan,Ajmer,"Civil Lines,  Ajmer - RSPCB",27-11-2025 18:00,26.470859,74.646594,PM2.5,81,144,109
India,Rajasthan,Ajmer,"Civil Lines,  Ajmer - RSPCB",27-11-2025 18:00,26.470859,74.646594,PM10,109,150,125
India,Rajasthan,Ajmer,"Civil Lines,  Ajmer - RSPCB",27-11-2025 18:00,26.470859,74.646594,NH3,4,4,4
India,Rajasthan,Alwar,"Moti Doongri, Alwar - RSPCB",27-11-2025 18:00,27.554793,76.611536,CO,29,92,60
India,Rajasthan,Alwar,"Moti Doongri, Alwar - RSPCB",27-11-2025 18:00,27.554793,76.611536,OZONE,14,38,33
India,Rajasthan,Banswara,"Rati Talai, Banswara - RSPCB",27-11-2025 18:00,23.55519,74.44001,PM2.5,75,196,118
India,Odisha,Rairangpur,"Divisional Forest Office, Rairangpur - OSPCB",27-11-2025 18:00,22.265816,86.174829,NO2,10,10,10
India,Odisha,Rairangpur,"Divisional Forest Office, Rairangpur - OSPCB",27-11-2025 18:00,22.265816,86.174829,SO2,6,101,35
India,Odisha,Rourkela,"Fertilizer Township, Rourkela - OSPCB",27-11-2025 18:00,22.18972222,84.86277778,PM10,87,102,91
India,Odisha,Rourkela,"Fertilizer Township, Rourkela - OSPCB",27-11-2025 18:00,22.18972222,84.86277778,SO2,9,10,9
India,Odisha,Rourkela,"Fertilizer Township, Rourkela - OSPCB",27-11-2025 18:00,22.18972222,84.86277778,CO,15,66,28
India,Odisha,Rourkela,"Raghunathpali, Rourkela - OSPCB",27-11-2025 18:00,22.220833,84.809444,SO2,NA,NA,NA
India,Odisha,Rourkela,"Raghunathpali, Rourkela - OSPCB",27-11-2025 18:00,22.220833,84.809444,CO,24,101,38
India,Odisha,Rourkela,"Raghunathpali, Rourkela - OSPCB",27-11-2025 18:00,22.220833,84.809444,OZONE,5,20,11
India,Rajasthan,Dholpur,"Raja Ganj, Dholpur - RSPCB",27-11-2025 18:00,26.699557,77.898881,CO,10,146,38
India,Rajasthan,Dungarpur,"Bhoiwada, Dungarpur - RSPCB",27-11-2025 18:00,23.837789,73.714926,PM2.5,200,287,235
India,Rajasthan,Dungarpur,"Bhoiwada, Dungarpur - RSPCB",27-11-2025 18:00,23.837789,73.714926,SO2,1,15,5
India,Rajasthan,Hanumangarh,"Housing Board, Hanumangarh - RSPCB",27-11-2025 18:00,29.61075,74.283608,NH3,10,16,12
India,Rajasthan,Jaipur,"Adarsh Nagar, Jaipur - RSPCB",27-11-2025 18:00,26.902909,75.836858,OZONE,54,85,78
India,Rajasthan,Jaipur,"Mansarovar Sector-12, Jaipur - RSPCB",27-11-2025 18:00,26.843698,75.766894,SO2,6,11,9
India,Rajasthan,Banswara,"Rati Talai, Banswara - RSPCB",27-11-2025 18:00,23.55519,74.44001,NO2,22,118,32
India,Rajasthan,Banswara,"Rati Talai, Banswara - RSPCB",27-11-2025 18:00,23.55519,74.44001,SO2,6,34,9
India,Rajasthan,Baran,"Bamboliya, Baran - RSPCB",27-11-2025 18:00,25.106006,76.469948,PM10,50,117,82
India,Rajasthan,Barmer,"Railway Colony, Barmer - RSPCB",27-11-2025 18:00,25.747299,71.393989,NH3,6,16,8
India,Rajasthan,Barmer,"Railway Colony, Barmer - RSPCB",27-11-2025 18:00,25.747299,71.393989,CO,20,113,26
India,Rajasthan,Bhilwara,"Pratap Nagar, Bhilwara - RSPCB",27-11-2025 18:00,25.339605,74.618883,NH3,9,13,10
India,Odisha,Talcher,"Talcher Coalfields,Talcher - OSPCB",27-11-2025 18:00,20.9360711,85.1707021,NH3,5,7,6
India,Puducherry,Puducherry,"Jawahar Nagar, Puducherry - PPCC",27-11-2025 18:00,11.9309,79.8027,PM10,72,95,83
India,Punjab,Amritsar,"Golden Temple, Amritsar - PPCB",27-11-2025 18:00,31.62,74.876512,PM2.5,38,197,106
India,Punjab,Bathinda,"Hardev Nagar, Bathinda - PPCB",27-11-2025 18:00,30.233011,74.907758,PM10,NA,NA,NA
India,Odisha,Brajrajnagar,"GM Office, Brajrajnagar - OSPCB",27-11-2025 18:00,21.8004996,83.8396977,PM10,49,181,84
India,Odisha,Brajrajnagar,"GM Office, Brajrajnagar - OSPCB",27-11-2025 18:00,21.8004996,83.8396977,NO2,33,86,58
India,Odisha,Cuttack,"CDA Area, Cuttack - OSPCB",27-11-2025 18:00,20.48891,85.84768,NO2,20,146,60
India,Odisha,Keonjhar,"Jagamohanpur, Keonjhar - OSPCB",27-11-2025 18:00,21.6439,85.599355,SO2,13,26,18
India,Odisha,Keonjhar,"Jagamohanpur, Keonjhar - OSPCB",27-11-2025 18:00,21.6439,85.599355,OZONE,16,19,18
India,Rajasthan,Chittorgarh,"Shastri Nagar, Chittorgarh - RSPCB",27-11-2025 18:00,24.892047,74.623527,CO,22,48,32
India,Rajasthan,Churu,"Subash Chowk, Churu - RSPCB",27-11-2025 18:00,28.296139,74.961696,PM2.5,90,347,208
India,Rajasthan,Dausa,"Khatikan Mohalla, Dausa - RSPCB",27-11-2025 18:00,26.895552,76.334753,SO2,4,13,8
India,Rajasthan,Dausa,"Khatikan Mohalla, Dausa - RSPCB",27-11-2025 18:00,26.895552,76.334753,CO,60,86,69
India,Rajasthan,Bhiwadi,"RIICO Ind. Area III, Bhiwadi - RSPCB",27-11-2025 18:00,28.194909,76.862296,PM10,124,471,292
India,Rajasthan,Bikaner,"MM Ground, Bikaner - RSPCB",27-11-2025 18:00,28.018792,73.292658,PM10,114,348,187
India,Rajasthan,Bundi,"New Colony, Bundi - RSPCB",27-11-2025 18:00,25.435774,75.644272,SO2,2,8,5
India,Rajasthan,Karauli,"Satyawati Vihar, Karauli - RSPCB",27-11-2025 18:00,26.506177,77.025989,NH3,8,12,10
India,Rajasthan,Karauli,"Satyawati Vihar, Karauli - RSPCB",27-11-2025 18:00,26.506177,77.025989,SO2,4,9,6
India,Rajasthan,Kota,"Dhanmandi, Kota - RSPCB",27-11-2025 18:00,25.16409,75.858137,NH3,2,4,3
India,Rajasthan,Kota,"Nayapura, Kota - RSPCB",27-11-2025 18:00,25.196024,75.855668,PM10,85,141,112
India,Rajasthan,Kota,"Nayapura, Kota - RSPCB",27-11-2025 18:00,25.196024,75.855668,OZONE,7,189,123
India,Rajasthan,Kota,"Shrinath Puram, Kota - RSPCB",27-11-2025 18:00,25.14389,75.821256,PM2.5,229,318,275
India,Rajasthan,Kota,"Shrinath Puram, Kota - RSPCB",27-11-2025 18:00,25.14389,75.821256,NH3,3,6,5
India,Rajasthan,Kota,"Shrinath Puram, Kota - RSPCB",27-11-2025 18:00,25.14389,75.821256,OZONE,9,21,14
India,Rajasthan,Nagaur,"Karni Colony, Nagaur - RSPCB",27-11-2025 18:00,27.213494,73.734444,NO2,15,67,27
India,Rajasthan,Nagaur,"Karni Colony, Nagaur - RSPCB",27-11-2025 18:00,27.213494,73.734444,NH3,5,11,8
India,Rajasthan,Pali,"Indira Colony Vistar, Pali - RSPCB",27-11-2025 18:00,25.771061,73.340227,SO2,9,17,12
India,Rajasthan,Pratapgarh,"Pragati Nagar, Pratapgarh - RSPCB",27-11-2025 18:00,24.041198,74.780702,NO2,18,33,25
India,Rajasthan,Pratapgarh,"Pragati Nagar, Pratapgarh - RSPCB",27-11-2025 18:00,24.041198,74.780702,CO,25,42,36
India,Rajasthan,Rajsamand,"Dhoinda, Rajsamand - RSPCB",27-11-2025 18:00,25.03636,73.883502,SO2,6,26,15
India,Rajasthan,Sawai Madhopur,"Sahu Nagar, Sawai Madhopur - RSPCB",27-11-2025 18:00,26.031443,76.359327,PM10,84,264,125
India,Rajasthan,Sawai Madhopur,"Sahu Nagar, Sawai Madhopur - RSPCB",27-11-2025 18:00,26.031443,76.359327,OZONE,5,142,113
India,Rajasthan,Udaipur,"Ashok Nagar, Udaipur - RSPCB",27-11-2025 18:00,24.5886166,73.6321397,CO,20,103,38
India,Sikkim,Gangtok,"Zero Point GICI, Gangtok - SSPCB",27-11-2025 18:00,27.33853,88.614099,PM10,8,37,17
India,Sikkim,Gangtok,"Zero Point GICI, Gangtok - SSPCB",27-11-2025 18:00,27.33853,88.614099,NO2,6,7,6
India,TamilNadu,Ariyalur,"Keelapalur, Ariyalur - TNPCB",27-11-2025 18:00,11.06825,79.07033,PM10,45,93,74
India,TamilNadu,Chennai,"Alandur Bus Depot, Chennai - CPCB",27-11-2025 18:00,12.9099161,80.1076538,OZONE,4,7,6
India,TamilNadu,Chennai,"Arumbakkam, Chennai - TNPCB",27-11-2025 18:00,13.0664,80.2112,PM10,58,500,113
India,Rajasthan,Sikar,"Radhakishan Pura, Sikar - RSPCB",27-11-2025 18:00,27.608912,75.153302,NO2,16,108,36
India,Rajasthan,Sikar,"Radhakishan Pura, Sikar - RSPCB",27-11-2025 18:00,27.608912,75.153302,NH3,7,14,10
India,Rajasthan,Sirohi,"Vedhaynath Colony, Sirohi - RSPCB",27-11-2025 18:00,24.885261,72.857549,PM10,113,176,134
India,Rajasthan,Sirohi,"Vedhaynath Colony, Sirohi - RSPCB",27-11-2025 18:00,24.885261,72.857549,NH3,3,5,4
India,Rajasthan,Sri Ganganagar,"Old City, Sri Ganganagar - RSPCB",27-11-2025 18:00,29.931624,73.864511,PM2.5,25,87,58
India,Rajasthan,Tonk,"Shastri Nagar, Tonk - RSPCB",27-11-2025 18:00,26.159933,75.780517,NH3,8,12,9
India,Rajasthan,Tonk,"Shastri Nagar, Tonk - RSPCB",27-11-2025 18:00,26.159933,75.780517,SO2,3,5,4
India,TamilNadu,Chennai,"Gandhi Nagar_Ennore, Chennai - TNPCB",27-11-2025 18:00,13.218341,80.32027,PM2.5,59,165,107
India,TamilNadu,Chennai,"Gandhi Nagar_Ennore, Chennai - TNPCB",27-11-2025 18:00,13.218341,80.32027,NO2,7,7,7
India,TamilNadu,Chennai,"Manali Village, Chennai - TNPCB",27-11-2025 18:00,13.1662,80.2584,OZONE,22,47,23
India,TamilNadu,Chennai,"Manali, Chennai - CPCB",27-11-2025 18:00,13.164544,80.26285,PM2.5,36,71,53
India,TamilNadu,Chennai,"Perungudi, Chennai - TNPCB",27-11-2025 18:00,12.9533,80.2357,PM2.5,53,170,94
India,TamilNadu,Chennai,"Perungudi, Chennai - TNPCB",27-11-2025 18:00,12.9533,80.2357,SO2,1,7,3
India,TamilNadu,Chennai,"Perungudi, Chennai - TNPCB",27-11-2025 18:00,12.9533,80.2357,CO,30,52,43
India,Rajasthan,Jodhpur,"Collectorate, Jodhpur - RSPCB",27-11-2025 18:00,26.268249,73.0193853,OZONE,78,124,98
India,Rajasthan,Jodhpur,"Digari Kalan, Jodhpur - RSPCB",27-11-2025 18:00,26.29581,73.082283,CO,24,57,42
India,Rajasthan,Jodhpur,"Jhalamand, Jodhpur - RSPCB",27-11-2025 18:00,26.215415,73.070156,PM2.5,75,173,110
India,Rajasthan,Jodhpur,"Samrat Ashok Udhyan, Jodhpur - RSPCB",27-11-2025 18:00,26.253384,72.976571,OZONE,70,191,178
India,Rajasthan,Karauli,"Satyawati Vihar, Karauli - RSPCB",27-11-2025 18:00,26.506177,77.025989,PM2.5,61,226,117
India,Rajasthan,Jaisalmer,"Sadar Bazar, Jaisalmer - RSPCB",27-11-2025 18:00,26.912329,70.909168,OZONE,67,140,99
India,Rajasthan,Jhalawar,"Rajlaxmi Nagar, Jhalawar - RSPCB",27-11-2025 18:00,24.588397,76.172782,CO,32,100,38
India,Rajasthan,Jhunjhunu,"Indra Nagar, Jhunjhunu - RSPCB",27-11-2025 18:00,28.108988,75.386577,NO2,32,134,65
India,Rajasthan,Jodhpur,"Collectorate, Jodhpur - RSPCB",27-11-2025 18:00,26.268249,73.0193853,PM2.5,53,335,156
India,Rajasthan,Jaipur,"RIICO Sitapura, Jaipur - RSPCB",27-11-2025 18:00,26.786682,75.827928,SO2,5,9,7
India,Rajasthan,Jaipur,"RIICO Sitapura, Jaipur - RSPCB",27-11-2025 18:00,26.786682,75.827928,OZONE,6,147,128
India,Rajasthan,Jaipur,"Sector-2 Murlipura, Jaipur - RSPCB",27-11-2025 18:00,26.960669,75.771817,NH3,2,14,5
India,Rajasthan,Jaipur,"Shastri Nagar, Jaipur - RSPCB",27-11-2025 18:00,26.9502929,75.730943,NO2,45,94,65
India,Rajasthan,Jaipur,"Shastri Nagar, Jaipur - RSPCB",27-11-2025 18:00,26.9502929,75.730943,OZONE,57,84,72
India,TamilNadu,Chennai,"Velachery Res. Area, Chennai - CPCB",27-11-2025 18:00,13.0052189,80.2398125,SO2,13,14,14
India,TamilNadu,Coimbatore,"SIDCO Kurichi, Coimbatore - TNPCB",27-11-2025 18:00,10.942451,76.978996,PM10,NA,NA,NA
India,TamilNadu,Coimbatore,"SIDCO Kurichi, Coimbatore - TNPCB",27-11-2025 18:00,10.942451,76.978996,CO,8,42,25
India,TamilNadu,Cuddalore,"Kudikadu, Cuddalore - TNPCB",27-11-2025 18:00,11.6829898,79.7532099,NH3,5,5,5
India,Telangana,Hyderabad,"New Malakpet, Hyderabad - TSPCB",27-11-2025 18:00,17.37206,78.50864,CO,30,39,33
India,Telangana,Hyderabad,"Ramachandrapuram, Hyderabad - TSPCB",27-11-2025 18:00,17.528544,78.286195,PM2.5,25,45,33
India,Telangana,Hyderabad,"Ramachandrapuram, Hyderabad - TSPCB",27-11-2025 18:00,17.528544,78.286195,NO2,8,13,10
India,Telangana,Hyderabad,"Ramachandrapuram, Hyderabad - TSPCB",27-11-2025 18:00,17.528544,78.286195,NH3,2,3,2
India,Telangana,Hyderabad,"Ramachandrapuram, Hyderabad - TSPCB",27-11-2025 18:00,17.528544,78.286195,SO2,11,17,13
India,Telangana,Hyderabad,"Sanathnagar, Hyderabad - TSPCB",27-11-2025 18:00,17.4559458,78.4332152,PM2.5,NA,NA,NA
India,Telangana,Hyderabad,"Sanathnagar, Hyderabad - TSPCB",27-11-2025 18:00,17.4559458,78.4332152,SO2,NA,NA,NA
India,Telangana,Hyderabad,"Somajiguda, Hyderabad - TSPCB",27-11-2025 18:00,17.417094,78.457437,NH3,2,3,3
India,Telangana,Hyderabad,"Somajiguda, Hyderabad - TSPCB",27-11-2025 18:00,17.417094,78.457437,SO2,13,19,17
India,Telangana,Hyderabad,"Zoo Park, Hyderabad - TSPCB",27-11-2025 18:00,17.349694,78.451437,SO2,3,4,4
India,Telangana,Hyderabad,"Bollaram Industrial Area, Hyderabad - TSPCB",27-11-2025 18:00,17.540891,78.358528,OZONE,46,58,54
India,Telangana,Hyderabad,"ECIL Kapra, Hyderabad - TSPCB",27-11-2025 18:00,17.470431,78.566959,PM2.5,42,64,48
India,Telangana,Hyderabad,"ECIL Kapra, Hyderabad - TSPCB",27-11-2025 18:00,17.470431,78.566959,SO2,5,25,12
India,Telangana,Hyderabad,"ECIL Kapra, Hyderabad - TSPCB",27-11-2025 18:00,17.470431,78.566959,CO,29,46,32
India,Telangana,Hyderabad,"ICRISAT Patancheru, Hyderabad - TSPCB",27-11-2025 18:00,17.5184,78.278777,PM2.5,73,187,160
India,Telangana,Hyderabad,"ICRISAT Patancheru, Hyderabad - TSPCB",27-11-2025 18:00,17.5184,78.278777,NO2,5,27,14
India,Telangana,Hyderabad,"ICRISAT Patancheru, Hyderabad - TSPCB",27-11-2025 18:00,17.5184,78.278777,CO,13,66,22
India,Telangana,Hyderabad,"IDA Pashamylaram, Hyderabad - TSPCB",27-11-2025 18:00,17.5316895,78.218939,SO2,NA,NA,NA
India,Telangana,Hyderabad,"IITH Kandi, Hyderabad - TSPCB",27-11-2025 18:00,17.585705,78.126199,PM10,83,92,86
India,Telangana,Hyderabad,"IITH Kandi, Hyderabad - TSPCB",27-11-2025 18:00,17.585705,78.126199,SO2,8,12,10
India,Telangana,Hyderabad,"Kokapet, Hyderabad - TSPCB",27-11-2025 18:00,17.393559,78.339194,NO2,10,14,12
India,Telangana,Hyderabad,"Kokapet, Hyderabad - TSPCB",27-11-2025 18:00,17.393559,78.339194,CO,24,37,30
India,Telangana,Hyderabad,"Kompally Municipal Office, Hyderabad - TSPCB",27-11-2025 18:00,17.544899,78.486949,PM2.5,44,66,55
India,Telangana,Hyderabad,"Kompally Municipal Office, Hyderabad - TSPCB",27-11-2025 18:00,17.544899,78.486949,SO2,8,9,8
India,Telangana,Hyderabad,"New Malakpet, Hyderabad - TSPCB",27-11-2025 18:00,17.37206,78.50864,PM10,82,116,92
India,Tripura,Agartala,"Bardowali, Agartala - Tripura SPCB",27-11-2025 18:00,23.8175497,91.2726974,OZONE,1,7,4
India,Uttar_Pradesh,Agra,"Manoharpur, Agra - UPPCB",27-11-2025 18:00,27.23711,78.01936,SO2,43,62,49
India,Uttar_Pradesh,Agra,"Rohta, Agra - UPPCB",27-11-2025 18:00,27.106972,78.000111,SO2,15,56,35
India,Uttar_Pradesh,Agra,"Sanjay Palace, Agra - UPPCB",27-11-2025 18:00,27.19865833,78.00598056,NO2,4,32,16
India,Uttar_Pradesh,Agra,"Sector-3B Avas Vikas Colony, Agra - UPPCB",27-11-2025 18:00,27.19412,77.96237,NO2,28,33,29
India,TamilNadu,Perundurai,"SIPCOT Industrial Park, Perundurai - TNPCB",27-11-2025 18:00,11.258242,77.552761,OZONE,4,15,14
India,TamilNadu,Ramanathapuram,"Chalai Bazaar, Ramanathapuram - TNPCB",27-11-2025 18:00,9.36399,78.831977,NO2,3,5,4
India,TamilNadu,Salem,"Sona College of Technology, Salem - TNPCB",27-11-2025 18:00,11.679111,78.125052,PM2.5,55,220,115
India,TamilNadu,Salem,"Sona College of Technology, Salem - TNPCB",27-11-2025 18:00,11.679111,78.125052,SO2,71,91,75
India,TamilNadu,Salem,"Sona College of Technology, Salem - TNPCB",27-11-2025 18:00,11.679111,78.125052,CO,12,13,12
India,TamilNadu,Salem,"Sona College of Technology, Salem - TNPCB",27-11-2025 18:00,11.679111,78.125052,OZONE,5,5,5
India,Uttar_Pradesh,Agra,"Shahjahan Garden, Agra - UPPCB",27-11-2025 18:00,27.169338,78.03582,NO2,20,21,20
India,Uttar_Pradesh,Agra,"Shahjahan Garden, Agra - UPPCB",27-11-2025 18:00,27.169338,78.03582,SO2,12,23,18
India,Uttar_Pradesh,Agra,"Shahjahan Garden, Agra - UPPCB",27-11-2025 18:00,27.169338,78.03582,CO,14,104,21
India,Uttar_Pradesh,Agra,"Shastripuram, Agra - UPPCB",27-11-2025 18:00,27.19862,77.92066,PM2.5,40,315,105
India,Uttar_Pradesh,Agra,"Shastripuram, Agra - UPPCB",27-11-2025 18:00,27.19862,77.92066,PM10,111,434,188
India,Uttar_Pradesh,Baghpat,"Sardar Patel Inter College, Baghpat - UPPCB",27-11-2025 18:00,28.964949,77.278761,NO2,55,111,80
India,TamilNadu,Gummidipoondi,"Anthoni Pillai Nagar, Gummidipoondi - TNPCB",27-11-2025 18:00,13.4127,80.1081,SO2,23,31,28
India,TamilNadu,Karur,"Kamadenu Nagar, Karur - TNPCB",27-11-2025 18:00,10.96782,78.080882,SO2,NA,NA,NA
India,TamilNadu,Madurai,"Uchapatti, Madurai - TNPCB",27-11-2025 18:00,9.865935,78.022669,NH3,4,4,4
India,TamilNadu,Ooty,"Bombay Castel, Ooty - TNPCB",27-11-2025 18:00,11.4068288,76.7138973,NO2,2,4,3
India,TamilNadu,Thoothukudi,"Meelavittan, Thoothukudi - TNPCB",27-11-2025 18:00,8.816428,78.099039,CO,22,90,29
India,TamilNadu,Tirunelveli,"Municipal Corporation Office, Tirunelveli - TNPCB",27-11-2025 18:00,8.728442,77.6962,CO,20,41,34
India,TamilNadu,Virudhunagar,"Collectorate Office, Virudhunagar - TNPCB",27-11-2025 18:00,9.559382,77.948828,PM2.5,64,105,83
India,Uttar_Pradesh,Bareilly,"Rajendra Nagar, Bareilly - UPPCB",27-11-2025 18:00,28.38910936,79.42963708,PM2.5,21,90,59
India,Uttar_Pradesh,Bareilly,"Rajendra Nagar, Bareilly - UPPCB",27-11-2025 18:00,28.38910936,79.42963708,PM10,35,140,100
India,Uttar_Pradesh,Firozabad,"Vibhab Nagar, Firozabad - UPPCB",27-11-2025 18:00,27.1594,78.3953,PM10,NA,NA,NA
India,Uttar_Pradesh,Firozabad,"Vibhab Nagar, Firozabad - UPPCB",27-11-2025 18:00,27.1594,78.3953,NH3,2,2,2
India,Uttar_Pradesh,Kanpur,"FTI Kidwai Nagar, Kanpur - UPPCB",27-11-2025 18:00,26.428282,80.327067,PM2.5,24,330,121
India,Uttar_Pradesh,Kanpur,"FTI Kidwai Nagar, Kanpur - UPPCB",27-11-2025 18:00,26.428282,80.327067,NO2,25,25,25
India,Uttar_Pradesh,Kanpur,"NSI Kalyanpur, Kanpur - UPPCB",27-11-2025 18:00,26.509954,80.249612,NO2,22,23,22
India,Uttar_Pradesh,Kanpur,"NSI Kalyanpur, Kanpur - UPPCB",27-11-2025 18:00,26.509954,80.249612,NH3,3,3,3
India,Uttar_Pradesh,Kanpur,"NSI Kalyanpur, Kanpur - UPPCB",27-11-2025 18:00,26.509954,80.249612,SO2,17,62,20
India,Uttar_Pradesh,Kanpur,"Nehru Nagar, Kanpur - UPPCB",27-11-2025 18:00,26.4703136,80.3229863,PM2.5,40,240,107
India,Uttar_Pradesh,Kanpur,"Nehru Nagar, Kanpur - UPPCB",27-11-2025 18:00,26.4703136,80.3229863,PM10,36,136,81
India,Uttar_Pradesh,Kanpur,"Nehru Nagar, Kanpur - UPPCB",27-11-2025 18:00,26.4703136,80.3229863,NO2,16,46,27
India,Uttar_Pradesh,Kanpur,"Nehru Nagar, Kanpur - UPPCB",27-11-2025 18:00,26.4703136,80.3229863,OZONE,6,12,10
India,Uttar_Pradesh,Lucknow,"Kukrail Picnic Spot-1, Lucknow - UPPCB",27-11-2025 18:00,26.90723,80.98579,CO,10,20,13
India,Uttar_Pradesh,Lucknow,"Lalbagh, Lucknow - CPCB",27-11-2025 18:00,26.8458805,80.9365541,CO,8,116,25
India,Uttar_Pradesh,Lucknow,"Talkatora District Industries Center, Lucknow - CPCB",27-11-2025 18:00,26.83399722,80.8917361,PM10,66,361,160
India,Uttar_Pradesh,Meerut,"Ganga Nagar, Meerut - UPPCB",27-11-2025 18:00,28.999264,77.7590354,PM10,104,464,307
India,Uttar_Pradesh,Meerut,"Ganga Nagar, Meerut - UPPCB",27-11-2025 18:00,28.999264,77.7590354,NO2,30,132,69
India,Uttar_Pradesh,Meerut,"Jai Bhim Nagar, Meerut - UPPCB",27-11-2025 18:00,28.9535882,77.7622941,NH3,22,46,34
India,Uttar_Pradesh,Greater Noida,"Knowledge Park - III, Greater Noida - UPPCB",27-11-2025 18:00,28.47272,77.482,NO2,28,174,81
India,Uttar_Pradesh,Greater Noida,"Knowledge Park - III, Greater Noida - UPPCB",27-11-2025 18:00,28.47272,77.482,SO2,6,32,22
India,Uttar_Pradesh,Greater Noida,"Knowledge Park - V, Greater Noida - UPPCB",27-11-2025 18:00,28.557054,77.453663,NH3,19,34,25
India,Uttar_Pradesh,Hapur,"Anand Vihar, Hapur - UPPCB",27-11-2025 18:00,28.725645,77.749675,NH3,4,8,6
India,Uttar_Pradesh,Hapur,"Anand Vihar, Hapur - UPPCB",27-11-2025 18:00,28.725645,77.749675,SO2,13,55,28
India,Uttar_Pradesh,Hapur,"Anand Vihar, Hapur - UPPCB",27-11-2025 18:00,28.725645,77.749675,CO,30,108,56
India,Uttar_Pradesh,Jhansi,"Shivaji Nagar, Jhansi - UPPCB",27-11-2025 18:00,25.4547,78.6039,PM10,39,79,60
India,Uttar_Pradesh,Noida,"Sector - 125, Noida - UPPCB",27-11-2025 18:00,28.5447608,77.3231257,PM10,144,466,303
India,Uttar_Pradesh,Noida,"Sector - 125, Noida - UPPCB",27-11-2025 18:00,28.5447608,77.3231257,SO2,8,20,15
India,Uttar_Pradesh,Noida,"Sector - 62, Noida - IMD",27-11-2025 18:00,28.6245479,77.3577104,PM10,145,430,303
India,Uttar_Pradesh,Noida,"Sector-1, Noida - UPPCB",27-11-2025 18:00,28.5898,77.3101,CO,14,158,47
India,Uttar_Pradesh,Noida,"Sector-116, Noida - UPPCB",27-11-2025 18:00,28.56923,77.393848,NH3,6,12,9
India,Uttar_Pradesh,Noida,"Sector-116, Noida - UPPCB",27-11-2025 18:00,28.56923,77.393848,SO2,11,47,23
India,Uttar_Pradesh,Prayagraj,"Jhunsi, Prayagraj - UPPCB",27-11-2025 18:00,25.425602,81.917152,NH3,5,5,5
India,Uttar_Pradesh,Lucknow,"B R Ambedkar University, Lucknow - UPPCB",27-11-2025 18:00,26.766433,80.927299,SO2,24,24,24
India,Uttar_Pradesh,Lucknow,"Gomti Nagar, Lucknow - UPPCB",27-11-2025 18:00,26.86812,81.005119,CO,30,38,37
India,Uttar_Pradesh,Lucknow,"Kendriya Vidyalaya, Lucknow - CPCB",27-11-2025 18:00,26.906111,80.948222,PM10,11,224,140
India,Uttar_Pradesh,Lucknow,"Kendriya Vidyalaya, Lucknow - CPCB",27-11-2025 18:00,26.906111,80.948222,NO2,23,44,36
India,Uttar_Pradesh,Lucknow,"Kendriya Vidyalaya, Lucknow - CPCB",27-11-2025 18:00,26.906111,80.948222,NH3,12,17,15
India,Uttar_Pradesh,Lucknow,"Kukrail Picnic Spot-1, Lucknow - UPPCB",27-11-2025 18:00,26.90723,80.98579,NO2,31,33,32
India,Uttar_Pradesh,Meerut,"Pallavpuram Phase 2, Meerut - UPPCB",27-11-2025 18:00,29.06351,77.709723,PM2.5,77,376,284
India,Uttar_Pradesh,Meerut,"Pallavpuram Phase 2, Meerut - UPPCB",27-11-2025 18:00,29.06351,77.709723,OZONE,1,133,97
India,Uttar_Pradesh,Moradabad,"Eco Herbal Park, Moradabad - UPPCB",27-11-2025 18:00,28.840739,78.697531,NO2,7,12,10
India,Uttar_Pradesh,Moradabad,"Employment Office, Moradabad - UPPCB",27-11-2025 18:00,28.88528,78.7388,PM2.5,32,303,130
India,Uttar_Pradesh,Moradabad,"Jigar Colony, Moradabad - UPPCB",27-11-2025 18:00,28.856664,78.772638,PM2.5,45,131,80
India,Uttar_Pradesh,Moradabad,"Kashiram Nagar, Moradabad - UPPCB",27-11-2025 18:00,28.849399,78.742362,NH3,4,4,4
India,Uttar_Pradesh,Moradabad,"Transport Nagar, Moradabad - UPPCB",27-11-2025 18:00,28.802625,78.753728,SO2,32,41,36
India,Uttar_Pradesh,Prayagraj,"Nagar Nigam, Prayagraj - UPPCB",27-11-2025 18:00,25.44919916,81.82735986,NO2,5,5,5
India,Uttar_Pradesh,Prayagraj,"Nagar Nigam, Prayagraj - UPPCB",27-11-2025 18:00,25.44919916,81.82735986,SO2,35,114,52
India,Uttar_Pradesh,Varanasi,"Bhelupur, Varanasi - UPPCB",27-11-2025 18:00,25.301778,82.996789,CO,24,106,33
India,Uttar_Pradesh,Ghaziabad,"Indirapuram, Ghaziabad - UPPCB",27-11-2025 18:00,28.646233,77.358075,NH3,8,12,10
India,Uttar_Pradesh,Ghaziabad,"Loni, Ghaziabad - UPPCB",27-11-2025 18:00,28.757294,77.278792,CO,44,157,69
India,Uttar_Pradesh,Ghaziabad,"Loni, Ghaziabad - UPPCB",27-11-2025 18:00,28.757294,77.278792,OZONE,1,66,46
India,Uttar_Pradesh,Varanasi,"IESD Banaras Hindu University, Varanasi - UPPCB",27-11-2025 18:00,25.262326,82.995408,PM10,76,159,133
India,Uttar_Pradesh,Varanasi,"IESD Banaras Hindu University, Varanasi - UPPCB",27-11-2025 18:00,25.262326,82.995408,NH3,1,5,2
India,Uttar_Pradesh,Varanasi,"IESD Banaras Hindu University, Varanasi - UPPCB",27-11-2025 18:00,25.262326,82.995408,SO2,27,33,30
India,Uttar_Pradesh,Varanasi,"Maldahiya, Varanasi - UPPCB",27-11-2025 18:00,25.32393,82.99687,NO2,1,2,2
India,Uttar_Pradesh,Varanasi,"Maldahiya, Varanasi - UPPCB",27-11-2025 18:00,25.32393,82.99687,OZONE,1,4,3
India,Uttar_Pradesh,Vrindavan,"Omex Eternity, Vrindavan - UPPCB",27-11-2025 18:00,27.571409,77.655757,PM10,63,378,133
India,Uttar_Pradesh,Vrindavan,"Omex Eternity, Vrindavan - UPPCB",27-11-2025 18:00,27.571409,77.655757,CO,32,102,48
India,Uttarakhand,Kashipur,"Govt. Girls Inter College, Kashipur - UKPCB",27-11-2025 18:00,29.2124114,78.9611753,PM2.5,52,160,89
India,Uttarakhand,Kashipur,"Govt. Girls Inter College, Kashipur - UKPCB",27-11-2025 18:00,29.2124114,78.9611753,NO2,9,45,17
India,Uttarakhand,Rishikesh,"Shivaji Nagar, Rishikesh - UKPCB",27-11-2025 18:00,30.075911,78.2859547,PM2.5,34,76,52
India,Uttarakhand,Rishikesh,"Shivaji Nagar, Rishikesh - UKPCB",27-11-2025 18:00,30.075911,78.2859547,NO2,18,26,20
India,Uttarakhand,Rishikesh,"Shivaji Nagar, Rishikesh - UKPCB",27-11-2025 18:00,30.075911,78.2859547,NH3,5,13,8
India,Uttarakhand,Rishikesh,"Shivaji Nagar, Rishikesh - UKPCB",27-11-2025 18:00,30.075911,78.2859547,OZONE,5,5,5
India,West_Bengal,Asansol,"Asansol Court Area, Asansol - WBPCB",27-11-2025 18:00,23.685297,86.945968,PM10,63,144,109
India,West_Bengal,Asansol,"Asansol Court Area, Asansol - WBPCB",27-11-2025 18:00,23.685297,86.945968,NO2,14,28,22
India,West_Bengal,Asansol,"Evelyn Lodge, Asansol - WBPCB",27-11-2025 18:00,23.697936,86.944395,PM2.5,47,223,130
India,West_Bengal,Asansol,"Evelyn Lodge, Asansol - WBPCB",27-11-2025 18:00,23.697936,86.944395,PM10,55,148,107
India,West_Bengal,Asansol,"Mahabir Colliery, Asansol - WBPCB",27-11-2025 18:00,23.618183,87.105718,NH3,NA,NA,NA
India,West_Bengal,Asansol,"Trivenidevi Bhalotia College, Asansol - WBPCB",27-11-2025 18:00,23.616515,87.119133,PM2.5,37,176,104
India,West_Bengal,Barrackpore,"SVSPA Campus, Barrackpore - WBPCB",27-11-2025 18:00,22.7605581,88.3617589,NH3,6,11,9
India,West_Bengal,Durgapur,"Mahishkapur Road_B-Zone, Durgapur - WBPCB",27-11-2025 18:00,23.567923,87.306843,SO2,20,29,23
India,West_Bengal,Durgapur,"PCBL Residential Complex, Durgapur - WBPCB",27-11-2025 18:00,23.508764,87.35444,OZONE,5,22,16
India,West_Bengal,Durgapur,"Womens College_City Center, Durgapur - WBPCB (Formerly known as Sidhu Kanhu Indoor Stadium)",27-11-2025 18:00,23.549395,87.300496,OZONE,9,63,38
India,West_Bengal,Haldia,"Priyambada Housing Estate, Haldia - WBPCB",27-11-2025 18:00,22.06047,88.109737,PM2.5,88,298,231
India,West_Bengal,Haldia,"Priyambada Housing Estate, Haldia - WBPCB",27-11-2025 18:00,22.06047,88.109737,NO2,12,36,24
India,West_Bengal,Haldia,"Priyambada Housing Estate, Haldia - WBPCB",27-11-2025 18:00,22.06047,88.109737,CO,25,61,35
India,West_Bengal,Howrah,"Belur Math, Howrah - WBPCB",27-11-2025 18:00,22.629801,88.352017,NH3,7,12,10
India,West_Bengal,Howrah,"Botanical Garden, Howrah - WBPCB",27-11-2025 18:00,22.554954,88.292568,SO2,9,13,10
India,West_Bengal,Howrah,"Dasnagar, Howrah - WBPCB",27-11-2025 18:00,22.6025571,88.3105664,PM10,66,176,119
India,West_Bengal,Howrah,"Ghusuri, Howrah - WBPCB",27-11-2025 18:00,22.611968,88.347422,CO,20,68,34
India,West_Bengal,Howrah,"Padmapukur, Howrah - WBPCB",27-11-2025 18:00,22.5687319,88.2797276,NO2,11,27,20
India,West_Bengal,Howrah,"Padmapukur, Howrah - WBPCB",27-11-2025 18:00,22.5687319,88.2797276,SO2,1,17,8
India,West_Bengal,Kolkata,"Ballygunge, Kolkata - WBPCB",27-11-2025 18:00,22.5367507,88.3638022,PM2.5,58,313,177
India,West_Bengal,Kolkata,"Ballygunge, Kolkata - WBPCB",27-11-2025 18:00,22.5367507,88.3638022,NO2,27,68,48
India,West_Bengal,Kolkata,"Ballygunge, Kolkata - WBPCB",27-11-2025 18:00,22.5367507,88.3638022,OZONE,6,28,22
India,West_Bengal,Kolkata,"Bidhannagar, Kolkata - WBPCB",27-11-2025 18:00,22.58157048,88.41002457,PM10,55,388,154
India,West_Bengal,Kolkata,"Bidhannagar, Kolkata - WBPCB",27-11-2025 18:00,22.58157048,88.41002457,SO2,6,11,9
India,West_Bengal,Kolkata,"Fort William, Kolkata - WBPCB",27-11-2025 18:00,22.55664,88.342674,CO,16,88,27
India,West_Bengal,Kolkata,"Jadavpur, Kolkata - WBPCB",27-11-2025 18:00,22.49929,88.36917,PM10,79,274,170
India,West_Bengal,Kolkata,"Jadavpur, Kolkata - WBPCB",27-11-2025 18:00,22.49929,88.36917,NO2,36,197,80
India,West_Bengal,Kolkata,"Jadavpur, Kolkata - WBPCB",27-11-2025 18:00,22.49929,88.36917,OZONE,10,53,24
India,West_Bengal,Kolkata,"Rabindra Sarobar, Kolkata - WBPCB",27-11-2025 18:00,22.51106,88.35142,PM10,81,135,113
India,West_Bengal,Kolkata,"Rabindra Sarobar, Kolkata - WBPCB",27-11-2025 18:00,22.51106,88.35142,CO,36,114,44
India,West_Bengal,Kolkata,"Victoria, Kolkata - WBPCB",27-11-2025 18:00,22.5448082,88.3403691,PM10,86,182,140
India,West_Bengal,Kolkata,"Victoria, Kolkata - WBPCB",27-11-2025 18:00,22.5448082,88.3403691,NO2,12,25,18
India,West_Bengal,Kolkata,"Victoria, Kolkata - WBPCB",27-11-2025 18:00,22.5448082,88.3403691,OZONE,5,59,44
India,West_Bengal,Siliguri,"Ward-32 Bapupara, Siliguri - WBPCB",27-11-2025 18:00,26.6879226,88.4152495,PM2.5,34,86,53
India,West_Bengal,Siliguri,"Ward-32 Bapupara, Siliguri - WBPCB",27-11-2025 18:00,26.6879226,88.4152495,PM10,37,149,78
India,Bihar,Motihari,"Gandak Colony, Motihari - BSPCB",27-11-2025 18:00,26.63086,84.90051,SO2,2,3,3
India,Bihar,Motihari,"Gandak Colony, Motihari - BSPCB",27-11-2025 18:00,26.63086,84.90051,CO,42,52,46
India,Bihar,Munger,"Town Hall, Munger - BSPCB",27-11-2025 18:00,25.376776,86.471523,SO2,12,19,16
India,Bihar,Muzaffarpur,"Buddha Colony, Muzaffarpur - BSPCB",27-11-2025 18:00,26.11442,85.39813,PM10,52,112,88
India,Bihar,Muzaffarpur,"Buddha Colony, Muzaffarpur - BSPCB",27-11-2025 18:00,26.11442,85.39813,NH3,5,10,8
India,Bihar,Muzaffarpur,"Buddha Colony, Muzaffarpur - BSPCB",27-11-2025 18:00,26.11442,85.39813,SO2,3,6,5
India,Bihar,Muzaffarpur,"Buddha Colony, Muzaffarpur - BSPCB",27-11-2025 18:00,26.11442,85.39813,OZONE,19,162,109
India,Bihar,Muzaffarpur,"MIT-Daudpur Kothi, Muzaffarpur - BSPCB",27-11-2025 18:00,26.1403345,85.3650192,PM2.5,87,98,94
India,Bihar,Muzaffarpur,"MIT-Daudpur Kothi, Muzaffarpur - BSPCB",27-11-2025 18:00,26.1403345,85.3650192,NH3,1,1,1
India,Bihar,Muzaffarpur,"MIT-Daudpur Kothi, Muzaffarpur - BSPCB",27-11-2025 18:00,26.1403345,85.3650192,CO,46,64,60
India,Bihar,Bettiah,"Kamalnath Nagar, Bettiah - BSPCB",27-11-2025 18:00,26.80365,84.51954,SO2,3,40,17
India,Bihar,Bhagalpur,"DM Office_Kachari Chowk, Bhagalpur - BSPCB",27-11-2025 18:00,25.251013,86.989001,PM10,58,142,114
India,Bihar,Bihar Sharif,"D M Colony, Bihar Sharif - BSPCB",27-11-2025 18:00,25.204762,85.51496,PM2.5,40,200,94
India,Bihar,Bihar Sharif,"D M Colony, Bihar Sharif - BSPCB",27-11-2025 18:00,25.204762,85.51496,SO2,10,10,10
India,Bihar,Bihar Sharif,"D M Colony, Bihar Sharif - BSPCB",27-11-2025 18:00,25.204762,85.51496,CO,28,104,42
India,Bihar,Bihar Sharif,"D M Colony, Bihar Sharif - BSPCB",27-11-2025 18:00,25.204762,85.51496,OZONE,1,10,5
India,Bihar,Buxar,"Charitra Van, Buxar - BSPCB",27-11-2025 18:00,25.56752,83.966379,PM2.5,72,227,162
India,Bihar,Buxar,"Charitra Van, Buxar - BSPCB",27-11-2025 18:00,25.56752,83.966379,PM10,69,148,123
India,Bihar,Buxar,"Charitra Van, Buxar - BSPCB",27-11-2025 18:00,25.56752,83.966379,CO,21,29,24
India,Assam,Nagaon,"Christianpatty, Nagaon - PCBA",27-11-2025 18:00,26.349082,92.68449,NH3,1,4,4
India,Assam,Nagaon,"Christianpatty, Nagaon - PCBA",27-11-2025 18:00,26.349082,92.68449,OZONE,9,14,10
India,Assam,Nalbari,"Bata Chowk, Nalbari - PCBA",27-11-2025 18:00,26.446912,91.439057,NH3,3,8,6
India,Assam,Nalbari,"Bata Chowk, Nalbari - PCBA",27-11-2025 18:00,26.446912,91.439057,SO2,6,9,8
India,Assam,Silchar,"Tarapur, Silchar - PCBA",27-11-2025 18:00,24.82827,92.79525,PM10,39,62,52
India,Assam,Silchar,"Tarapur, Silchar - PCBA",27-11-2025 18:00,24.82827,92.79525,SO2,5,6,6
India,Assam,Sivasagar,"Girls College, Sivasagar - PCBA",27-11-2025 18:00,26.987634,94.636574,PM10,33,91,56
India,Bihar,Araria,"Kharahiya Basti, Araria - BSPCB",27-11-2025 18:00,26.146529,87.454184,PM10,14,131,75
India,Assam,Byrnihat,"Central Academy for SFS, Byrnihat - PCBA",27-11-2025 18:00,26.071318,91.87488,SO2,NA,NA,NA
India,Assam,Byrnihat,"Central Academy for SFS, Byrnihat - PCBA",27-11-2025 18:00,26.071318,91.87488,CO,42,62,50
India,Assam,Byrnihat,"Central Academy for SFS, Byrnihat - PCBA",27-11-2025 18:00,26.071318,91.87488,OZONE,15,35,27
India,Assam,Guwahati,"IITG, Guwahati - PCBA",27-11-2025 18:00,26.2028636,91.70046436,OZONE,1,44,32
India,Assam,Guwahati,"LGBI Airport, Guwahati - PCBA",27-11-2025 18:00,26.10887,91.589544,PM10,43,92,73
India,Assam,Guwahati,"LGBI Airport, Guwahati - PCBA",27-11-2025 18:00,26.10887,91.589544,SO2,4,18,12
India,Assam,Guwahati,"Pan Bazaar, Guwahati - PCBA",27-11-2025 18:00,26.1875,91.744194,CO,10,82,19
India,Assam,Guwahati,"Railway Colony, Guwahati - PCBA",27-11-2025 18:00,26.181742,91.78063,PM2.5,37,290,121
India,Bihar,Araria,"Kharahiya Basti, Araria - BSPCB",27-11-2025 18:00,26.146529,87.454184,NH3,5,6,6
India,Bihar,Araria,"Kharahiya Basti, Araria - BSPCB",27-11-2025 18:00,26.146529,87.454184,CO,25,34,32
India,Bihar,Arrah,"New DM Office, Arrah - BSPCB",27-11-2025 18:00,25.5626095,84.663264,NO2,6,8,7
India,Bihar,Arrah,"New DM Office, Arrah - BSPCB",27-11-2025 18:00,25.5626095,84.663264,SO2,9,10,10
India,Bihar,Begusarai,"Lohiyanagar, Begusarai - BSPCB",27-11-2025 18:00,25.42742023,86.13886079,NO2,15,22,20
India,Bihar,Begusarai,"Lohiyanagar, Begusarai - BSPCB",27-11-2025 18:00,25.42742023,86.13886079,SO2,5,16,7
India,Bihar,Begusarai,"Lohiyanagar, Begusarai - BSPCB",27-11-2025 18:00,25.42742023,86.13886079,CO,27,32,28
India,Andaman and Nicobar,Sri Vijaya Puram,"Police Line, Sri Vijaya Puram - ANPCC",27-11-2025 18:00,11.654054,92.734055,NH3,NA,NA,NA
India,Andaman and Nicobar,Sri Vijaya Puram,"Police Line, Sri Vijaya Puram - ANPCC",27-11-2025 18:00,11.654054,92.734055,CO,NA,NA,NA
India,Andhra_Pradesh,Amaravati,"Secretariat, Amaravati - APPCB",27-11-2025 18:00,16.5150833,80.5181667,PM2.5,188,318,258
India,Bihar,Katihar,"Mirchaibari, Katihar - BSPCB",27-11-2025 18:00,25.560083,87.553265,CO,48,96,70
India,Bihar,Manguraha,"Forest Rest House, Manguraha - BSPCB",27-11-2025 18:00,27.308328,84.531742,PM10,26,143,64
India,Bihar,Manguraha,"Forest Rest House, Manguraha - BSPCB",27-11-2025 18:00,27.308328,84.531742,NO2,4,11,6
India,Bihar,Manguraha,"Forest Rest House, Manguraha - BSPCB",27-11-2025 18:00,27.308328,84.531742,OZONE,7,13,11
India,Bihar,Chhapra,"Darshan Nagar, Chhapra - BSPCB",27-11-2025 18:00,25.7808257,84.7446768,NO2,1,3,2
India,Bihar,Chhapra,"Darshan Nagar, Chhapra - BSPCB",27-11-2025 18:00,25.7808257,84.7446768,SO2,20,34,24
India,Bihar,Gaya,"Collectorate, Gaya - BSPCB",27-11-2025 18:00,24.7955,84.9994,CO,6,102,36
India,Andhra_Pradesh,Rajamahendravaram,"Anand Kala Kshetram, Rajamahendravaram - APPCB",27-11-2025 18:00,16.9872867,81.7363176,PM10,128,171,150
India,Andhra_Pradesh,Anantapur,"Gulzarpet, Anantapur - APPCB",27-11-2025 18:00,14.675886,77.593027,PM10,49,100,73
India,Chhattisgarh,Korba,"Urja Nagar, Korba - CECB",27-11-2025 18:00,22.348441,82.549611,PM10,92,93,92
India,Chhattisgarh,Korba,"Urja Nagar, Korba - CECB",27-11-2025 18:00,22.348441,82.549611,NH3,1,2,2
India,Chhattisgarh,Korba,"Urja Nagar, Korba - CECB",27-11-2025 18:00,22.348441,82.549611,SO2,8,22,15
India,Chhattisgarh,Korba,"Urja Nagar, Korba - CECB",27-11-2025 18:00,22.348441,82.549611,OZONE,35,36,35
India,Chhattisgarh,Kunjemura,"OP Jindal School, Kunjemura - CECB",27-11-2025 18:00,22.12665,83.483212,PM10,32,158,84
India,Chhattisgarh,Milupara,"Govt. Higher Secondary School, Milupara - CECB",27-11-2025 18:00,22.1910172,83.5197009,NO2,20,48,31
India,Chhattisgarh,Raipur,"AIIMS, Raipur - CECB",27-11-2025 18:00,21.258815,81.578979,PM2.5,36,114,80
India,Chhattisgarh,Raipur,"AIIMS, Raipur - CECB",27-11-2025 18:00,21.258815,81.578979,NO2,61,72,65
India,Chhattisgarh,Raipur,"AIIMS, Raipur - CECB",27-11-2025 18:00,21.258815,81.578979,NH3,1,2,2
India,Chhattisgarh,Bhilai,"Civic Center, Bhilai - Bhilai Steel Plant",27-11-2025 18:00,21.185571,81.343175,SO2,7,12,9
India,Chhattisgarh,Bhilai,"Hathkhoj, Bhilai - CECB",27-11-2025 18:00,21.224231,81.40835,PM10,34,119,69
India,Chhattisgarh,Bilaspur,"Mangala, Bilaspur - NTPC",27-11-2025 18:00,22.08815,82.13737,SO2,10,17,15
India,Chhattisgarh,Chhal,"Nawapara SECL Colony, Chhal - CECB",27-11-2025 18:00,22.118125,83.140608,NO2,8,25,12
India,Chhattisgarh,Chhal,"Nawapara SECL Colony, Chhal - CECB",27-11-2025 18:00,22.118125,83.140608,NH3,5,5,5
India,Chhattisgarh,Korba,"Rampur, Korba - CECB",27-11-2025 18:00,22.368195,82.746431,PM10,72,86,85
India,Chhattisgarh,Korba,"Rampur, Korba - CECB",27-11-2025 18:00,22.368195,82.746431,SO2,8,34,14
India,Chandigarh,Chandigarh,"Sector-25, Chandigarh - CPCC",27-11-2025 18:00,30.751462,76.762879,NH3,4,8,4
India,Chandigarh,Chandigarh,"Sector-53, Chandigarh - CPCC",27-11-2025 18:00,30.719859,76.738637,PM10,NA,NA,NA
India,Chhattisgarh,Bhilai,"32Bungalows, Bhilai - CECB",27-11-2025 18:00,21.194815,81.31477,PM10,45,127,78
India,Chhattisgarh,Bhilai,"32Bungalows, Bhilai - CECB",27-11-2025 18:00,21.194815,81.31477,SO2,4,47,18
India,Chhattisgarh,Bhilai,"32Bungalows, Bhilai - CECB",27-11-2025 18:00,21.194815,81.31477,OZONE,3,94,72
India,Chhattisgarh,Bhilai,"Civic Center, Bhilai - Bhilai Steel Plant",27-11-2025 18:00,21.185571,81.343175,PM2.5,32,122,65
India,Delhi,Delhi,"Ashok Vihar, Delhi - DPCC",27-11-2025 18:00,28.695381,77.181665,NH3,5,7,6
India,Delhi,Delhi,"Ashok Vihar, Delhi - DPCC",27-11-2025 18:00,28.695381,77.181665,CO,8,157,51
India,Delhi,Delhi,"Aya Nagar, Delhi - IMD",27-11-2025 18:00,28.4706914,77.1099364,PM2.5,236,383,329
India,Delhi,Delhi,"Aya Nagar, Delhi - IMD",27-11-2025 18:00,28.4706914,77.1099364,NO2,28,101,55
India,Delhi,Delhi,"Aya Nagar, Delhi - IMD",27-11-2025 18:00,28.4706914,77.1099364,CO,47,118,72
India,Bihar,Patna,"Rajbansi Nagar, Patna - BSPCB",27-11-2025 18:00,25.599486,85.113666,OZONE,22,29,26
India,Bihar,Patna,"Samanpura, Patna - BSPCB",27-11-2025 18:00,25.596727,85.085624,CO,11,116,62
India,Bihar,Rajgir,"Dangi Tola, Rajgir - BSPCB",27-11-2025 18:00,25.0328,85.41948,OZONE,31,34,32
India,Chhattisgarh,Raipur,"Krishak Nagar, Raipur - CECB",27-11-2025 18:00,21.237755,81.705301,OZONE,2,11,8
India,Chhattisgarh,Tumidih,"OP Jindal Industrial Park, Tumidih - CECB",27-11-2025 18:00,22.06631475,83.33820077,NO2,25,87,43
India,Bihar,Sasaram,"Dada Peer, Sasaram - BSPCB",27-11-2025 18:00,24.952822,84.002396,SO2,4,6,5
India,Bihar,Siwan,"Chitragupta Nagar, Siwan - BSPCB",27-11-2025 18:00,26.2271665,84.3570427,OZONE,7,8,8
India,Bihar,Patna,"Govt. High School Shikarpur, Patna - BSPCB",27-11-2025 18:00,25.592539,85.227158,PM2.5,59,72,65
India,Bihar,Patna,"Govt. High School Shikarpur, Patna - BSPCB",27-11-2025 18:00,25.592539,85.227158,NH3,4,5,5
India,Bihar,Samastipur,"DM Office_Kasipur, Samastipur - BSPCB",27-11-2025 18:00,25.859655,85.77944,CO,NA,NA,NA
India,Gujarat,Ahmedabad,"Gyaspur, Ahmedabad - IITM",27-11-2025 18:00,22.977134,72.553024,OZONE,17,48,35
India,Gujarat,Ahmedabad,"Maninagar, Ahmedabad - GPCB",27-11-2025 18:00,23.002657,72.591912,NO2,59,60,60
India,Gujarat,Ahmedabad,"Maninagar, Ahmedabad - GPCB",27-11-2025 18:00,23.002657,72.591912,CO,14,60,44
India,Gujarat,Ahmedabad,"Raikhad, Ahmedabad - IITM",27-11-2025 18:00,23.020509,72.579261,PM10,143,233,184
India,Gujarat,Ahmedabad,"Rakhial, Ahmedabad - IITM",27-11-2025 18:00,23.016834,72.625775,PM2.5,8,282,173
India,Gujarat,Ahmedabad,"Rakhial, Ahmedabad - IITM",27-11-2025 18:00,23.016834,72.625775,NH3,4,6,4
India,Gujarat,Ahmedabad,"Rakhial, Ahmedabad - IITM",27-11-2025 18:00,23.016834,72.625775,CO,4,101,15
India,Gujarat,Ahmedabad,"SAC ISRO Bopal, Ahmedabad - IITM",27-11-2025 18:00,23.041137,72.456691,PM10,105,285,163
India,Gujarat,Ahmedabad,"SAC ISRO Bopal, Ahmedabad - IITM",27-11-2025 18:00,23.041137,72.456691,NH3,11,24,15
India,Gujarat,Ahmedabad,"SAC ISRO Satellite, Ahmedabad - IITM",27-11-2025 18:00,23.023389,72.515201,PM10,94,140,118
India,Delhi,Delhi,"Jahangirpuri, Delhi - DPCC",27-11-2025 18:00,28.73282,77.170633,NO2,106,170,144
India,Delhi,Delhi,"Jahangirpuri, Delhi - DPCC",27-11-2025 18:00,28.73282,77.170633,SO2,14,57,34
India,Delhi,Delhi,"Jahangirpuri, Delhi - DPCC",27-11-2025 18:00,28.73282,77.170633,CO,32,166,68
India,Delhi,Delhi,"Lodhi Road, Delhi - IITM",27-11-2025 18:00,28.588333,77.221667,PM10,161,348,218
India,Delhi,Delhi,"Lodhi Road, Delhi - IITM",27-11-2025 18:00,28.588333,77.221667,NO2,20,191,81
India,Delhi,Delhi,"Lodhi Road, Delhi - IITM",27-11-2025 18:00,28.588333,77.221667,SO2,8,40,19
India,Delhi,Delhi,"Lodhi Road, Delhi - IMD",27-11-2025 18:00,28.5918245,77.2273074,PM2.5,256,456,346
India,Delhi,Delhi,"Lodhi Road, Delhi - IMD",27-11-2025 18:00,28.5918245,77.2273074,PM10,195,434,278
India,Delhi,Delhi,"Major Dhyan Chand National Stadium, Delhi - DPCC",27-11-2025 18:00,28.611281,77.237738,NO2,59,198,112
India,Delhi,Delhi,"Narela, Delhi - DPCC",27-11-2025 18:00,28.822836,77.101981,PM2.5,248,500,405
India,Delhi,Delhi,"Narela, Delhi - DPCC",27-11-2025 18:00,28.822836,77.101981,CO,2,110,49
India,Delhi,Delhi,"Nehru Nagar, Delhi - DPCC",27-11-2025 18:00,28.56789,77.250515,NH3,14,26,20
India,Delhi,Delhi,"Nehru Nagar, Delhi - DPCC",27-11-2025 18:00,28.56789,77.250515,OZONE,2,293,165
India,Delhi,Delhi,"North Campus, DU, Delhi - IMD",27-11-2025 18:00,28.6573814,77.1585447,PM2.5,247,459,355
India,Delhi,Delhi,"North Campus, DU, Delhi - IMD",27-11-2025 18:00,28.6573814,77.1585447,OZONE,15,322,211
India,Delhi,Delhi,"Okhla Phase-2, Delhi - DPCC",27-11-2025 18:00,28.530785,77.271255,PM2.5,312,500,398
India,Delhi,Delhi,"Okhla Phase-2, Delhi - DPCC",27-11-2025 18:00,28.530785,77.271255,NH3,10,15,13
India,Delhi,Delhi,"Patparganj, Delhi - DPCC",27-11-2025 18:00,28.623763,77.287209,NH3,10,16,13
India,Delhi,Delhi,"Vivek Vihar, Delhi - DPCC",27-11-2025 18:00,28.672342,77.31526,PM10,157,500,383
India,Delhi,Delhi,"Wazirpur, Delhi - DPCC",27-11-2025 18:00,28.699793,77.165453,PM2.5,293,500,434
India,Delhi,Delhi,"Wazirpur, Delhi - DPCC",27-11-2025 18:00,28.699793,77.165453,PM10,210,500,422
India,Delhi,Delhi,"Wazirpur, Delhi - DPCC",27-11-2025 18:00,28.699793,77.165453,NH3,9,17,13
India,Gujarat,Ahmedabad,"Chandkheda, Ahmedabad - IITM",27-11-2025 18:00,23.107969,72.574648,SO2,10,25,17
India,Gujarat,Ahmedabad,"Gyaspur, Ahmedabad - IITM",27-11-2025 18:00,22.977134,72.553024,PM2.5,79,251,146
India,Gujarat,Ahmedabad,"Gyaspur, Ahmedabad - IITM",27-11-2025 18:00,22.977134,72.553024,CO,44,103,59
India,Delhi,Delhi,"Punjabi Bagh, Delhi - DPCC",27-11-2025 18:00,28.674045,77.131023,NO2,47,100,69
India,Delhi,Delhi,"Pusa, Delhi - DPCC",27-11-2025 18:00,28.639652,77.146275,PM10,189,457,280
India,Delhi,Delhi,"Pusa, Delhi - DPCC",27-11-2025 18:00,28.639652,77.146275,NO2,90,231,126
India,Delhi,Delhi,"Pusa, Delhi - DPCC",27-11-2025 18:00,28.639652,77.146275,CO,2,102,45
India,Delhi,Delhi,"Pusa, Delhi - IMD",27-11-2025 18:00,28.63611,77.173332,CO,84,178,107
India,Delhi,Delhi,"Pusa, Delhi - IMD",27-11-2025 18:00,28.63611,77.173332,OZONE,14,142,77
India,Delhi,Delhi,"R K Puram, Delhi - DPCC",27-11-2025 18:00,28.563262,77.186937,NO2,48,205,95
India,Delhi,Delhi,"Rohini, Delhi - DPCC",27-11-2025 18:00,28.732528,77.11992,NH3,12,29,21
India,Delhi,Delhi,"Shadipur, Delhi - CPCB",27-11-2025 18:00,28.6514781,77.1473105,OZONE,10,22,15
India,Delhi,Delhi,"Sonia Vihar, Delhi - DPCC",27-11-2025 18:00,28.710508,77.249485,PM10,130,500,258
India,Delhi,Delhi,"Sonia Vihar, Delhi - DPCC",27-11-2025 18:00,28.710508,77.249485,NO2,23,105,57
India,Delhi,Delhi,"Sri Aurobindo Marg, Delhi - DPCC",27-11-2025 18:00,28.531346,77.190156,PM2.5,183,422,330
India,Delhi,Delhi,"Sri Aurobindo Marg, Delhi - DPCC",27-11-2025 18:00,28.531346,77.190156,PM10,130,398,213
India,Delhi,Delhi,"Bawana, Delhi - DPCC",27-11-2025 18:00,28.7762,77.051074,NH3,6,10,8
India,Delhi,Delhi,"Bawana, Delhi - DPCC",27-11-2025 18:00,28.7762,77.051074,CO,54,131,75
India,Delhi,Delhi,"CRRI Mathura Road, Delhi - IMD",27-11-2025 18:00,28.5512005,77.2735737,NO2,1,109,37
India,Delhi,Delhi,"Chandni Chowk, Delhi - IITM",27-11-2025 18:00,28.656756,77.227234,PM2.5,252,427,351
India,Delhi,Delhi,"Chandni Chowk, Delhi - IITM",27-11-2025 18:00,28.656756,77.227234,NO2,49,157,109
India,Delhi,Delhi,"Dr. Karni Singh Shooting Range, Delhi - DPCC",27-11-2025 18:00,28.498571,77.26484,PM10,188,459,293
India,Delhi,Delhi,"Dr. Karni Singh Shooting Range, Delhi - DPCC",27-11-2025 18:00,28.498571,77.26484,CO,60,138,89
India,Delhi,Delhi,"IHBAS, Dilshad Garden, Delhi - CPCB",27-11-2025 18:00,28.6811736,77.3025234,SO2,5,12,9
India,Delhi,Delhi,"ITO, Delhi - CPCB",27-11-2025 18:00,28.628624,77.24106,PM2.5,313,500,395
India,Delhi,Delhi,"Major Dhyan Chand National Stadium, Delhi - DPCC",27-11-2025 18:00,28.611281,77.237738,OZONE,7,303,161
India,Delhi,Delhi,"Mandir Marg, Delhi - DPCC",27-11-2025 18:00,28.636429,77.201067,SO2,1,26,15
India,Delhi,Delhi,"Mundka, Delhi - DPCC",27-11-2025 18:00,28.684678,77.076574,PM2.5,243,500,432
India,Delhi,Delhi,"Mundka, Delhi - DPCC",27-11-2025 18:00,28.684678,77.076574,SO2,3,110,47
India,Haryana,Mandikhera,"General Hospital, Mandikhera(Nuh) - HSPCB",27-11-2025 18:00,27.9002,76.9938,CO,59,84,74
India,Haryana,Manesar,"Sector-2 IMT, Manesar - HSPCB",27-11-2025 18:00,28.360699,76.93609,NO2,48,63,59
India,Haryana,Manesar,"Sector-2 IMT, Manesar - HSPCB",27-11-2025 18:00,28.360699,76.93609,NH3,16,18,17
India,Haryana,Narnaul,"Shastri Nagar, Narnaul - HSPCB",27-11-2025 18:00,28.060249,76.113115,PM2.5,53,351,220
India,Haryana,Narnaul,"Shastri Nagar, Narnaul - HSPCB",27-11-2025 18:00,28.060249,76.113115,PM10,48,230,132
India,Haryana,Narnaul,"Shastri Nagar, Narnaul - HSPCB",27-11-2025 18:00,28.060249,76.113115,NH3,13,23,18
India,Haryana,Palwal,"Shyam Nagar, Palwal - HSPCB",27-11-2025 18:00,28.1485564,77.3320667,SO2,12,13,13
India,Haryana,Panchgaon,"Amity University, Panchgaon - IITM",27-11-2025 18:00,28.3153,76.9143,PM10,56,195,99
India,Haryana,Panchkula,"Sector-6, Panchkula - HSPCB ",27-11-2025 18:00,30.7057778,76.85318056,PM2.5,51,82,56
India,Haryana,Gurugram,"Sector-51, Gurugram - HSPCB",27-11-2025 18:00,28.4227,77.0667,PM2.5,NA,NA,NA
India,Haryana,Gurugram,"Sector-51, Gurugram - HSPCB",27-11-2025 18:00,28.4227,77.0667,CO,17,31,22
India,Haryana,Gurugram,"Teri Gram, Gurugram - HSPCB",27-11-2025 18:00,28.4275,77.1465,PM2.5,166,431,314
India,Haryana,Gurugram,"Teri Gram, Gurugram - HSPCB",27-11-2025 18:00,28.4275,77.1465,PM10,109,400,184
India,Haryana,Gurugram,"Teri Gram, Gurugram - HSPCB",27-11-2025 18:00,28.4275,77.1465,NH3,11,20,15
India,Haryana,Gurugram,"Teri Gram, Gurugram - HSPCB",27-11-2025 18:00,28.4275,77.1465,SO2,1,12,7
India,Haryana,Gurugram,"Teri Gram, Gurugram - HSPCB",27-11-2025 18:00,28.4275,77.1465,OZONE,10,44,31
India,Haryana,Gurugram,"Vikas Sadan, Gurugram - HSPCB",27-11-2025 18:00,28.4501238,77.0263051,NO2,9,45,26
India,Haryana,Hisar,"Urban Estate-II, Hisar - HSPCB",27-11-2025 18:00,29.14056,75.744941,PM10,NA,NA,NA
India,Haryana,Yamuna Nagar,"Gobind Pura, Yamuna Nagar - HSPCB",27-11-2025 18:00,30.1480566,77.2893471,NO2,11,38,18
India,Jammu_and_Kashmir,Srinagar,"Rajbagh, Srinagar - JKSPCB",27-11-2025 18:00,34.066206,74.81982,PM2.5,89,214,132
India,Jharkhand,Dhanbad,"Sardar Patel Nagar, Dhanbad - JSPCB",27-11-2025 18:00,23.80569,86.44268,OZONE,1,34,20
India,Jharkhand,Jorapokhar,"Tata Stadium, Jorapokhar - JSPCB",27-11-2025 18:00,23.707909,86.41467,PM10,NA,NA,NA
India,Jharkhand,Jorapokhar,"Tata Stadium, Jorapokhar - JSPCB",27-11-2025 18:00,23.707909,86.41467,OZONE,2,21,4
India,Gujarat,Nandesari,"GIDC, Nandesari - Nandesari Ind. Association",27-11-2025 18:00,22.410802,73.097923,PM10,136,241,169
India,Gujarat,Vapi,"Phase-1 GIDC, Vapi - GPCB",27-11-2025 18:00,20.362421,72.918013,PM2.5,29,74,55
India,Gujarat,Vapi,"Phase-1 GIDC, Vapi - GPCB",27-11-2025 18:00,20.362421,72.918013,NO2,11,37,18
India,Gujarat,Vatva,"Phase-4 GIDC, Vatva - GPCB",27-11-2025 18:00,22.969611,72.6435,NO2,23,46,41
India,Gujarat,Vatva,"Phase-4 GIDC, Vatva - GPCB",27-11-2025 18:00,22.969611,72.6435,CO,9,34,13
India,Haryana,Ambala,"Patti Mehar, Ambala - HSPCB",27-11-2025 18:00,30.379589,76.778328,NO2,20,25,22
India,Haryana,Panchkula,"Sector-6, Panchkula - HSPCB ",27-11-2025 18:00,30.7057778,76.85318056,SO2,8,9,9
India,Haryana,Panchkula,"Sector-6, Panchkula - HSPCB ",27-11-2025 18:00,30.7057778,76.85318056,CO,18,22,20
India,Haryana,Rohtak,"MD University, Rohtak - HSPCB",27-11-2025 18:00,28.52123,76.37138,PM10,140,216,166
India,Haryana,Rohtak,"MD University, Rohtak - HSPCB",27-11-2025 18:00,28.52123,76.37138,SO2,4,6,5
India,Haryana,Sirsa,"F-Block, Sirsa - HSPCB",27-11-2025 18:00,29.5364,75.0158,CO,40,70,50
India,Haryana,Sonipat,"Murthal, Sonipat - HSPCB",27-11-2025 18:00,29.0272,77.0621,NH3,13,38,18
India,Gujarat,Ahmedabad,"SAC ISRO Satellite, Ahmedabad - IITM",27-11-2025 18:00,23.023389,72.515201,NH3,11,23,15
India,Gujarat,Ahmedabad,"SVPI Airport Hansol, Ahmedabad - IITM",27-11-2025 18:00,23.076793,72.627874,NH3,3,7,5
India,Gujarat,Gandhinagar,"IIPHG Lekawada, Gandhinagar - IITM",27-11-2025 18:00,23.243639,72.68994,PM2.5,119,168,146
India,Haryana,Faridabad,"New Industrial Town, Faridabad - HSPCB",27-11-2025 18:00,28.39072,77.30059,SO2,8,9,8
India,Haryana,Faridabad,"Sector 11, Faridabad - HSPCB",27-11-2025 18:00,28.376058,77.315741,CO,2,34,18
India,Haryana,Fatehabad,"Huda Sector, Fatehabad - HSPCB",27-11-2025 18:00,29.503664,75.467934,OZONE,10,13,11
India,Haryana,Jind,"Police Lines, Jind - HSPCB",27-11-2025 18:00,29.307814,76.337619,OZONE,9,109,78
India,Haryana,Kaithal,"Rishi Nagar, Kaithal - HSPCB",27-11-2025 18:00,29.8006,76.4155,OZONE,9,23,19
India,Haryana,Karnal,"Sector-12, Karnal - HSPCB",27-11-2025 18:00,29.6953,77.0027,NO2,6,7,6
India,Haryana,Ballabgarh,"Nathu Colony, Ballabgarh - HSPCB",27-11-2025 18:00,28.3419248,77.319699,PM10,NA,NA,NA
India,Haryana,Bhiwani,"H.B. Colony, Bhiwani - HSPCB",27-11-2025 18:00,28.806223,76.141105,PM2.5,231,322,295
India,Haryana,Bhiwani,"H.B. Colony, Bhiwani - HSPCB",27-11-2025 18:00,28.806223,76.141105,OZONE,7,18,13
India,Kerala,Thiruvananthapuram,"Plammoodu, Thiruvananthapuram - Kerala PCB",27-11-2025 18:00,8.5149093,76.9435879,CO,NA,NA,NA
India,Kerala,Thrissur,"Corporation Ground, Thrissur - Kerala PCB",27-11-2025 18:00,10.5324,76.2159,PM10,50,56,53
India,Kerala,Thrissur,"Corporation Ground, Thrissur - Kerala PCB",27-11-2025 18:00,10.5324,76.2159,CO,22,32,29
India,Madhya Pradesh,Bhopal,"Paryavaran Parisar, Bhopal - MPPCB",27-11-2025 18:00,23.210494,77.425409,CO,26,66,32
India,Madhya Pradesh,Bhopal,"T T Nagar, Bhopal - MPPCB",27-11-2025 18:00,23.233584,77.400574,PM2.5,NA,NA,NA
India,Madhya Pradesh,Bhopal,"T T Nagar, Bhopal - MPPCB",27-11-2025 18:00,23.233584,77.400574,PM10,NA,NA,NA
India,Madhya Pradesh,Bhopal,"T T Nagar, Bhopal - MPPCB",27-11-2025 18:00,23.233584,77.400574,NH3,6,7,6
India,Madhya Pradesh,Bhopal,"T T Nagar, Bhopal - MPPCB",27-11-2025 18:00,23.233584,77.400574,OZONE,73,303,250
India,Madhya Pradesh,Damoh,"Shrivastav Colony, Damoh - MPPCB",27-11-2025 18:00,23.81748678,79.446246,SO2,1,31,6
India,Karnataka,Mysuru,"Hebbal 1st Stage, Mysuru - KSPCB",27-11-2025 18:00,12.21041,76.37376,NH3,4,6,5
India,Karnataka,Shivamogga,"Vinoba Nagara, Shivamogga - KSPCB",27-11-2025 18:00,13.94,75.555917,PM2.5,23,61,31
India,Karnataka,Shivamogga,"Vinoba Nagara, Shivamogga - KSPCB",27-11-2025 18:00,13.94,75.555917,PM10,34,79,44
India,Karnataka,Shivamogga,"Vinoba Nagara, Shivamogga - KSPCB",27-11-2025 18:00,13.94,75.555917,NO2,20,29,25
India,Karnataka,Udupi,"Brahmagiri, Udupi - KSPCB",27-11-2025 18:00,13.34194444,74.74694444,SO2,NA,NA,NA
India,Karnataka,Yadgir,"Collector Office, Yadgir - KSPCB",27-11-2025 18:00,16.7602,77.1428,NO2,6,27,11
India,Karnataka,Yadgir,"Collector Office, Yadgir - KSPCB",27-11-2025 18:00,16.7602,77.1428,NH3,2,2,2
India,Karnataka,Yadgir,"Collector Office, Yadgir - KSPCB",27-11-2025 18:00,16.7602,77.1428,CO,20,36,24
India,Kerala,Eloor,"Udyogamandal, Eloor - Kerala PCB",27-11-2025 18:00,10.073232,76.302765,PM2.5,50,92,69
India,Kerala,Kannur,"Thavakkara, Kannur - Kerala PCB",27-11-2025 18:00,11.875,75.3732,SO2,4,5,5
India,Kerala,Kollam,"Polayathode, Kollam - Kerala PCB",27-11-2025 18:00,8.8787,76.6073,CO,14,16,15
India,Kerala,Kollam,"Polayathode, Kollam - Kerala PCB",27-11-2025 18:00,8.8787,76.6073,OZONE,29,35,34
India,Kerala,Thiruvananthapuram,"Kariavattom, Thiruvananthapuram - Kerala PCB",27-11-2025 18:00,8.5637,76.8865,NO2,6,7,6
India,Kerala,Thiruvananthapuram,"Kariavattom, Thiruvananthapuram - Kerala PCB",27-11-2025 18:00,8.5637,76.8865,SO2,1,89,17
India,Kerala,Thiruvananthapuram,"Kariavattom, Thiruvananthapuram - Kerala PCB",27-11-2025 18:00,8.5637,76.8865,CO,36,74,50
India,Kerala,Thiruvananthapuram,"Plammoodu, Thiruvananthapuram - Kerala PCB",27-11-2025 18:00,8.5149093,76.9435879,NO2,NA,NA,NA
India,Karnataka,Bengaluru,"Hebbal, Bengaluru - KSPCB",27-11-2025 18:00,13.029152,77.585901,NO2,NA,NA,NA
India,Karnataka,Bengaluru,"Hebbal, Bengaluru - KSPCB",27-11-2025 18:00,13.029152,77.585901,NH3,NA,NA,NA
India,Karnataka,Bengaluru,"Hebbal, Bengaluru - KSPCB",27-11-2025 18:00,13.029152,77.585901,SO2,1,10,6
India,Karnataka,Bengaluru,"Hebbal, Bengaluru - KSPCB",27-11-2025 18:00,13.029152,77.585901,OZONE,7,12,9
India,Karnataka,Bengaluru,"Hombegowda Nagar, Bengaluru - KSPCB",27-11-2025 18:00,12.938539,77.5901,CO,15,28,21
India,Karnataka,Bengaluru,"Hombegowda Nagar, Bengaluru - KSPCB",27-11-2025 18:00,12.938539,77.5901,OZONE,24,50,46
India,Karnataka,Bengaluru,"Jayanagar 5th Block, Bengaluru - KSPCB",27-11-2025 18:00,12.920984,77.584908,PM10,95,132,109
India,Karnataka,Kalaburagi,"Lal Bahadur Shastri Nagar, Kalaburagi - KSPCB",27-11-2025 18:00,17.321993,76.822628,CO,32,34,33
India,Karnataka,Kalaburagi,"Lal Bahadur Shastri Nagar, Kalaburagi - KSPCB",27-11-2025 18:00,17.321993,76.822628,OZONE,20,20,20
India,Karnataka,Kalaburagi,"Mahatma Basaveswar Colony, Kalaburgi - KSPCB",27-11-2025 18:00,17.336318,76.847397,SO2,3,6,4
India,Karnataka,Kalaburagi,"Mahatma Basaveswar Colony, Kalaburgi - KSPCB",27-11-2025 18:00,17.336318,76.847397,OZONE,12,34,25
India,Karnataka,Koppal,"Diwator Nagar, Koppal - KSPCB",27-11-2025 18:00,15.34763,76.181767,PM2.5,12,31,21
India,Karnataka,Koppal,"Diwator Nagar, Koppal - KSPCB",27-11-2025 18:00,15.34763,76.181767,SO2,3,20,10
India,Karnataka,Haveri,"Ashwini Nagar, Haveri - KSPCB",27-11-2025 18:00,14.7918,75.3896,NH3,NA,NA,NA
India,Karnataka,Hubballi,"Lingaraj Nagar, Hubballi - KSPCB",27-11-2025 18:00,15.3714823,75.1160168,PM2.5,37,44,40
India,Karnataka,Kalaburagi,"Lal Bahadur Shastri Nagar, Kalaburagi - KSPCB",27-11-2025 18:00,17.321993,76.822628,PM10,42,87,55
India,Karnataka,Kalaburagi,"Lal Bahadur Shastri Nagar, Kalaburagi - KSPCB",27-11-2025 18:00,17.321993,76.822628,NO2,10,12,12
India,Karnataka,Kalaburagi,"Lal Bahadur Shastri Nagar, Kalaburagi - KSPCB",27-11-2025 18:00,17.321993,76.822628,NH3,1,2,1
India,Karnataka,Belgaum,"Ramteerth Nagar, Belgaum - KSPCB",27-11-2025 18:00,15.888653,74.541751,NH3,8,10,9
India,Karnataka,Bengaluru,"BTM Layout, Bengaluru - CPCB",27-11-2025 18:00,12.9135218,77.5950804,NO2,53,77,66
India,Karnataka,Bengaluru,"BTM Layout, Bengaluru - CPCB",27-11-2025 18:00,12.9135218,77.5950804,CO,46,52,49
India,Karnataka,Bengaluru,"City Railway Station, Bengaluru - KSPCB",27-11-2025 18:00,12.9756843,77.5660749,SO2,12,19,15
India,Karnataka,Bengaluru,"Kasturi Nagar, Bengaluru - KSPCB",27-11-2025 18:00,13.003872,77.664217,NO2,NA,NA,NA
India,Karnataka,Bengaluru,"Shivapura_Peenya, Bengaluru - KSPCB",27-11-2025 18:00,13.0246342,77.5080115,PM2.5,63,154,95
India,Karnataka,Bengaluru,"Shivapura_Peenya, Bengaluru - KSPCB",27-11-2025 18:00,13.0246342,77.5080115,NH3,5,5,5
India,Karnataka,Bengaluru,"Silk Board, Bengaluru - KSPCB",27-11-2025 18:00,12.917348,77.622813,CO,35,75,75
India,Karnataka,Chamarajanagar,"Urban, Chamarajanagar - KSPCB",27-11-2025 18:00,11.55358,76.55521,CO,15,120,22
India,Madhya Pradesh,Jabalpur,"Suhagi, Jabalpur - JMC",27-11-2025 18:00,23.218135,79.95777,NH3,3,5,4
India,Madhya Pradesh,Katni,"Gole Bazar, Katni - MPPCB",27-11-2025 18:00,23.50016,80.23284,PM2.5,35,328,183
India,Madhya Pradesh,Katni,"Gole Bazar, Katni - MPPCB",27-11-2025 18:00,23.50016,80.23284,NO2,20,73,43
India,Madhya Pradesh,Katni,"Gole Bazar, Katni - MPPCB",27-11-2025 18:00,23.50016,80.23284,OZONE,11,170,125
India,Madhya Pradesh,Maihar,"Sahilara, Maihar - KJS Cements",27-11-2025 18:00,24.2613009,80.7231783,PM10,65,110,84
India,Madhya Pradesh,Mandideep,"Sector-D Industrial Area, Mandideep - MPPCB",27-11-2025 18:00,23.10844,77.511428,CO,32,81,42
India,Madhya Pradesh,Pithampur,"Sector-2 Industrial Area, Pithampur - MPPCB",27-11-2025 18:00,22.624758,75.675238,NH3,2,3,2
India,Madhya Pradesh,Pithampur,"Sector-2 Industrial Area, Pithampur - MPPCB",27-11-2025 18:00,22.624758,75.675238,OZONE,27,47,34
India,Madhya Pradesh,Dewas,"Bhopal Chauraha, Dewas - MPPCB",27-11-2025 18:00,22.9682591,76.064118,SO2,31,62,47
India,Madhya Pradesh,Gwalior,"City Center, Gwalior - MPPCB",27-11-2025 18:00,26.203442,78.193251,PM2.5,92,345,213
India,Madhya Pradesh,Gwalior,"City Center, Gwalior - MPPCB",27-11-2025 18:00,26.203442,78.193251,NH3,2,4,3
India,Madhya Pradesh,Gwalior,"City Center, Gwalior - MPPCB",27-11-2025 18:00,26.203442,78.193251,SO2,10,17,12
India,Madhya Pradesh,Gwalior,"City Center, Gwalior - MPPCB",27-11-2025 18:00,26.203442,78.193251,CO,4,127,18
India,Madhya Pradesh,Gwalior,"Deen Dayal Nagar, Gwalior - MPPCB",27-11-2025 18:00,26.259242,78.216432,CO,10,154,40
India,Madhya Pradesh,Gwalior,"Deen Dayal Nagar, Gwalior - MPPCB",27-11-2025 18:00,26.259242,78.216432,OZONE,1,203,167
India,Madhya Pradesh,Gwalior,"Maharaj Bada, Gwalior - MPPCB",27-11-2025 18:00,26.200388,78.147714,NH3,5,5,5
India,Madhya Pradesh,Gwalior,"Maharaj Bada, Gwalior - MPPCB",27-11-2025 18:00,26.200388,78.147714,OZONE,2,159,94
India,Maharashtra,Aurangabad,"MIDC Chilkalthana, Aurangabad - MPCB",27-11-2025 18:00,19.87562,75.38731,SO2,1,2,1
India,Maharashtra,Aurangabad,"More Chowk Waluj, Aurangabad - MPCB",27-11-2025 18:00,19.8389439,75.244448,PM2.5,73,187,111
India,Maharashtra,Aurangabad,"Rachnakar Colony, Aurangabad - MPCB",27-11-2025 18:00,19.863756,75.321188,PM2.5,50,187,100
India,Maharashtra,Badlapur,"Katrap, Badlapur - MPCB",27-11-2025 18:00,19.16485,73.23409,CO,23,80,29
India,Maharashtra,Belapur,"CBD Belapur, Belapur - MPCB",27-11-2025 18:00,19.0243902,73.0406721,NO2,NA,NA,NA
India,Maharashtra,Belapur,"CBD Belapur, Belapur - MPCB",27-11-2025 18:00,19.0243902,73.0406721,OZONE,7,49,35
India,Maharashtra,Bhiwandi,"Gokul Nagar, Bhiwandi - MPCB",27-11-2025 18:00,19.309073,73.057223,CO,24,68,32
India,Maharashtra,Chandrapur,"Chauhan Colony, Chandrapur - MPCB",27-11-2025 18:00,19.9629,79.298714,PM2.5,62,138,92
India,Maharashtra,Chandrapur,"Chauhan Colony, Chandrapur - MPCB",27-11-2025 18:00,19.9629,79.298714,PM10,144,246,177
India,Maharashtra,Chandrapur,"Chauhan Colony, Chandrapur - MPCB",27-11-2025 18:00,19.9629,79.298714,OZONE,20,20,20
India,Maharashtra,Chandrapur,"MIDC Khutala, Chandrapur - MPCB",27-11-2025 18:00,19.9775302,79.2337086,PM10,NA,NA,NA
India,Maharashtra,Dhule,"Deopur, Dhule - MPCB",27-11-2025 18:00,20.918946,74.776388,PM2.5,15,286,189
India,Madhya Pradesh,Ratlam,"Shasthri Nagar, Ratlam - IPCA Lab",27-11-2025 18:00,23.331731,75.045981,SO2,NA,NA,NA
India,Madhya Pradesh,Sagar,"Civil Lines, Sagar - MPPCB",27-11-2025 18:00,23.838586,78.759431,SO2,5,18,9
India,Madhya Pradesh,Sagar,"Deen Dayal Nagar, Sagar - MPPCB",27-11-2025 18:00,23.8640158,78.80289321,NO2,4,60,16
India,Madhya Pradesh,Satna,"Bandhavgar Colony, Satna - Birla Cement",27-11-2025 18:00,24.58434363,80.8549414,NO2,12,13,12
India,Madhya Pradesh,Indore,"Chhoti Gwaltoli, Indore - MPPCB",27-11-2025 18:00,22.431,75.5213,PM2.5,126,304,221
India,Madhya Pradesh,Indore,"Maguda Nagar, Indore - IMC",27-11-2025 18:00,22.7524,75.8872,NO2,2,2,2
India,Madhya Pradesh,Indore,"Maguda Nagar, Indore - IMC",27-11-2025 18:00,22.7524,75.8872,CO,20,30,24
India,Madhya Pradesh,Indore,"Residency Area, Indore - IMC",27-11-2025 18:00,22.7084,75.8815,PM2.5,54,114,76
India,Maharashtra,Ahmednagar,"Tarakpur, Ahmednagar - MPCB",27-11-2025 18:00,19.10122,74.73339,PM10,58,305,89
India,Maharashtra,Amravati,"Shivneri Colony, Amravati - MPCB",27-11-2025 18:00,20.9402359,77.7895248,SO2,22,39,26
India,Maharashtra,Amravati,"Shri Shivaji Science College, Amravati - MPCB",27-11-2025 18:00,20.939198,77.765701,CO,40,94,49
India,Madhya Pradesh,Jabalpur,"Govindh Bhavan Colony, Jabalpur - JMC",27-11-2025 18:00,23.163174,79.973061,PM2.5,47,103,69
India,Madhya Pradesh,Jabalpur,"Gupteshwar, Jabalpur - JMC",27-11-2025 18:00,23.142888,79.916147,NH3,8,11,9
India,Madhya Pradesh,Jabalpur,"Gupteshwar, Jabalpur - JMC",27-11-2025 18:00,23.142888,79.916147,OZONE,2,113,81
India,Madhya Pradesh,Jabalpur,"Marhatal, Jabalpur - MPPCB",27-11-2025 18:00,23.168606,79.932247,OZONE,4,112,92
India,Maharashtra,Dhule,"Deopur, Dhule - MPCB",27-11-2025 18:00,20.918946,74.776388,SO2,4,15,10
India,Maharashtra,Jalgaon,"Prabhat Colony, Jalgaon - MPCB",27-11-2025 18:00,21.001264,75.565602,PM2.5,64,153,109
India,Maharashtra,Jalgaon,"Prabhat Colony, Jalgaon - MPCB",27-11-2025 18:00,21.001264,75.565602,SO2,5,8,6
India,Maharashtra,Jalna,"Old MIDC, Jalna - MPCB",27-11-2025 18:00,19.854616,75.905894,SO2,3,9,5
India,Maharashtra,Kalyan,"Khadakpada, Kalyan - MPCB",27-11-2025 18:00,19.25292,73.142019,PM2.5,45,196,94
India,Maharashtra,Kalyan,"Khadakpada, Kalyan - MPCB",27-11-2025 18:00,19.25292,73.142019,PM10,83,333,192
India,Maharashtra,Kalyan,"Khadakpada, Kalyan - MPCB",27-11-2025 18:00,19.25292,73.142019,NO2,36,36,36
India,Maharashtra,Kalyan,"Pimpleshwar Mandir, Kalyan - MPCB",27-11-2025 18:00,19.192056,72.9585188,PM2.5,NA,NA,NA
India,Maharashtra,Kalyan,"Pimpleshwar Mandir, Kalyan - MPCB",27-11-2025 18:00,19.192056,72.9585188,NO2,4,22,11
India,Maharashtra,Malegaon,"Mahesh Nagar, Malegaon - MPCB",27-11-2025 18:00,20.555712,74.529236,NO2,22,118,52
India,Maharashtra,Malegaon,"Mahesh Nagar, Malegaon - MPCB",27-11-2025 18:00,20.555712,74.529236,NH3,1,7,1
India,Maharashtra,Mira-Bhayandar,"Bhayandar West, Mira-Bhayandar - MPCB",27-11-2025 18:00,19.296481,72.840923,PM2.5,62,171,127
India,Maharashtra,Mira-Bhayandar,"Bhayandar West, Mira-Bhayandar - MPCB",27-11-2025 18:00,19.296481,72.840923,SO2,1,3,2
India,Maharashtra,Mumbai,"Bandra Kurla Complex, Mumbai - MPCB",27-11-2025 18:00,19.065931,72.862131,NO2,31,100,64
India,Maharashtra,Mumbai,"Borivali East, Mumbai - IITM",27-11-2025 18:00,19.23241,72.86895,PM10,108,215,144
India,Maharashtra,Mumbai,"Borivali East, Mumbai - IITM",27-11-2025 18:00,19.23241,72.86895,NO2,34,124,66
India,Maharashtra,Mumbai,"Borivali East, Mumbai - IITM",27-11-2025 18:00,19.23241,72.86895,NH3,6,9,8
India,Maharashtra,Kalyan,"Pimpleshwar Mandir, Kalyan - MPCB",27-11-2025 18:00,19.192056,72.9585188,SO2,11,35,19
India,Maharashtra,Kolhapur,"Shivaji University, Kolhapur - MPCB",27-11-2025 18:00,16.6870449,74.2505872,NO2,17,95,39
India,Maharashtra,Kolhapur,"Sinchan Bhavan, Kolhapur - MPCB",27-11-2025 18:00,16.7143745,74.2426398,NO2,23,58,41
India,Maharashtra,Latur,"Sawe Wadi, Latur - MPCB",27-11-2025 18:00,18.39963,76.57452,PM2.5,49,175,121
India,Maharashtra,Mahad,"Kamble Tarf Birwadi, Mahad - MPCB",27-11-2025 18:00,18.1023399,73.4783687,PM2.5,46,265,118
India,Maharashtra,Mahad,"Kamble Tarf Birwadi, Mahad - MPCB",27-11-2025 18:00,18.1023399,73.4783687,NO2,8,67,27
India,Maharashtra,Mumbai,"Kandivali East, Mumbai - MPCB",27-11-2025 18:00,19.2058,72.8682,CO,10,56,43
India,Maharashtra,Mumbai,"Kherwadi_Bandra East, Mumbai - MPCB",27-11-2025 18:00,19.0632143,72.8456324,PM2.5,86,256,173
India,Maharashtra,Mumbai,"Khindipada-Bhandup West, Mumbai - IITM",27-11-2025 18:00,19.1653323,72.922099,NH3,1,3,2
India,Maharashtra,Mumbai,"Khindipada-Bhandup West, Mumbai - IITM",27-11-2025 18:00,19.1653323,72.922099,CO,11,48,36
India,Maharashtra,Mumbai,"Kurla, Mumbai - MPCB",27-11-2025 18:00,19.0863,72.8888,PM2.5,78,168,120
India,Maharashtra,Mumbai,"Malad West, Mumbai - IITM",27-11-2025 18:00,19.19709,72.82204,CO,30,96,32
India,Maharashtra,Mumbai,"Malad West, Mumbai - IITM",27-11-2025 18:00,19.19709,72.82204,OZONE,3,126,82
India,Maharashtra,Mumbai,"Sewri, Mumbai - BMC",27-11-2025 18:00,19.000084,72.85673,NH3,7,29,18
India,Maharashtra,Mumbai,"Sewri, Mumbai - BMC",27-11-2025 18:00,19.000084,72.85673,CO,2,145,8
India,Maharashtra,Mumbai,"Shivaji Nagar, Mumbai - BMC",27-11-2025 18:00,19.060498,72.923356,PM2.5,NA,NA,NA
India,Maharashtra,Mumbai,"Shivaji Nagar, Mumbai - BMC",27-11-2025 18:00,19.060498,72.923356,OZONE,6,96,62
India,Maharashtra,Mumbai,"Siddharth Nagar-Worli, Mumbai - IITM",27-11-2025 18:00,19.000083,72.813993,PM2.5,53,274,173
India,Maharashtra,Mumbai,"Siddharth Nagar-Worli, Mumbai - IITM",27-11-2025 18:00,19.000083,72.813993,CO,47,86,57
India,Maharashtra,Mumbai,"Siddharth Nagar-Worli, Mumbai - IITM",27-11-2025 18:00,19.000083,72.813993,OZONE,2,90,55
India,Maharashtra,Mumbai,"Sion, Mumbai - MPCB",27-11-2025 18:00,19.047,72.8746,NO2,50,65,54
India,Maharashtra,Mumbai,"Borivali East, Mumbai - MPCB",27-11-2025 18:00,19.2243333,72.8658113,PM10,101,232,164
India,Maharashtra,Mumbai,"Borivali East, Mumbai - MPCB",27-11-2025 18:00,19.2243333,72.8658113,CO,8,9,8
India,Maharashtra,Mumbai,"Byculla, Mumbai - BMC",27-11-2025 18:00,18.9767,72.838,PM2.5,92,295,179
India,Maharashtra,Mumbai,"Byculla, Mumbai - BMC",27-11-2025 18:00,18.9767,72.838,PM10,112,204,153
India,Maharashtra,Mumbai,"Byculla, Mumbai - BMC",27-11-2025 18:00,18.9767,72.838,NO2,45,139,80
India,Maharashtra,Mumbai,"Chembur, Mumbai - MPCB",27-11-2025 18:00,19.0364585,72.8954371,NH3,1,7,4
India,Maharashtra,Mumbai,"Chembur, Mumbai - MPCB",27-11-2025 18:00,19.0364585,72.8954371,CO,16,76,27
India,Maharashtra,Mumbai,"Chembur, Mumbai - MPCB",27-11-2025 18:00,19.0364585,72.8954371,OZONE,6,146,90
India,Maharashtra,Mumbai,"Worli, Mumbai - MPCB",27-11-2025 18:00,18.9936162,72.8128113,PM2.5,82,188,126
India,Maharashtra,Mumbai,"Worli, Mumbai - MPCB",27-11-2025 18:00,18.9936162,72.8128113,PM10,96,145,121
India,Maharashtra,Nagpur,"Ambazari, Nagpur - MPCB",27-11-2025 18:00,21.121801,79.04952,SO2,19,130,41
India,Maharashtra,Nagpur,"Ambazari, Nagpur - MPCB",27-11-2025 18:00,21.121801,79.04952,CO,21,95,32
India,Maharashtra,Nagpur,"Mahal, Nagpur - MPCB",27-11-2025 18:00,21.14472,79.107595,PM10,114,146,131
India,Maharashtra,Nagpur,"Mahal, Nagpur - MPCB",27-11-2025 18:00,21.14472,79.107595,NH3,4,5,4
India,Maharashtra,Mumbai,"Chhatrapati Shivaji Intl. Airport (T2), Mumbai - MPCB",27-11-2025 18:00,19.10078,72.87462,CO,14,14,14
India,Maharashtra,Mumbai,"Colaba, Mumbai - MPCB",27-11-2025 18:00,18.91,72.82,PM10,52,107,81
India,Maharashtra,Mumbai,"Colaba, Mumbai - MPCB",27-11-2025 18:00,18.91,72.82,CO,27,32,28
India,Maharashtra,Mumbai,"Kandivali East, Mumbai - MPCB",27-11-2025 18:00,19.2058,72.8682,PM10,102,181,135
India,Maharashtra,Mumbai,"Kandivali East, Mumbai - MPCB",27-11-2025 18:00,19.2058,72.8682,NO2,6,13,8
India,Maharashtra,Mumbai,"Mindspace-Malad West, Mumbai - MPCB",27-11-2025 18:00,19.1878657,72.8304069,NO2,35,110,59
India,Maharashtra,Mumbai,"Mindspace-Malad West, Mumbai - MPCB",27-11-2025 18:00,19.1878657,72.8304069,NH3,8,27,14
India,Maharashtra,Mumbai,"Mulund West, Mumbai - MPCB",27-11-2025 18:00,19.175,72.9419,NH3,4,4,4
India,Maharashtra,Mumbai,"Powai, Mumbai - MPCB",27-11-2025 18:00,19.1375,72.915056,PM2.5,51,156,89
India,Maharashtra,Pimpri-Chinchwad,"Thergaon, Pimpri Chinchwad - MPCB",27-11-2025 18:00,18.616318,73.765797,CO,32,118,41
India,Maharashtra,Pune,"Bhumkar Nagar, Pune - IITM",27-11-2025 18:00,18.60577,73.749976,PM10,91,234,130
India,Maharashtra,Pune,"Bhumkar Nagar, Pune - IITM",27-11-2025 18:00,18.60577,73.749976,OZONE,1,53,35
India,Maharashtra,Pune,"Dhankawadi, Pune - IITM",27-11-2025 18:00,18.459883,73.852193,PM10,NA,NA,NA
India,Maharashtra,Pune,"Hadapsar, Pune - IITM",27-11-2025 18:00,18.501793,73.927532,PM2.5,NA,NA,NA
India,Maharashtra,Pune,"Hadapsar, Pune - IITM",27-11-2025 18:00,18.501793,73.927532,OZONE,1,52,42
India,Maharashtra,Pune,"Katraj Dairy, Pune - MPCB",27-11-2025 18:00,18.45445,73.854155,OZONE,2,95,76
India,Maharashtra,Pune,"Mhada Colony, Pune - IITM",27-11-2025 18:00,18.57304,73.927715,PM10,85,213,148
India,Maharashtra,Pune,"Panchawati_Pashan, Pune - IITM",27-11-2025 18:00,18.536457,73.805454,NO2,12,47,27
India,Maharashtra,Navi Mumbai,"Mahape, Navi Mumbai - MPCB",27-11-2025 18:00,19.1135051,73.008978,CO,110,110,110
India,Maharashtra,Navi Mumbai,"Mahape, Navi Mumbai - MPCB",27-11-2025 18:00,19.1135051,73.008978,OZONE,7,13,10
India,Maharashtra,Navi Mumbai,"Sanpada, Navi Mumbai - MPCB",27-11-2025 18:00,19.0575752,73.0151367,PM10,80,157,120
India,Maharashtra,Navi Mumbai,"Sanpada, Navi Mumbai - MPCB",27-11-2025 18:00,19.0575752,73.0151367,NO2,16,31,22
India,Maharashtra,Navi Mumbai,"Sanpada, Navi Mumbai - MPCB",27-11-2025 18:00,19.0575752,73.0151367,NH3,3,68,21
India,Maharashtra,Navi Mumbai,"Tondare-Taloja, Navi Mumbai - MPCB",27-11-2025 18:00,19.063,73.1209,NH3,5,8,7
India,Maharashtra,Navi Mumbai,"Tondare-Taloja, Navi Mumbai - MPCB",27-11-2025 18:00,19.063,73.1209,CO,32,50,38
India,Maharashtra,Parbhani,"Masoom Colony, Parbhani - MPCB",27-11-2025 18:00,19.265594,76.761463,PM2.5,88,305,226
India,Maharashtra,Ulhasnagar,"Sidhi Vinayak Nagar, Ulhasnagar - MPCB",27-11-2025 18:00,19.235581,73.159121,OZONE,12,130,64
India,Maharashtra,Virar,"Bolinj, Virar - MPCB",27-11-2025 18:00,19.445821,72.7988231,NO2,17,86,43
India,Maharashtra,Virar,"Bolinj, Virar - MPCB",27-11-2025 18:00,19.445821,72.7988231,NH3,1,4,2
India,Meghalaya,Shillong,"Lumpyngngad, Shillong - Meghalaya PCB",27-11-2025 18:00,25.5586,91.8985,PM2.5,NA,NA,NA
India,Mizoram,Aizawl,"Sikulpuikawn, Aizawl - Mizoram PCB",27-11-2025 18:00,23.7176342,92.7192841,SO2,13,14,14
India,Odisha,Angul,"Hakimapada, Angul - OSPCB",27-11-2025 18:00,20.832874,85.104082,PM2.5,NA,NA,NA
India,Maharashtra,Solapur,"Ratandeep Housing Society, Solapur - MPCB",27-11-2025 18:00,17.65439,75.90649,PM2.5,77,196,117
India,Maharashtra,Solapur,"Ratandeep Housing Society, Solapur - MPCB",27-11-2025 18:00,17.65439,75.90649,NH3,2,7,4
India,Maharashtra,Solapur,"Ratandeep Housing Society, Solapur - MPCB",27-11-2025 18:00,17.65439,75.90649,OZONE,26,183,79
India,Maharashtra,Thane,"Kasarvadavali, Thane - MPCB",27-11-2025 18:00,19.26777,72.97182,PM2.5,13,78,49
India,Maharashtra,Thane,"Upvan Fort, Thane - MPCB",27-11-2025 18:00,19.222279,72.957979,SO2,1,3,2
India,Maharashtra,Ulhasnagar,"Sidhi Vinayak Nagar, Ulhasnagar - MPCB",27-11-2025 18:00,19.235581,73.159121,PM2.5,58,321,177
India,Maharashtra,Nashik,"Hirawadi, Nashik - MPCB",27-11-2025 18:00,20.021503,73.813844,NO2,7,31,15
India,Maharashtra,Nashik,"Hirawadi, Nashik - MPCB",27-11-2025 18:00,20.021503,73.813844,NH3,4,14,7
India,Maharashtra,Nashik,"Pandav Nagari, Nashik - MPCB",27-11-2025 18:00,19.9591346,73.7788008,PM2.5,58,155,91
India,Maharashtra,Nashik,"Pandav Nagari, Nashik - MPCB",27-11-2025 18:00,19.9591346,73.7788008,CO,16,40,22
India,Maharashtra,Navi Mumbai,"Kopripada-Vashi, Navi Mumbai - MPCB",27-11-2025 18:00,19.090337,73.014232,NH3,2,11,4
India,Maharashtra,Navi Mumbai,"Kopripada-Vashi, Navi Mumbai - MPCB",27-11-2025 18:00,19.090337,73.014232,SO2,15,31,22
India,Maharashtra,Nagpur,"Opp GPO Civil Lines, Nagpur - MPCB",27-11-2025 18:00,21.152875,79.0517531,NO2,19,113,50
India,Maharashtra,Nanded,"Sneh Nagar, Nanded - MPCB",27-11-2025 18:00,19.173852,77.296291,NH3,4,5,4
India,Maharashtra,Nanded,"Sneh Nagar, Nanded - MPCB",27-11-2025 18:00,19.173852,77.296291,CO,18,27,23
India,Maharashtra,Nashik,"Gangapur Road, Nashik - MPCB",27-11-2025 18:00,20.0073285,73.7762427,NH3,3,3,3
India,Maharashtra,Nashik,"Gangapur Road, Nashik - MPCB",27-11-2025 18:00,20.0073285,73.7762427,SO2,24,33,29
India,Maharashtra,Nashik,"Gangapur Road, Nashik - MPCB",27-11-2025 18:00,20.0073285,73.7762427,CO,23,24,24
India,Maharashtra,Pune,"Revenue Colony-Shivajinagar, Pune - IITM",27-11-2025 18:00,18.530085,73.849598,PM10,141,240,177
India,Maharashtra,Pune,"Revenue Colony-Shivajinagar, Pune - IITM",27-11-2025 18:00,18.530085,73.849598,NO2,30,122,71
India,Maharashtra,Pune,"Revenue Colony-Shivajinagar, Pune - IITM",27-11-2025 18:00,18.530085,73.849598,CO,64,151,89
India,Maharashtra,Pune,"Savitribai Phule Pune University, Pune - MPCB",27-11-2025 18:00,18.547056,73.826908,PM2.5,34,174,88
India,Maharashtra,Sangli,"Vijay Nagar, Sangli - MPCB",27-11-2025 18:00,16.5038,74.3623,PM2.5,127,286,199
India,Maharashtra,Parbhani,"Masoom Colony, Parbhani - MPCB",27-11-2025 18:00,19.265594,76.761463,PM10,114,162,143
India,Maharashtra,Parbhani,"Masoom Colony, Parbhani - MPCB",27-11-2025 18:00,19.265594,76.761463,NO2,12,93,49
India,Maharashtra,Pimpri-Chinchwad,"Park Street Wakad, Pimpri Chinchwad - MPCB",27-11-2025 18:00,18.59051,73.77946,SO2,2,8,4
India,Maharashtra,Pimpri-Chinchwad,"Thergaon, Pimpri Chinchwad - MPCB",27-11-2025 18:00,18.616318,73.765797,PM2.5,47,190,100
India,Odisha,Balasore,"Kalidaspur, Balasore - OSPCB",27-11-2025 18:00,21.51161,86.89088,CO,18,78,40
India,Odisha,Baripada,"Meher Colony, Baripada - OSPCB",27-11-2025 18:00,21.941841,86.728318,NO2,8,49,28
India,Odisha,Baripada,"Meher Colony, Baripada - OSPCB",27-11-2025 18:00,21.941841,86.728318,SO2,5,10,7
India,Odisha,Bhubaneswar,"Lingraj Mandir, Bhubaneswar - OSPCB",27-11-2025 18:00,20.24079,85.836784,NO2,16,144,62
India,Rajasthan,Barmer,"Railway Colony, Barmer - RSPCB",27-11-2025 18:00,25.747299,71.393989,SO2,9,16,11
India,Rajasthan,Bharatpur,"Krishna Nagar, Bharatpur - RSPCB",27-11-2025 18:00,27.215415,77.50873,NH3,7,24,16
India,Rajasthan,Bharatpur,"Krishna Nagar, Bharatpur - RSPCB",27-11-2025 18:00,27.215415,77.50873,SO2,2,34,10
India,Rajasthan,Bharatpur,"Krishna Nagar, Bharatpur - RSPCB",27-11-2025 18:00,27.215415,77.50873,CO,31,144,52
India,Rajasthan,Bhilwara,"Pratap Nagar, Bhilwara - RSPCB",27-11-2025 18:00,25.339605,74.618883,PM2.5,97,253,155
India,Rajasthan,Bhilwara,"Pratap Nagar, Bhilwara - RSPCB",27-11-2025 18:00,25.339605,74.618883,NO2,16,67,30
India,Rajasthan,Bhiwadi,"RIICO Ind. Area III, Bhiwadi - RSPCB",27-11-2025 18:00,28.194909,76.862296,NH3,8,31,17
India,Rajasthan,Bhiwadi,"RIICO Ind. Area III, Bhiwadi - RSPCB",27-11-2025 18:00,28.194909,76.862296,CO,50,117,90
India,Rajasthan,Bhiwadi,"Vasundhara Nagar_UIT, Bhiwadi - RSPCB",27-11-2025 18:00,28.207266,76.829265,PM10,144,500,336
India,Rajasthan,Bhiwadi,"Vasundhara Nagar_UIT, Bhiwadi - RSPCB",27-11-2025 18:00,28.207266,76.829265,NO2,42,250,103
India,Odisha,Bhubaneswar,"Lingraj Mandir, Bhubaneswar - OSPCB",27-11-2025 18:00,20.24079,85.836784,OZONE,10,233,168
India,Odisha,Bhubaneswar,"Patia, Bhubaneswar - OSPCB",27-11-2025 18:00,20.34652,85.8163,PM2.5,93,332,217
India,Odisha,Bhubaneswar,"Patia, Bhubaneswar - OSPCB",27-11-2025 18:00,20.34652,85.8163,PM10,114,345,179
India,Odisha,Bhubaneswar,"Patia, Bhubaneswar - OSPCB",27-11-2025 18:00,20.34652,85.8163,SO2,5,8,6
India,Odisha,Bhubaneswar,"Patia, Bhubaneswar - OSPCB",27-11-2025 18:00,20.34652,85.8163,CO,9,114,40
India,Odisha,Brajrajnagar,"GM Office, Brajrajnagar - OSPCB",27-11-2025 18:00,21.8004996,83.8396977,PM2.5,35,217,67
India,Odisha,Byasanagar,"Ferro Chrome Colony, Byasanagar - OSPCB",27-11-2025 18:00,20.94185,86.1151,PM2.5,92,330,153
India,Odisha,Byasanagar,"Ferro Chrome Colony, Byasanagar - OSPCB",27-11-2025 18:00,20.94185,86.1151,NO2,10,56,19
India,Odisha,Byasanagar,"Ferro Chrome Colony, Byasanagar - OSPCB",27-11-2025 18:00,20.94185,86.1151,SO2,13,30,22
India,Odisha,Byasanagar,"Ferro Chrome Colony, Byasanagar - OSPCB",27-11-2025 18:00,20.94185,86.1151,CO,14,72,28
India,Odisha,Keonjhar,"Jagamohanpur, Keonjhar - OSPCB",27-11-2025 18:00,21.6439,85.599355,PM2.5,73,102,85
India,Odisha,Keonjhar,"Jagamohanpur, Keonjhar - OSPCB",27-11-2025 18:00,21.6439,85.599355,NH3,7,18,12
India,Odisha,Nayagarh,"Dabuna, Nayagarh - OSPCB",27-11-2025 18:00,21.847279,85.416905,PM10,59,105,82
India,Odisha,Nayagarh,"Dabuna, Nayagarh - OSPCB",27-11-2025 18:00,21.847279,85.416905,NO2,7,9,8
India,Odisha,Rairangpur,"Divisional Forest Office, Rairangpur - OSPCB",27-11-2025 18:00,22.265816,86.174829,PM10,72,132,102
India,Odisha,Rairangpur,"Divisional Forest Office, Rairangpur - OSPCB",27-11-2025 18:00,22.265816,86.174829,NH3,2,2,2
India,Odisha,Rairangpur,"Divisional Forest Office, Rairangpur - OSPCB",27-11-2025 18:00,22.265816,86.174829,OZONE,17,38,34
India,Odisha,Rourkela,"Fertilizer Township, Rourkela - OSPCB",27-11-2025 18:00,22.18972222,84.86277778,PM2.5,88,117,95
India,Rajasthan,Dausa,"Khatikan Mohalla, Dausa - RSPCB",27-11-2025 18:00,26.895552,76.334753,PM10,77,130,105
India,Rajasthan,Dausa,"Khatikan Mohalla, Dausa - RSPCB",27-11-2025 18:00,26.895552,76.334753,NH3,7,9,8
India,Rajasthan,Dausa,"Khatikan Mohalla, Dausa - RSPCB",27-11-2025 18:00,26.895552,76.334753,OZONE,29,180,157
India,Rajasthan,Dungarpur,"Bhoiwada, Dungarpur - RSPCB",27-11-2025 18:00,23.837789,73.714926,PM10,123,196,147
India,Rajasthan,Dungarpur,"Bhoiwada, Dungarpur - RSPCB",27-11-2025 18:00,23.837789,73.714926,NH3,4,6,5
India,Rajasthan,Hanumangarh,"Housing Board, Hanumangarh - RSPCB",27-11-2025 18:00,29.61075,74.283608,PM2.5,70,425,198
India,Rajasthan,Hanumangarh,"Housing Board, Hanumangarh - RSPCB",27-11-2025 18:00,29.61075,74.283608,CO,56,123,84
India,Puducherry,Puducherry,"Jawahar Nagar, Puducherry - PPCC",27-11-2025 18:00,11.9309,79.8027,SO2,5,11,8
India,Punjab,Bathinda,"Hardev Nagar, Bathinda - PPCB",27-11-2025 18:00,30.233011,74.907758,NO2,NA,NA,NA
India,Punjab,Jalandhar,"Civil Line, Jalandhar - PPCB",27-11-2025 18:00,31.321907,75.578914,NH3,2,4,3
India,Punjab,Jalandhar,"Civil Line, Jalandhar - PPCB",27-11-2025 18:00,31.321907,75.578914,CO,49,60,56
India,Punjab,Khanna,"Kalal Majra, Khanna - PPCB",27-11-2025 18:00,30.736056,76.209694,PM10,89,139,111
India,Punjab,Khanna,"Kalal Majra, Khanna - PPCB",27-11-2025 18:00,30.736056,76.209694,CO,11,46,22
India,Punjab,Khanna,"Kalal Majra, Khanna - PPCB",27-11-2025 18:00,30.736056,76.209694,OZONE,24,26,25
India,Punjab,Mandi Gobindgarh,"RIMT University, Mandi Gobindgarh - PPCB",27-11-2025 18:00,30.649961,76.331442,NH3,6,6,6
India,Punjab,Rupnagar,"Ratanpura, Rupnagar - Ambuja Cements",27-11-2025 18:00,31.0325454,76.5623046,NO2,1,6,4
India,Punjab,Rupnagar,"Ratanpura, Rupnagar - Ambuja Cements",27-11-2025 18:00,31.0325454,76.5623046,CO,46,71,62
India,Rajasthan,Ajmer,"Civil Lines,  Ajmer - RSPCB",27-11-2025 18:00,26.470859,74.646594,SO2,3,45,21
India,Rajasthan,Alwar,"Moti Doongri, Alwar - RSPCB",27-11-2025 18:00,27.554793,76.611536,PM10,68,157,106
India,Rajasthan,Alwar,"Moti Doongri, Alwar - RSPCB",27-11-2025 18:00,27.554793,76.611536,NO2,40,81,67
India,Rajasthan,Alwar,"Moti Doongri, Alwar - RSPCB",27-11-2025 18:00,27.554793,76.611536,NH3,7,17,14
India,Rajasthan,Baran,"Bamboliya, Baran - RSPCB",27-11-2025 18:00,25.106006,76.469948,OZONE,36,161,122
India,Odisha,Rourkela,"Sector-2, Rourkela - OSPCB",27-11-2025 18:00,22.245,84.88111111,PM10,54,122,70
India,Odisha,Talcher,"Talcher Coalfields,Talcher - OSPCB",27-11-2025 18:00,20.9360711,85.1707021,PM2.5,45,354,200
India,Odisha,Talcher,"Talcher Coalfields,Talcher - OSPCB",27-11-2025 18:00,20.9360711,85.1707021,NO2,44,99,77
India,Odisha,Talcher,"Talcher Coalfields,Talcher - OSPCB",27-11-2025 18:00,20.9360711,85.1707021,CO,33,104,59
India,Rajasthan,Bikaner,"MM Ground, Bikaner - RSPCB",27-11-2025 18:00,28.018792,73.292658,SO2,1,11,5
India,Rajasthan,Chittorgarh,"Shastri Nagar, Chittorgarh - RSPCB",27-11-2025 18:00,24.892047,74.623527,NO2,20,80,45
India,Rajasthan,Churu,"Subash Chowk, Churu - RSPCB",27-11-2025 18:00,28.296139,74.961696,CO,20,54,40
India,TamilNadu,Chennai,"Manali, Chennai - CPCB",27-11-2025 18:00,13.164544,80.26285,OZONE,10,18,14
India,TamilNadu,Chennai,"Perungudi, Chennai - TNPCB",27-11-2025 18:00,12.9533,80.2357,NO2,2,12,5
India,TamilNadu,Chennai,"Velachery Res. Area, Chennai - CPCB",27-11-2025 18:00,13.0052189,80.2398125,PM10,92,130,112
India,TamilNadu,Chennai,"Velachery Res. Area, Chennai - CPCB",27-11-2025 18:00,13.0052189,80.2398125,NO2,13,14,13
India,TamilNadu,Chennai,"Velachery Res. Area, Chennai - CPCB",27-11-2025 18:00,13.0052189,80.2398125,CO,29,36,34
India,TamilNadu,Coimbatore,"SIDCO Kurichi, Coimbatore - TNPCB",27-11-2025 18:00,10.942451,76.978996,PM2.5,58,181,89
India,TamilNadu,Coimbatore,"SIDCO Kurichi, Coimbatore - TNPCB",27-11-2025 18:00,10.942451,76.978996,NO2,5,45,20
India,TamilNadu,Coimbatore,"SIDCO Kurichi, Coimbatore - TNPCB",27-11-2025 18:00,10.942451,76.978996,NH3,1,2,1
India,Rajasthan,Jaipur,"Sector-2 Murlipura, Jaipur - RSPCB",27-11-2025 18:00,26.960669,75.771817,NO2,2,82,38
India,Rajasthan,Jaipur,"Shastri Nagar, Jaipur - RSPCB",27-11-2025 18:00,26.9502929,75.730943,PM2.5,116,228,177
India,Rajasthan,Jaipur,"Shastri Nagar, Jaipur - RSPCB",27-11-2025 18:00,26.9502929,75.730943,PM10,89,155,126
India,Rajasthan,Jaipur,"Shastri Nagar, Jaipur - RSPCB",27-11-2025 18:00,26.9502929,75.730943,NH3,7,17,12
India,Rajasthan,Jaisalmer,"Sadar Bazar, Jaisalmer - RSPCB",27-11-2025 18:00,26.912329,70.909168,SO2,3,8,5
India,Rajasthan,Jaisalmer,"Sadar Bazar, Jaisalmer - RSPCB",27-11-2025 18:00,26.912329,70.909168,CO,21,42,33
India,Rajasthan,Jalore,"Mudtra Sili, Jalore - RSPCB",27-11-2025 18:00,25.344694,72.626208,PM2.5,160,317,230
India,Rajasthan,Pratapgarh,"Pragati Nagar, Pratapgarh - RSPCB",27-11-2025 18:00,24.041198,74.780702,OZONE,12,131,101
India,Rajasthan,Rajsamand,"Dhoinda, Rajsamand - RSPCB",27-11-2025 18:00,25.03636,73.883502,NH3,9,18,13
India,Rajasthan,Rajsamand,"Dhoinda, Rajsamand - RSPCB",27-11-2025 18:00,25.03636,73.883502,CO,23,67,28
India,Rajasthan,Rajsamand,"Dhoinda, Rajsamand - RSPCB",27-11-2025 18:00,25.03636,73.883502,OZONE,11,181,109
India,Rajasthan,Sawai Madhopur,"Sahu Nagar, Sawai Madhopur - RSPCB",27-11-2025 18:00,26.031443,76.359327,NO2,6,24,12
India,Rajasthan,Sawai Madhopur,"Sahu Nagar, Sawai Madhopur - RSPCB",27-11-2025 18:00,26.031443,76.359327,NH3,7,8,7
India,Rajasthan,Sirohi,"Vedhaynath Colony, Sirohi - RSPCB",27-11-2025 18:00,24.885261,72.857549,CO,38,56,45
India,Rajasthan,Sri Ganganagar,"Old City, Sri Ganganagar - RSPCB",27-11-2025 18:00,29.931624,73.864511,OZONE,4,206,158
India,Rajasthan,Tonk,"Shastri Nagar, Tonk - RSPCB",27-11-2025 18:00,26.159933,75.780517,PM2.5,130,311,204
India,Rajasthan,Udaipur,"Ashok Nagar, Udaipur - RSPCB",27-11-2025 18:00,24.5886166,73.6321397,PM10,116,186,144
India,Rajasthan,Udaipur,"Ashok Nagar, Udaipur - RSPCB",27-11-2025 18:00,24.5886166,73.6321397,NO2,9,77,45
India,Rajasthan,Udaipur,"Ashok Nagar, Udaipur - RSPCB",27-11-2025 18:00,24.5886166,73.6321397,OZONE,7,92,63
India,Sikkim,Gangtok,"Zero Point GICI, Gangtok - SSPCB",27-11-2025 18:00,27.33853,88.614099,PM2.5,3,53,14
India,Rajasthan,Jodhpur,"Samrat Ashok Udhyan, Jodhpur - RSPCB",27-11-2025 18:00,26.253384,72.976571,NH3,5,9,6
India,Rajasthan,Jodhpur,"Samrat Ashok Udhyan, Jodhpur - RSPCB",27-11-2025 18:00,26.253384,72.976571,SO2,6,19,10
India,Rajasthan,Karauli,"Satyawati Vihar, Karauli - RSPCB",27-11-2025 18:00,26.506177,77.025989,PM10,74,139,105
India,Rajasthan,Karauli,"Satyawati Vihar, Karauli - RSPCB",27-11-2025 18:00,26.506177,77.025989,NO2,22,76,41
India,Rajasthan,Kota,"Dhanmandi, Kota - RSPCB",27-11-2025 18:00,25.16409,75.858137,PM10,99,173,130
India,Rajasthan,Kota,"Dhanmandi, Kota - RSPCB",27-11-2025 18:00,25.16409,75.858137,NO2,21,110,51
India,Rajasthan,Kota,"Nayapura, Kota - RSPCB",27-11-2025 18:00,25.196024,75.855668,PM2.5,92,253,156
India,TamilNadu,Chennai,"Alandur Bus Depot, Chennai - CPCB",27-11-2025 18:00,12.9099161,80.1076538,CO,20,28,25
India,TamilNadu,Chennai,"Arumbakkam, Chennai - TNPCB",27-11-2025 18:00,13.0664,80.2112,NO2,11,34,18
India,TamilNadu,Chennai,"Arumbakkam, Chennai - TNPCB",27-11-2025 18:00,13.0664,80.2112,SO2,2,20,6
India,TamilNadu,Chennai,"Kodungaiyur, Chennai - TNPCB",27-11-2025 18:00,13.1278,80.2642,PM2.5,58,193,128
India,TamilNadu,Chennai,"Manali Village, Chennai - TNPCB",27-11-2025 18:00,13.1662,80.2584,PM2.5,50,105,79
India,TamilNadu,Chennai,"Manali Village, Chennai - TNPCB",27-11-2025 18:00,13.1662,80.2584,NO2,4,9,6
India,TamilNadu,Chennai,"Manali Village, Chennai - TNPCB",27-11-2025 18:00,13.1662,80.2584,NH3,1,2,1
India,Rajasthan,Jhunjhunu,"Indra Nagar, Jhunjhunu - RSPCB",27-11-2025 18:00,28.108988,75.386577,PM2.5,82,338,182
India,Rajasthan,Jodhpur,"Collectorate, Jodhpur - RSPCB",27-11-2025 18:00,26.268249,73.0193853,SO2,7,28,17
India,Rajasthan,Jodhpur,"Digari Kalan, Jodhpur - RSPCB",27-11-2025 18:00,26.29581,73.082283,NH3,6,12,7
India,Rajasthan,Jodhpur,"Digari Kalan, Jodhpur - RSPCB",27-11-2025 18:00,26.29581,73.082283,SO2,4,10,7
India,Rajasthan,Nagaur,"Karni Colony, Nagaur - RSPCB",27-11-2025 18:00,27.213494,73.734444,PM2.5,70,310,180
India,Rajasthan,Pali,"Indira Colony Vistar, Pali - RSPCB",27-11-2025 18:00,25.771061,73.340227,NH3,6,12,9
India,Rajasthan,Pratapgarh,"Pragati Nagar, Pratapgarh - RSPCB",27-11-2025 18:00,24.041198,74.780702,PM10,88,143,106
India,Rajasthan,Jaipur,"Adarsh Nagar, Jaipur - RSPCB",27-11-2025 18:00,26.902909,75.836858,PM2.5,94,220,163
India,Rajasthan,Jaipur,"Police Commissionerate, Jaipur - RSPCB",27-11-2025 18:00,26.9164092,75.7994901,SO2,NA,NA,NA
India,Rajasthan,Jaipur,"Sector-2 Murlipura, Jaipur - RSPCB",27-11-2025 18:00,26.960669,75.771817,PM2.5,75,132,99
India,TamilNadu,Ramanathapuram,"Chalai Bazaar, Ramanathapuram - TNPCB",27-11-2025 18:00,9.36399,78.831977,PM10,38,77,61
India,TamilNadu,Ramanathapuram,"Chalai Bazaar, Ramanathapuram - TNPCB",27-11-2025 18:00,9.36399,78.831977,CO,18,28,25
India,TamilNadu,Ramanathapuram,"Chalai Bazaar, Ramanathapuram - TNPCB",27-11-2025 18:00,9.36399,78.831977,OZONE,4,5,5
India,TamilNadu,Thanjavur,"Parisutham Nagar, Thanjavur - TNPCB",27-11-2025 18:00,10.7654824,79.1389968,PM10,49,92,76
India,TamilNadu,Thanjavur,"Parisutham Nagar, Thanjavur - TNPCB",27-11-2025 18:00,10.7654824,79.1389968,NO2,3,3,3
India,TamilNadu,Thanjavur,"Parisutham Nagar, Thanjavur - TNPCB",27-11-2025 18:00,10.7654824,79.1389968,NH3,1,1,1
India,TamilNadu,Thanjavur,"Parisutham Nagar, Thanjavur - TNPCB",27-11-2025 18:00,10.7654824,79.1389968,SO2,16,17,17
India,TamilNadu,Thoothukudi,"Meelavittan, Thoothukudi - TNPCB",27-11-2025 18:00,8.816428,78.099039,PM10,50,98,69
India,TamilNadu,Thoothukudi,"Meelavittan, Thoothukudi - TNPCB",27-11-2025 18:00,8.816428,78.099039,SO2,5,8,6
India,TamilNadu,Tiruchirappalli,"St Joseph College, Tiruchirappalli - TNPCB",27-11-2025 18:00,10.830158,78.691849,PM10,NA,NA,NA
India,TamilNadu,Tiruchirappalli,"St Joseph College, Tiruchirappalli - TNPCB",27-11-2025 18:00,10.830158,78.691849,NO2,NA,NA,NA
India,TamilNadu,Tiruchirappalli,"St Joseph College, Tiruchirappalli - TNPCB",27-11-2025 18:00,10.830158,78.691849,OZONE,14,28,20
India,TamilNadu,Nagapattinam,"Velippalayam, Nagapattinam - TNPCB",27-11-2025 18:00,10.798548,79.838212,PM10,NA,NA,NA
India,TamilNadu,Nagapattinam,"Velippalayam, Nagapattinam - TNPCB",27-11-2025 18:00,10.798548,79.838212,SO2,NA,NA,NA
India,TamilNadu,Nagapattinam,"Velippalayam, Nagapattinam - TNPCB",27-11-2025 18:00,10.798548,79.838212,OZONE,NA,NA,NA
India,TamilNadu,Ooty,"Bombay Castel, Ooty - TNPCB",27-11-2025 18:00,11.4068288,76.7138973,PM2.5,10,63,30
India,TamilNadu,Ooty,"Bombay Castel, Ooty - TNPCB",27-11-2025 18:00,11.4068288,76.7138973,CO,100,100,100
India,TamilNadu,Palkalaiperur,"Bharathidasan University, Palkalaiperur - TNPCB",27-11-2025 18:00,10.681158,78.741746,PM2.5,10,39,24
India,TamilNadu,Palkalaiperur,"Bharathidasan University, Palkalaiperur - TNPCB",27-11-2025 18:00,10.681158,78.741746,PM10,15,48,31
India,TamilNadu,Palkalaiperur,"Bharathidasan University, Palkalaiperur - TNPCB",27-11-2025 18:00,10.681158,78.741746,SO2,5,12,9
India,TamilNadu,Perundurai,"SIPCOT Industrial Park, Perundurai - TNPCB",27-11-2025 18:00,11.258242,77.552761,PM2.5,44,95,69
India,TamilNadu,Pudukottai,"SIPCOT Nathampannai, Pudukottai - TNPCB",27-11-2025 18:00,10.423417,78.784889,PM2.5,61,195,120
India,TamilNadu,Coimbatore,"SIDCO Kurichi, Coimbatore - TNPCB",27-11-2025 18:00,10.942451,76.978996,OZONE,3,53,38
India,TamilNadu,Cuddalore,"Kudikadu, Cuddalore - TNPCB",27-11-2025 18:00,11.6829898,79.7532099,OZONE,13,15,14
India,TamilNadu,Cuddalore,"Semmandalam, Cuddalore - TNPCB",27-11-2025 18:00,11.7637683,79.7499835,NO2,3,19,10
India,TamilNadu,Dindigul,"Mendonsa Colony, Dindigul - TNPCB",27-11-2025 18:00,10.358535,77.984321,PM10,45,67,53
India,TamilNadu,Gummidipoondi,"Anthoni Pillai Nagar, Gummidipoondi - TNPCB",27-11-2025 18:00,13.4127,80.1081,NO2,2,5,3
India,TamilNadu,Madurai,"Uchapatti, Madurai - TNPCB",27-11-2025 18:00,9.865935,78.022669,SO2,26,35,29
India,TamilNadu,Tirunelveli,"Municipal Corporation Office, Tirunelveli - TNPCB",27-11-2025 18:00,8.728442,77.6962,NO2,9,16,11
India,TamilNadu,Tirunelveli,"Municipal Corporation Office, Tirunelveli - TNPCB",27-11-2025 18:00,8.728442,77.6962,NH3,2,8,4
India,TamilNadu,Tirupur,"Kumaran College, Tirupur - TNPCB",27-11-2025 18:00,11.0973603,77.3228673,PM10,74,127,100
India,TamilNadu,Tirupur,"Kumaran College, Tirupur - TNPCB",27-11-2025 18:00,11.0973603,77.3228673,NO2,7,8,7
India,Telangana,Hyderabad,"Bollaram Industrial Area, Hyderabad - TSPCB",27-11-2025 18:00,17.540891,78.358528,NO2,22,59,36
India,Telangana,Hyderabad,"Bollaram Industrial Area, Hyderabad - TSPCB",27-11-2025 18:00,17.540891,78.358528,NH3,3,8,5
India,Telangana,Hyderabad,"Central University, Hyderabad - TSPCB",27-11-2025 18:00,17.460103,78.334361,NO2,17,47,36
India,Telangana,Hyderabad,"Kompally Municipal Office, Hyderabad - TSPCB",27-11-2025 18:00,17.544899,78.486949,PM10,70,112,85
India,Telangana,Hyderabad,"Kompally Municipal Office, Hyderabad - TSPCB",27-11-2025 18:00,17.544899,78.486949,NH3,4,7,4
India,Telangana,Hyderabad,"Kompally Municipal Office, Hyderabad - TSPCB",27-11-2025 18:00,17.544899,78.486949,OZONE,18,36,28
India,Telangana,Hyderabad,"New Malakpet, Hyderabad - TSPCB",27-11-2025 18:00,17.37206,78.50864,PM2.5,49,208,79
India,Telangana,Hyderabad,"New Malakpet, Hyderabad - TSPCB",27-11-2025 18:00,17.37206,78.50864,OZONE,10,39,31
India,Telangana,Hyderabad,"Ramachandrapuram, Hyderabad - TSPCB",27-11-2025 18:00,17.528544,78.286195,PM10,56,68,61
India,Telangana,Hyderabad,"Sanathnagar, Hyderabad - TSPCB",27-11-2025 18:00,17.4559458,78.4332152,NO2,NA,NA,NA
India,Uttar_Pradesh,Agra,"Sanjay Palace, Agra - UPPCB",27-11-2025 18:00,27.19865833,78.00598056,PM10,67,180,120
India,Uttar_Pradesh,Agra,"Sanjay Palace, Agra - UPPCB",27-11-2025 18:00,27.19865833,78.00598056,OZONE,5,140,100
India,Uttar_Pradesh,Agra,"Sector-3B Avas Vikas Colony, Agra - UPPCB",27-11-2025 18:00,27.19412,77.96237,OZONE,4,46,12
India,Uttar_Pradesh,Agra,"Shahjahan Garden, Agra - UPPCB",27-11-2025 18:00,27.169338,78.03582,PM2.5,29,215,102
India,Uttar_Pradesh,Agra,"Shahjahan Garden, Agra - UPPCB",27-11-2025 18:00,27.169338,78.03582,PM10,92,256,161
India,Uttar_Pradesh,Agra,"Shastripuram, Agra - UPPCB",27-11-2025 18:00,27.19862,77.92066,NO2,40,54,42
India,Telangana,Hyderabad,"Sanathnagar, Hyderabad - TSPCB",27-11-2025 18:00,17.4559458,78.4332152,OZONE,13,17,15
India,Telangana,Hyderabad,"Somajiguda, Hyderabad - TSPCB",27-11-2025 18:00,17.417094,78.457437,NO2,11,15,13
India,Telangana,Hyderabad,"Zoo Park, Hyderabad - TSPCB",27-11-2025 18:00,17.349694,78.451437,PM2.5,146,188,170
India,Uttar_Pradesh,Agra,"Manoharpur, Agra - UPPCB",27-11-2025 18:00,27.23711,78.01936,PM2.5,40,255,115
India,Uttar_Pradesh,Agra,"Manoharpur, Agra - UPPCB",27-11-2025 18:00,27.23711,78.01936,PM10,52,187,119
India,Telangana,Hyderabad,"ECIL Kapra, Hyderabad - TSPCB",27-11-2025 18:00,17.470431,78.566959,OZONE,12,44,28
India,Telangana,Hyderabad,"ICRISAT Patancheru, Hyderabad - TSPCB",27-11-2025 18:00,17.5184,78.278777,NH3,1,6,3
India,Telangana,Hyderabad,"ICRISAT Patancheru, Hyderabad - TSPCB",27-11-2025 18:00,17.5184,78.278777,OZONE,1,69,54
India,Telangana,Hyderabad,"IDA Pashamylaram, Hyderabad - TSPCB",27-11-2025 18:00,17.5316895,78.218939,PM2.5,91,190,143
India,Telangana,Hyderabad,"IITH Kandi, Hyderabad - TSPCB",27-11-2025 18:00,17.585705,78.126199,NH3,2,3,2
India,Uttar_Pradesh,Baghpat,"Sardar Patel Inter College, Baghpat - UPPCB",27-11-2025 18:00,28.964949,77.278761,PM2.5,123,396,280
India,Uttar_Pradesh,Baghpat,"Sardar Patel Inter College, Baghpat - UPPCB",27-11-2025 18:00,28.964949,77.278761,PM10,110,306,200
India,Uttar_Pradesh,Baghpat,"Sardar Patel Inter College, Baghpat - UPPCB",27-11-2025 18:00,28.964949,77.278761,OZONE,1,131,93
India,Uttar_Pradesh,Bareilly,"Rajendra Nagar, Bareilly - UPPCB",27-11-2025 18:00,28.38910936,79.42963708,NO2,9,10,10
India,Uttar_Pradesh,Moradabad,"Buddhi Vihar, Moradabad - UPPCB",27-11-2025 18:00,28.83526,78.7446,CO,38,98,44
India,Uttar_Pradesh,Moradabad,"Eco Herbal Park, Moradabad - UPPCB",27-11-2025 18:00,28.840739,78.697531,PM2.5,66,306,195
India,Uttar_Pradesh,Moradabad,"Eco Herbal Park, Moradabad - UPPCB",27-11-2025 18:00,28.840739,78.697531,PM10,90,241,168
India,Uttar_Pradesh,Moradabad,"Employment Office, Moradabad - UPPCB",27-11-2025 18:00,28.88528,78.7388,PM10,53,168,111
India,Uttar_Pradesh,Moradabad,"Employment Office, Moradabad - UPPCB",27-11-2025 18:00,28.88528,78.7388,OZONE,14,36,22
India,Uttar_Pradesh,Moradabad,"Jigar Colony, Moradabad - UPPCB",27-11-2025 18:00,28.856664,78.772638,NH3,6,9,6
India,Uttar_Pradesh,Moradabad,"Jigar Colony, Moradabad - UPPCB",27-11-2025 18:00,28.856664,78.772638,CO,40,40,40
India,Uttar_Pradesh,Moradabad,"Kashiram Nagar, Moradabad - UPPCB",27-11-2025 18:00,28.849399,78.742362,PM2.5,22,288,119
India,Uttar_Pradesh,Moradabad,"Kashiram Nagar, Moradabad - UPPCB",27-11-2025 18:00,28.849399,78.742362,PM10,51,189,111
India,Uttar_Pradesh,Moradabad,"Kashiram Nagar, Moradabad - UPPCB",27-11-2025 18:00,28.849399,78.742362,NO2,25,25,25
India,Uttar_Pradesh,Lucknow,"Talkatora District Industries Center, Lucknow - CPCB",27-11-2025 18:00,26.83399722,80.8917361,NH3,9,24,14
India,Uttar_Pradesh,Meerut,"Ganga Nagar, Meerut - UPPCB",27-11-2025 18:00,28.999264,77.7590354,PM2.5,59,365,249
India,Uttar_Pradesh,Meerut,"Ganga Nagar, Meerut - UPPCB",27-11-2025 18:00,28.999264,77.7590354,CO,3,136,22
India,Uttar_Pradesh,Meerut,"Ganga Nagar, Meerut - UPPCB",27-11-2025 18:00,28.999264,77.7590354,OZONE,9,105,75
India,Uttar_Pradesh,Meerut,"Jai Bhim Nagar, Meerut - UPPCB",27-11-2025 18:00,28.9535882,77.7622941,PM10,98,451,292
India,Uttar_Pradesh,Meerut,"Jai Bhim Nagar, Meerut - UPPCB",27-11-2025 18:00,28.9535882,77.7622941,OZONE,2,129,92
India,Uttar_Pradesh,Meerut,"Pallavpuram Phase 2, Meerut - UPPCB",27-11-2025 18:00,29.06351,77.709723,CO,14,120,29
India,Uttar_Pradesh,Moradabad,"Buddhi Vihar, Moradabad - UPPCB",27-11-2025 18:00,28.83526,78.7446,PM10,52,252,118
India,Uttar_Pradesh,Kanpur,"NSI Kalyanpur, Kanpur - UPPCB",27-11-2025 18:00,26.509954,80.249612,OZONE,16,17,16
India,Uttar_Pradesh,Khurja,"Kalindi Kunj, Khurja - UPPCB",27-11-2025 18:00,28.2348927,77.8683002,SO2,14,15,15
India,Uttar_Pradesh,Khurja,"Kalindi Kunj, Khurja - UPPCB",27-11-2025 18:00,28.2348927,77.8683002,OZONE,6,35,11
India,Uttar_Pradesh,Lucknow,"B R Ambedkar University, Lucknow - UPPCB",27-11-2025 18:00,26.766433,80.927299,PM10,63,202,138
India,Uttar_Pradesh,Lucknow,"B R Ambedkar University, Lucknow - UPPCB",27-11-2025 18:00,26.766433,80.927299,CO,54,66,57
India,Uttar_Pradesh,Lucknow,"Gomti Nagar, Lucknow - UPPCB",27-11-2025 18:00,26.86812,81.005119,PM2.5,35,311,132
India,Uttar_Pradesh,Lucknow,"Gomti Nagar, Lucknow - UPPCB",27-11-2025 18:00,26.86812,81.005119,PM10,33,156,87
India,Uttar_Pradesh,Lucknow,"Gomti Nagar, Lucknow - UPPCB",27-11-2025 18:00,26.86812,81.005119,NO2,6,9,8
India,Uttar_Pradesh,Lucknow,"Gomti Nagar, Lucknow - UPPCB",27-11-2025 18:00,26.86812,81.005119,SO2,8,13,10
India,Uttar_Pradesh,Ghaziabad,"Sanjay Nagar, Ghaziabad - UPPCB",27-11-2025 18:00,28.685382,77.453839,PM2.5,94,403,299
India,Uttar_Pradesh,Ghaziabad,"Sanjay Nagar, Ghaziabad - UPPCB",27-11-2025 18:00,28.685382,77.453839,PM10,124,342,241
India,Uttar_Pradesh,Ghaziabad,"Sanjay Nagar, Ghaziabad - UPPCB",27-11-2025 18:00,28.685382,77.453839,NH3,4,11,9
India,Uttar_Pradesh,Ghaziabad,"Sanjay Nagar, Ghaziabad - UPPCB",27-11-2025 18:00,28.685382,77.453839,OZONE,10,51,32
India,Uttar_Pradesh,Ghaziabad,"Vasundhara, Ghaziabad - UPPCB",27-11-2025 18:00,28.6603346,77.3572563,SO2,15,28,20
India,Uttar_Pradesh,Gorakhpur,"Madan Mohan Malaviya University of Technology, Gorakhpur - UPPCB",27-11-2025 18:00,26.730136,83.433859,PM2.5,31,61,46
India,Uttar_Pradesh,Greater Noida,"Knowledge Park - III, Greater Noida - UPPCB",27-11-2025 18:00,28.47272,77.482,PM2.5,100,500,333
India,Uttar_Pradesh,Firozabad,"Nagla Bhau, Firozabad - UPPCB",27-11-2025 18:00,27.168897,78.37696,PM10,33,125,79
India,Uttar_Pradesh,Firozabad,"Nagla Bhau, Firozabad - UPPCB",27-11-2025 18:00,27.168897,78.37696,NO2,17,17,17
India,Uttar_Pradesh,Firozabad,"Nagla Bhau, Firozabad - UPPCB",27-11-2025 18:00,27.168897,78.37696,CO,11,25,15
India,Uttar_Pradesh,Firozabad,"Vibhab Nagar, Firozabad - UPPCB",27-11-2025 18:00,27.1594,78.3953,PM2.5,NA,NA,NA
India,Uttar_Pradesh,Firozabad,"Vibhab Nagar, Firozabad - UPPCB",27-11-2025 18:00,27.1594,78.3953,CO,18,48,20
India,Uttar_Pradesh,Firozabad,"Vibhab Nagar, Firozabad - UPPCB",27-11-2025 18:00,27.1594,78.3953,OZONE,NA,NA,NA
India,Uttar_Pradesh,Ghaziabad,"Indirapuram, Ghaziabad - UPPCB",27-11-2025 18:00,28.646233,77.358075,PM2.5,191,439,345
India,Uttar_Pradesh,Ghaziabad,"Loni, Ghaziabad - UPPCB",27-11-2025 18:00,28.757294,77.278792,NH3,3,18,10
India,Uttar_Pradesh,Noida,"Sector-1, Noida - UPPCB",27-11-2025 18:00,28.5898,77.3101,PM10,224,500,387
India,Uttar_Pradesh,Noida,"Sector-1, Noida - UPPCB",27-11-2025 18:00,28.5898,77.3101,NH3,18,39,26
India,Uttar_Pradesh,Noida,"Sector-1, Noida - UPPCB",27-11-2025 18:00,28.5898,77.3101,OZONE,7,208,123
India,Uttar_Pradesh,Prayagraj,"Jhunsi, Prayagraj - UPPCB",27-11-2025 18:00,25.425602,81.917152,PM2.5,65,208,158
India,Uttar_Pradesh,Prayagraj,"Motilal Nehru NIT, Prayagraj - UPPCB",27-11-2025 18:00,25.494,81.863,PM2.5,67,243,157
India,Uttar_Pradesh,Prayagraj,"Motilal Nehru NIT, Prayagraj - UPPCB",27-11-2025 18:00,25.494,81.863,SO2,27,43,33
India,Uttar_Pradesh,Moradabad,"Kashiram Nagar, Moradabad - UPPCB",27-11-2025 18:00,28.849399,78.742362,CO,22,102,28
India,Uttar_Pradesh,Moradabad,"Transport Nagar, Moradabad - UPPCB",27-11-2025 18:00,28.802625,78.753728,PM2.5,22,278,135
India,Uttar_Pradesh,Moradabad,"Transport Nagar, Moradabad - UPPCB",27-11-2025 18:00,28.802625,78.753728,PM10,33,189,109
India,Uttar_Pradesh,Noida,"Sector - 125, Noida - UPPCB",27-11-2025 18:00,28.5447608,77.3231257,NH3,16,37,27
India,Uttar_Pradesh,Noida,"Sector - 62, Noida - IMD",27-11-2025 18:00,28.6245479,77.3577104,NO2,33,112,59
India,Uttar_Pradesh,Greater Noida,"Knowledge Park - V, Greater Noida - UPPCB",27-11-2025 18:00,28.557054,77.453663,PM2.5,178,493,381
India,Uttar_Pradesh,Hapur,"Anand Vihar, Hapur - UPPCB",27-11-2025 18:00,28.725645,77.749675,PM2.5,97,473,335
India,Uttar_Pradesh,Hapur,"Anand Vihar, Hapur - UPPCB",27-11-2025 18:00,28.725645,77.749675,OZONE,6,43,34
India,Uttar_Pradesh,Jhansi,"Shivaji Nagar, Jhansi - UPPCB",27-11-2025 18:00,25.4547,78.6039,NH3,4,4,4
India,Uttar_Pradesh,Jhansi,"Shivaji Nagar, Jhansi - UPPCB",27-11-2025 18:00,25.4547,78.6039,CO,19,106,29
India,Uttar_Pradesh,Lucknow,"Kendriya Vidyalaya, Lucknow - CPCB",27-11-2025 18:00,26.906111,80.948222,PM2.5,49,339,189
India,Uttar_Pradesh,Lucknow,"Kendriya Vidyalaya, Lucknow - CPCB",27-11-2025 18:00,26.906111,80.948222,OZONE,10,79,54
India,Uttar_Pradesh,Lucknow,"Kukrail Picnic Spot-1, Lucknow - UPPCB",27-11-2025 18:00,26.90723,80.98579,PM2.5,29,202,83
India,Uttar_Pradesh,Lucknow,"Lalbagh, Lucknow - CPCB",27-11-2025 18:00,26.8458805,80.9365541,PM2.5,40,287,127
India,Uttar_Pradesh,Prayagraj,"Nagar Nigam, Prayagraj - UPPCB",27-11-2025 18:00,25.44919916,81.82735986,PM10,51,131,84
India,Uttar_Pradesh,Prayagraj,"Nagar Nigam, Prayagraj - UPPCB",27-11-2025 18:00,25.44919916,81.82735986,CO,34,96,46
India,Uttar_Pradesh,Prayagraj,"Nagar Nigam, Prayagraj - UPPCB",27-11-2025 18:00,25.44919916,81.82735986,OZONE,10,14,11
India,Uttar_Pradesh,Varanasi,"Ardhali Bazar, Varanasi - UPPCB",27-11-2025 18:00,25.3505986,82.9083074,SO2,9,12,10
India,Uttar_Pradesh,Varanasi,"Ardhali Bazar, Varanasi - UPPCB",27-11-2025 18:00,25.3505986,82.9083074,CO,4,24,13
India,Uttar_Pradesh,Varanasi,"Ardhali Bazar, Varanasi - UPPCB",27-11-2025 18:00,25.3505986,82.9083074,OZONE,5,22,14
India,Uttar_Pradesh,Varanasi,"Bhelupur, Varanasi - UPPCB",27-11-2025 18:00,25.301778,82.996789,PM10,45,166,106
India,Uttar_Pradesh,Varanasi,"Maldahiya, Varanasi - UPPCB",27-11-2025 18:00,25.32393,82.99687,CO,41,104,50
India,Uttar_Pradesh,Vrindavan,"Omex Eternity, Vrindavan - UPPCB",27-11-2025 18:00,27.571409,77.655757,NH3,1,5,3
India,Uttar_Pradesh,Vrindavan,"Omex Eternity, Vrindavan - UPPCB",27-11-2025 18:00,27.571409,77.655757,SO2,12,19,15
India,Uttarakhand,Dehradun,"Doon University, Dehradun - UKPCB",27-11-2025 18:00,30.269444,78.044167,PM2.5,13,166,68
India,Uttarakhand,Dehradun,"Doon University, Dehradun - UKPCB",27-11-2025 18:00,30.269444,78.044167,PM10,19,101,56
India,Uttarakhand,Dehradun,"Doon University, Dehradun - UKPCB",27-11-2025 18:00,30.269444,78.044167,SO2,1,2,2
India,West_Bengal,Asansol,"Asansol Court Area, Asansol - WBPCB",27-11-2025 18:00,23.685297,86.945968,PM2.5,58,259,151
India,West_Bengal,Asansol,"Evelyn Lodge, Asansol - WBPCB",27-11-2025 18:00,23.697936,86.944395,SO2,11,15,12
India,West_Bengal,Asansol,"Mahabir Colliery, Asansol - WBPCB",27-11-2025 18:00,23.618183,87.105718,PM10,45,140,96
India,West_Bengal,Asansol,"Trivenidevi Bhalotia College, Asansol - WBPCB",27-11-2025 18:00,23.616515,87.119133,PM10,55,131,100
India,West_Bengal,Barrackpore,"SVSPA Campus, Barrackpore - WBPCB",27-11-2025 18:00,22.7605581,88.3617589,NO2,16,56,28
India,West_Bengal,Barrackpore,"SVSPA Campus, Barrackpore - WBPCB",27-11-2025 18:00,22.7605581,88.3617589,CO,42,90,51
India,West_Bengal,Durgapur,"PCBL Residential Complex, Durgapur - WBPCB",27-11-2025 18:00,23.508764,87.35444,PM2.5,28,102,73
India,West_Bengal,Durgapur,"PCBL Residential Complex, Durgapur - WBPCB",27-11-2025 18:00,23.508764,87.35444,NH3,4,13,9
India,West_Bengal,Durgapur,"Womens College_City Center, Durgapur - WBPCB (Formerly known as Sidhu Kanhu Indoor Stadium)",27-11-2025 18:00,23.549395,87.300496,PM2.5,23,142,90
India,West_Bengal,Durgapur,"Womens College_City Center, Durgapur - WBPCB (Formerly known as Sidhu Kanhu Indoor Stadium)",27-11-2025 18:00,23.549395,87.300496,CO,22,64,31
India,West_Bengal,Haldia,"Priyambada Housing Estate, Haldia - WBPCB",27-11-2025 18:00,22.06047,88.109737,NH3,2,3,3
India,West_Bengal,Howrah,"Belur Math, Howrah - WBPCB",27-11-2025 18:00,22.629801,88.352017,SO2,8,18,11
India,West_Bengal,Howrah,"Belur Math, Howrah - WBPCB",27-11-2025 18:00,22.629801,88.352017,CO,18,89,25
India,West_Bengal,Howrah,"Botanical Garden, Howrah - WBPCB",27-11-2025 18:00,22.554954,88.292568,PM10,40,123,96
India,West_Bengal,Howrah,"Botanical Garden, Howrah - WBPCB",27-11-2025 18:00,22.554954,88.292568,CO,22,72,32
India,West_Bengal,Howrah,"Botanical Garden, Howrah - WBPCB",27-11-2025 18:00,22.554954,88.292568,OZONE,4,38,26
India,West_Bengal,Howrah,"Dasnagar, Howrah - WBPCB",27-11-2025 18:00,22.6025571,88.3105664,OZONE,13,113,91
India,West_Bengal,Kolkata,"Fort William, Kolkata - WBPCB",27-11-2025 18:00,22.55664,88.342674,NO2,15,21,18
India,West_Bengal,Kolkata,"Fort William, Kolkata - WBPCB",27-11-2025 18:00,22.55664,88.342674,SO2,10,41,15
India,West_Bengal,Kolkata,"Fort William, Kolkata - WBPCB",27-11-2025 18:00,22.55664,88.342674,OZONE,20,80,67
India,West_Bengal,Kolkata,"Rabindra Bharati University, Kolkata - WBPCB",27-11-2025 18:00,22.627847,88.380669,PM2.5,29,146,87
India,West_Bengal,Kolkata,"Rabindra Bharati University, Kolkata - WBPCB",27-11-2025 18:00,22.627847,88.380669,NO2,24,126,75
India,West_Bengal,Kolkata,"Rabindra Bharati University, Kolkata - WBPCB",27-11-2025 18:00,22.627847,88.380669,NH3,12,13,12
India,West_Bengal,Kolkata,"Rabindra Bharati University, Kolkata - WBPCB",27-11-2025 18:00,22.627847,88.380669,SO2,7,12,10
India,West_Bengal,Kolkata,"Rabindra Sarobar, Kolkata - WBPCB",27-11-2025 18:00,22.51106,88.35142,NO2,42,265,156
India,West_Bengal,Kolkata,"Victoria, Kolkata - WBPCB",27-11-2025 18:00,22.5448082,88.3403691,NH3,4,5,4
India,West_Bengal,Kolkata,"Victoria, Kolkata - WBPCB",27-11-2025 18:00,22.5448082,88.3403691,SO2,1,14,9
India,West_Bengal,Kolkata,"Victoria, Kolkata - WBPCB",27-11-2025 18:00,22.5448082,88.3403691,CO,15,78,16
India,West_Bengal,Siliguri,"Ward-32 Bapupara, Siliguri - WBPCB",27-11-2025 18:00,26.6879226,88.4152495,SO2,13,20,16
India,West_Bengal,Siliguri,"Ward-32 Bapupara, Siliguri - WBPCB",27-11-2025 18:00,26.6879226,88.4152495,CO,22,90,30
India,Andhra_Pradesh,Vijayawada,"Rajiv Gandhi Park, Vijayawada - APPCB",27-11-2025 18:00,16.509717,80.612222,SO2,13,21,16
India,Andhra_Pradesh,Vijayawada,"Rajiv Gandhi Park, Vijayawada - APPCB",27-11-2025 18:00,16.509717,80.612222,OZONE,2,39,29
India,Andhra_Pradesh,Vijayawada,"Rajiv Nagar, Vijayawada - APPCB",27-11-2025 18:00,16.554731,80.64911,NO2,6,9,6
India,Andhra_Pradesh,Visakhapatnam,"GVM Corporation, Visakhapatnam - APPCB",27-11-2025 18:00,17.72,83.3,PM2.5,NA,NA,NA
India,Andhra_Pradesh,Visakhapatnam,"GVM Corporation, Visakhapatnam - APPCB",27-11-2025 18:00,17.72,83.3,NO2,NA,NA,NA
India,Arunachal_Pradesh,Naharlagun,"Naharlagun, Naharlagun - APSPCB",27-11-2025 18:00,27.103358,93.679645,PM10,39,272,108
India,Arunachal_Pradesh,Naharlagun,"Naharlagun, Naharlagun - APSPCB",27-11-2025 18:00,27.103358,93.679645,OZONE,5,5,5
India,Assam,Byrnihat,"Central Academy for SFS, Byrnihat - PCBA",27-11-2025 18:00,26.071318,91.87488,PM2.5,NA,NA,NA
India,Assam,Byrnihat,"Central Academy for SFS, Byrnihat - PCBA",27-11-2025 18:00,26.071318,91.87488,NO2,NA,NA,NA
India,Assam,Byrnihat,"Central Academy for SFS, Byrnihat - PCBA",27-11-2025 18:00,26.071318,91.87488,NH3,NA,NA,NA
India,Assam,Guwahati,"IITG, Guwahati - PCBA",27-11-2025 18:00,26.2028636,91.70046436,PM2.5,NA,NA,NA
India,Assam,Guwahati,"LGBI Airport, Guwahati - PCBA",27-11-2025 18:00,26.10887,91.589544,NH3,5,7,5
India,Assam,Guwahati,"Pan Bazaar, Guwahati - PCBA",27-11-2025 18:00,26.1875,91.744194,PM2.5,18,148,62
India,Assam,Guwahati,"Pan Bazaar, Guwahati - PCBA",27-11-2025 18:00,26.1875,91.744194,SO2,27,50,37
India,Assam,Guwahati,"Pan Bazaar, Guwahati - PCBA",27-11-2025 18:00,26.1875,91.744194,OZONE,17,18,17
India,Assam,Guwahati,"Railway Colony, Guwahati - PCBA",27-11-2025 18:00,26.181742,91.78063,PM10,33,156,90
India,Assam,Guwahati,"Railway Colony, Guwahati - PCBA",27-11-2025 18:00,26.181742,91.78063,NO2,3,3,3
India,Assam,Nagaon,"Christianpatty, Nagaon - PCBA",27-11-2025 18:00,26.349082,92.68449,PM10,57,59,58
India,Andhra_Pradesh,Anantapur,"Gulzarpet, Anantapur - APPCB",27-11-2025 18:00,14.675886,77.593027,NH3,4,5,4
India,Andhra_Pradesh,Anantapur,"Gulzarpet, Anantapur - APPCB",27-11-2025 18:00,14.675886,77.593027,CO,22,34,29
India,Andhra_Pradesh,Anantapur,"Gulzarpet, Anantapur - APPCB",27-11-2025 18:00,14.675886,77.593027,OZONE,20,61,54
India,Andhra_Pradesh,Chittoor,"Gangineni Cheruvu, Chittoor - APPCB",27-11-2025 18:00,13.20488,79.097889,NO2,18,25,22
India,Andhra_Pradesh,Chittoor,"Gangineni Cheruvu, Chittoor - APPCB",27-11-2025 18:00,13.20488,79.097889,NH3,5,6,6
India,Andhra_Pradesh,Chittoor,"Gangineni Cheruvu, Chittoor - APPCB",27-11-2025 18:00,13.20488,79.097889,SO2,6,34,16
India,Andhra_Pradesh,Chittoor,"Gangineni Cheruvu, Chittoor - APPCB",27-11-2025 18:00,13.20488,79.097889,CO,20,54,36
India,Andhra_Pradesh,Chittoor,"Gangineni Cheruvu, Chittoor - APPCB",27-11-2025 18:00,13.20488,79.097889,OZONE,51,58,55
India,Andhra_Pradesh,Kadapa,"Yerramukkapalli, Kadapa - APPCB",27-11-2025 18:00,14.465052,78.824187,PM2.5,58,64,60
India,Andhra_Pradesh,Kadapa,"Yerramukkapalli, Kadapa - APPCB",27-11-2025 18:00,14.465052,78.824187,NO2,19,25,20
India,Andhra_Pradesh,Kadapa,"Yerramukkapalli, Kadapa - APPCB",27-11-2025 18:00,14.465052,78.824187,NH3,3,5,4
India,Bihar,Bhagalpur,"DM Office_Kachari Chowk, Bhagalpur - BSPCB",27-11-2025 18:00,25.251013,86.989001,OZONE,10,25,15
India,Bihar,Bhagalpur,"Mayaganj, Bhagalpur - BSPCB",27-11-2025 18:00,25.265194,87.012947,PM10,49,119,88
India,Bihar,Bhagalpur,"Mayaganj, Bhagalpur - BSPCB",27-11-2025 18:00,25.265194,87.012947,NH3,1,17,10
India,Bihar,Bihar Sharif,"D M Colony, Bihar Sharif - BSPCB",27-11-2025 18:00,25.204762,85.51496,PM10,31,113,67
India,Bihar,Bihar Sharif,"D M Colony, Bihar Sharif - BSPCB",27-11-2025 18:00,25.204762,85.51496,NO2,9,10,9
India,Bihar,Buxar,"Charitra Van, Buxar - BSPCB",27-11-2025 18:00,25.56752,83.966379,NH3,3,3,3
India,Bihar,Buxar,"Charitra Van, Buxar - BSPCB",27-11-2025 18:00,25.56752,83.966379,SO2,2,9,5
India,Bihar,Buxar,"Charitra Van, Buxar - BSPCB",27-11-2025 18:00,25.56752,83.966379,OZONE,2,68,41
India,Bihar,Chhapra,"Darshan Nagar, Chhapra - BSPCB",27-11-2025 18:00,25.7808257,84.7446768,PM10,26,105,70
India,Bihar,Gaya,"Collectorate, Gaya - BSPCB",27-11-2025 18:00,24.7955,84.9994,SO2,3,22,9
India,Bihar,Gaya,"Kareemganj, Gaya - BSPCB",27-11-2025 18:00,24.792403,84.992416,OZONE,6,28,22
India,Bihar,Hajipur,"Industrial Area, Hajipur - BSPCB",27-11-2025 18:00,25.697189,85.2459,PM2.5,64,329,160
India,Assam,Nagaon,"Christianpatty, Nagaon - PCBA",27-11-2025 18:00,26.349082,92.68449,SO2,2,14,12
India,Assam,Nalbari,"Bata Chowk, Nalbari - PCBA",27-11-2025 18:00,26.446912,91.439057,NO2,12,18,15
India,Assam,Silchar,"Tarapur, Silchar - PCBA",27-11-2025 18:00,24.82827,92.79525,PM2.5,30,62,42
India,Assam,Silchar,"Tarapur, Silchar - PCBA",27-11-2025 18:00,24.82827,92.79525,NH3,1,1,1
India,Assam,Sivasagar,"Girls College, Sivasagar - PCBA",27-11-2025 18:00,26.987634,94.636574,SO2,8,12,10
India,Assam,Sivasagar,"Girls College, Sivasagar - PCBA",27-11-2025 18:00,26.987634,94.636574,OZONE,4,90,64
India,Bihar,Araria,"Kharahiya Basti, Araria - BSPCB",27-11-2025 18:00,26.146529,87.454184,OZONE,9,11,10
India,Bihar,Aurangabad,"Gurdeo Nagar, Aurangabad - BSPCB",27-11-2025 18:00,24.75746,84.366208,PM2.5,38,97,60
India,Bihar,Aurangabad,"Gurdeo Nagar, Aurangabad - BSPCB",27-11-2025 18:00,24.75746,84.366208,CO,101,103,102
India,Bihar,Begusarai,"Lohiyanagar, Begusarai - BSPCB",27-11-2025 18:00,25.42742023,86.13886079,PM2.5,21,170,46
India,Bihar,Begusarai,"Lohiyanagar, Begusarai - BSPCB",27-11-2025 18:00,25.42742023,86.13886079,PM10,28,114,45
India,Andhra_Pradesh,Tirumala,"Toll Gate, Tirumala - APPCB",27-11-2025 18:00,13.67,79.35,NH3,1,1,1
India,Andhra_Pradesh,Tirumala,"Toll Gate, Tirumala - APPCB",27-11-2025 18:00,13.67,79.35,OZONE,11,342,14
India,Andhra_Pradesh,Tirupati,"Vaikuntapuram, Tirupati - APPCB",27-11-2025 18:00,13.615387,79.40923,PM2.5,21,35,31
India,Andhra_Pradesh,Vijayawada,"HB Colony, Vijayawada - APPCB",27-11-2025 18:00,16.536107,80.594233,NO2,16,30,18
India,Andhra_Pradesh,Vijayawada,"HB Colony, Vijayawada - APPCB",27-11-2025 18:00,16.536107,80.594233,NH3,3,5,3
India,Bihar,Katihar,"Mirchaibari, Katihar - BSPCB",27-11-2025 18:00,25.560083,87.553265,SO2,12,24,18
India,Bihar,Kishanganj,"SDM Office_Khagra, Kishanganj - BSPCB",27-11-2025 18:00,26.0881305,87.93840336,PM10,NA,NA,NA
India,Bihar,Kishanganj,"SDM Office_Khagra, Kishanganj - BSPCB",27-11-2025 18:00,26.0881305,87.93840336,NO2,9,13,10
India,Bihar,Manguraha,"Forest Rest House, Manguraha - BSPCB",27-11-2025 18:00,27.308328,84.531742,CO,32,34,32
India,Andaman and Nicobar,Sri Vijaya Puram,"Police Line, Sri Vijaya Puram - ANPCC",27-11-2025 18:00,11.654054,92.734055,PM2.5,NA,NA,NA
India,Andaman and Nicobar,Sri Vijaya Puram,"Police Line, Sri Vijaya Puram - ANPCC",27-11-2025 18:00,11.654054,92.734055,SO2,NA,NA,NA
India,Chhattisgarh,Tumidih,"OP Jindal Industrial Park, Tumidih - CECB",27-11-2025 18:00,22.06631475,83.33820077,OZONE,11,106,88
India,Delhi,Delhi,"Alipur, Delhi - DPCC",27-11-2025 18:00,28.815329,77.15301,PM10,123,500,321
India,Delhi,Delhi,"Alipur, Delhi - DPCC",27-11-2025 18:00,28.815329,77.15301,CO,100,169,109
India,Delhi,Delhi,"Alipur, Delhi - DPCC",27-11-2025 18:00,28.815329,77.15301,OZONE,6,68,45
India,Delhi,Delhi,"Anand Vihar, Delhi - DPCC",27-11-2025 18:00,28.647622,77.315809,PM10,149,500,390
India,Delhi,Delhi,"Anand Vihar, Delhi - DPCC",27-11-2025 18:00,28.647622,77.315809,NO2,64,185,123
India,Delhi,Delhi,"Anand Vihar, Delhi - DPCC",27-11-2025 18:00,28.647622,77.315809,SO2,52,104,71
India,Delhi,Delhi,"Ashok Vihar, Delhi - DPCC",27-11-2025 18:00,28.695381,77.181665,PM10,224,489,379
India,Delhi,Delhi,"Ashok Vihar, Delhi - DPCC",27-11-2025 18:00,28.695381,77.181665,NO2,35,154,103
India,Delhi,Delhi,"Ashok Vihar, Delhi - DPCC",27-11-2025 18:00,28.695381,77.181665,OZONE,5,189,104
India,Delhi,Delhi,"Aya Nagar, Delhi - IMD",27-11-2025 18:00,28.4706914,77.1099364,PM10,174,434,314
India,Delhi,Delhi,"Bawana, Delhi - DPCC",27-11-2025 18:00,28.7762,77.051074,PM10,164,500,380
India,Bihar,Patna,"DRM Office Danapur, Patna - BSPCB",27-11-2025 18:00,25.586562,85.043586,SO2,8,12,9
India,Bihar,Patna,"DRM Office Danapur, Patna - BSPCB",27-11-2025 18:00,25.586562,85.043586,CO,16,165,58
India,Bihar,Patna,"Govt. High School Shikarpur, Patna - BSPCB",27-11-2025 18:00,25.592539,85.227158,NO2,2,51,33
India,Bihar,Patna,"Govt. High School Shikarpur, Patna - BSPCB",27-11-2025 18:00,25.592539,85.227158,OZONE,8,12,10
India,Bihar,Patna,"IGSC Planetarium Complex, Patna - BSPCB",27-11-2025 18:00,25.610369,85.132568,PM2.5,61,313,209
India,Bihar,Patna,"IGSC Planetarium Complex, Patna - BSPCB",27-11-2025 18:00,25.610369,85.132568,CO,56,67,58
India,Bihar,Patna,"Muradpur, Patna - BSPCB",27-11-2025 18:00,25.619651,85.147382,NH3,4,5,5
India,Bihar,Patna,"Muradpur, Patna - BSPCB",27-11-2025 18:00,25.619651,85.147382,SO2,7,10,9
India,Bihar,Patna,"Rajbansi Nagar, Patna - BSPCB",27-11-2025 18:00,25.599486,85.113666,PM10,47,150,90
India,Bihar,Patna,"Rajbansi Nagar, Patna - BSPCB",27-11-2025 18:00,25.599486,85.113666,NO2,50,247,107
India,Chhattisgarh,Raipur,"Bhatagaon New ISBT, Raipur - CECB",27-11-2025 18:00,21.219665,81.630094,PM2.5,NA,NA,NA
India,Chhattisgarh,Raipur,"Bhatagaon New ISBT, Raipur - CECB",27-11-2025 18:00,21.219665,81.630094,NO2,NA,NA,NA
India,Chhattisgarh,Raipur,"Bhatagaon New ISBT, Raipur - CECB",27-11-2025 18:00,21.219665,81.630094,SO2,NA,NA,NA
India,Chhattisgarh,Raipur,"Bhatagaon New ISBT, Raipur - CECB",27-11-2025 18:00,21.219665,81.630094,CO,32,38,34
India,Chhattisgarh,Raipur,"Krishak Nagar, Raipur - CECB",27-11-2025 18:00,21.237755,81.705301,NH3,2,2,2
India,Chhattisgarh,Raipur,"Krishak Nagar, Raipur - CECB",27-11-2025 18:00,21.237755,81.705301,SO2,5,12,8
India,Chhattisgarh,Raipur,"Siltara Phase-II, Raipur - CECB",27-11-2025 18:00,21.371751,81.664929,PM2.5,3,76,38
India,Chhattisgarh,Raipur,"Siltara Phase-II, Raipur - CECB",27-11-2025 18:00,21.371751,81.664929,NO2,9,20,14
India,Chhattisgarh,Tumidih,"OP Jindal Industrial Park, Tumidih - CECB",27-11-2025 18:00,22.06631475,83.33820077,PM10,55,127,83
India,Chhattisgarh,Tumidih,"OP Jindal Industrial Park, Tumidih - CECB",27-11-2025 18:00,22.06631475,83.33820077,SO2,5,24,7
India,Chhattisgarh,Korba,"Urja Nagar, Korba - CECB",27-11-2025 18:00,22.348441,82.549611,CO,21,64,23
India,Chhattisgarh,Kunjemura,"OP Jindal School, Kunjemura - CECB",27-11-2025 18:00,22.12665,83.483212,NO2,9,40,25
India,Chhattisgarh,Milupara,"Govt. Higher Secondary School, Milupara - CECB",27-11-2025 18:00,22.1910172,83.5197009,PM2.5,46,102,66
India,Chhattisgarh,Milupara,"Govt. Higher Secondary School, Milupara - CECB",27-11-2025 18:00,22.1910172,83.5197009,PM10,54,147,83
India,Chhattisgarh,Milupara,"Govt. Higher Secondary School, Milupara - CECB",27-11-2025 18:00,22.1910172,83.5197009,NH3,1,2,2
India,Chhattisgarh,Milupara,"Govt. Higher Secondary School, Milupara - CECB",27-11-2025 18:00,22.1910172,83.5197009,OZONE,9,135,109
India,Bihar,Patna,"Rajbansi Nagar, Patna - BSPCB",27-11-2025 18:00,25.599486,85.113666,SO2,7,8,8
India,Bihar,Purnia,"Mariam Nagar, Purnia - BSPCB",27-11-2025 18:00,25.366336,87.117468,NO2,5,7,6
India,Bihar,Rajgir,"Dangi Tola, Rajgir - BSPCB",27-11-2025 18:00,25.0328,85.41948,PM2.5,25,173,79
India,Bihar,Rajgir,"Dangi Tola, Rajgir - BSPCB",27-11-2025 18:00,25.0328,85.41948,NO2,8,10,9
India,Bihar,Rajgir,"Dangi Tola, Rajgir - BSPCB",27-11-2025 18:00,25.0328,85.41948,SO2,14,24,20
India,Bihar,Saharsa,"Police Line, Saharsa - BSPCB",27-11-2025 18:00,25.892357,86.590325,PM10,35,153,94
India,Bihar,Samastipur,"DM Office_Kasipur, Samastipur - BSPCB",27-11-2025 18:00,25.859655,85.77944,PM10,23,120,58
India,Bihar,Samastipur,"DM Office_Kasipur, Samastipur - BSPCB",27-11-2025 18:00,25.859655,85.77944,NO2,7,10,9
India,Bihar,Samastipur,"DM Office_Kasipur, Samastipur - BSPCB",27-11-2025 18:00,25.859655,85.77944,NH3,1,2,2
India,Bihar,Samastipur,"DM Office_Kasipur, Samastipur - BSPCB",27-11-2025 18:00,25.859655,85.77944,SO2,18,28,25
India,Bihar,Sasaram,"Dada Peer, Sasaram - BSPCB",27-11-2025 18:00,24.952822,84.002396,PM2.5,32,98,57
India,Bihar,Sasaram,"Dada Peer, Sasaram - BSPCB",27-11-2025 18:00,24.952822,84.002396,PM10,70,323,154
India,Chhattisgarh,Bhilai,"Civic Center, Bhilai - Bhilai Steel Plant",27-11-2025 18:00,21.185571,81.343175,OZONE,8,15,11
India,Chhattisgarh,Bhilai,"Hathkhoj, Bhilai - CECB",27-11-2025 18:00,21.224231,81.40835,PM2.5,35,98,64
India,Chhattisgarh,Chhal,"Nawapara SECL Colony, Chhal - CECB",27-11-2025 18:00,22.118125,83.140608,PM10,42,123,70
India,Chhattisgarh,Korba,"Rampur, Korba - CECB",27-11-2025 18:00,22.368195,82.746431,NH3,2,2,2
India,Chandigarh,Chandigarh,"Sector-25, Chandigarh - CPCC",27-11-2025 18:00,30.751462,76.762879,PM2.5,58,230,125
India,Chandigarh,Chandigarh,"Sector-25, Chandigarh - CPCC",27-11-2025 18:00,30.751462,76.762879,CO,28,78,31
India,Chandigarh,Chandigarh,"Sector-25, Chandigarh - CPCC",27-11-2025 18:00,30.751462,76.762879,OZONE,1,76,47
India,Chandigarh,Chandigarh,"Sector-53, Chandigarh - CPCC",27-11-2025 18:00,30.719859,76.738637,NH3,NA,NA,NA
India,Chandigarh,Chandigarh,"Sector-53, Chandigarh - CPCC",27-11-2025 18:00,30.719859,76.738637,OZONE,NA,NA,NA
India,Bihar,Sasaram,"Dada Peer, Sasaram - BSPCB",27-11-2025 18:00,24.952822,84.002396,NH3,3,3,3
India,Chandigarh,Chandigarh,"Sector 22, Chandigarh - CPCC",27-11-2025 18:00,30.735567,76.775714,PM2.5,38,263,113
India,Chandigarh,Chandigarh,"Sector 22, Chandigarh - CPCC",27-11-2025 18:00,30.735567,76.775714,PM10,41,191,93
India,Delhi,Delhi,"ITO, Delhi - CPCB",27-11-2025 18:00,28.628624,77.24106,OZONE,10,109,50
India,Delhi,Delhi,"Jahangirpuri, Delhi - DPCC",27-11-2025 18:00,28.73282,77.170633,PM2.5,200,500,406
India,Delhi,Delhi,"Jahangirpuri, Delhi - DPCC",27-11-2025 18:00,28.73282,77.170633,NH3,7,11,9
India,Delhi,Delhi,"Jawaharlal Nehru Stadium, Delhi - DPCC",27-11-2025 18:00,28.58028,77.233829,PM2.5,293,499,388
India,Delhi,Delhi,"Lodhi Road, Delhi - IITM",27-11-2025 18:00,28.588333,77.221667,PM2.5,226,413,329
India,Delhi,Delhi,"Lodhi Road, Delhi - IMD",27-11-2025 18:00,28.5918245,77.2273074,CO,32,108,66
India,Delhi,Delhi,"Major Dhyan Chand National Stadium, Delhi - DPCC",27-11-2025 18:00,28.611281,77.237738,PM10,210,457,294
India,Delhi,Delhi,"Rohini, Delhi - DPCC",27-11-2025 18:00,28.732528,77.11992,PM2.5,307,500,434
India,Delhi,Delhi,"Rohini, Delhi - DPCC",27-11-2025 18:00,28.732528,77.11992,CO,25,181,65
India,Delhi,Delhi,"Shadipur, Delhi - CPCB",27-11-2025 18:00,28.6514781,77.1473105,PM10,224,449,392
India,Delhi,Delhi,"Shadipur, Delhi - CPCB",27-11-2025 18:00,28.6514781,77.1473105,CO,11,137,67
India,Delhi,Delhi,"Sirifort, Delhi - CPCB",27-11-2025 18:00,28.5504249,77.2159377,CO,53,148,102
India,Delhi,Delhi,"Sirifort, Delhi - CPCB",27-11-2025 18:00,28.5504249,77.2159377,OZONE,12,30,20
India,Delhi,Delhi,"Sonia Vihar, Delhi - DPCC",27-11-2025 18:00,28.710508,77.249485,PM2.5,203,500,357
India,Delhi,Delhi,"Sonia Vihar, Delhi - DPCC",27-11-2025 18:00,28.710508,77.249485,OZONE,3,244,127
India,Delhi,Delhi,"Mandir Marg, Delhi - DPCC",27-11-2025 18:00,28.636429,77.201067,PM2.5,83,444,306
India,Delhi,Delhi,"Mandir Marg, Delhi - DPCC",27-11-2025 18:00,28.636429,77.201067,PM10,109,428,276
India,Delhi,Delhi,"Mundka, Delhi - DPCC",27-11-2025 18:00,28.684678,77.076574,PM10,131,487,344
India,Delhi,Delhi,"Mundka, Delhi - DPCC",27-11-2025 18:00,28.684678,77.076574,NO2,91,235,126
India,Delhi,Delhi,"Mundka, Delhi - DPCC",27-11-2025 18:00,28.684678,77.076574,CO,13,128,60
India,Delhi,Delhi,"Mundka, Delhi - DPCC",27-11-2025 18:00,28.684678,77.076574,OZONE,3,119,60
India,Delhi,Delhi,"Najafgarh, Delhi - DPCC",27-11-2025 18:00,28.570173,76.933762,NO2,61,104,82
India,Delhi,Delhi,"Najafgarh, Delhi - DPCC",27-11-2025 18:00,28.570173,76.933762,CO,54,101,80
India,Delhi,Delhi,"Dr. Karni Singh Shooting Range, Delhi - DPCC",27-11-2025 18:00,28.498571,77.26484,SO2,11,37,19
India,Delhi,Delhi,"Dwarka-Sector 8, Delhi - DPCC ",27-11-2025 18:00,28.5710274,77.0719006,NH3,18,26,22
India,Delhi,Delhi,"Dwarka-Sector 8, Delhi - DPCC ",27-11-2025 18:00,28.5710274,77.0719006,CO,62,173,98
India,Delhi,Delhi,"IGI Airport (T3), Delhi - IMD",27-11-2025 18:00,28.5627763,77.1180053,NO2,115,287,171
India,Delhi,Delhi,"ITO, Delhi - CPCB",27-11-2025 18:00,28.628624,77.24106,NO2,29,263,164
India,Delhi,Delhi,"ITO, Delhi - CPCB",27-11-2025 18:00,28.628624,77.24106,NH3,3,8,6
India,Gujarat,Ahmedabad,"Maninagar, Ahmedabad - GPCB",27-11-2025 18:00,23.002657,72.591912,SO2,32,63,45
India,Gujarat,Ahmedabad,"Raikhad, Ahmedabad - IITM",27-11-2025 18:00,23.020509,72.579261,PM2.5,209,320,275
India,Gujarat,Ahmedabad,"Rakhial, Ahmedabad - IITM",27-11-2025 18:00,23.016834,72.625775,PM10,98,158,130
India,Gujarat,Ahmedabad,"Rakhial, Ahmedabad - IITM",27-11-2025 18:00,23.016834,72.625775,NO2,14,55,24
India,Gujarat,Ahmedabad,"Rakhial, Ahmedabad - IITM",27-11-2025 18:00,23.016834,72.625775,OZONE,11,49,31
India,Delhi,Delhi,"Patparganj, Delhi - DPCC",27-11-2025 18:00,28.623763,77.287209,OZONE,3,214,115
India,Delhi,Delhi,"Punjabi Bagh, Delhi - DPCC",27-11-2025 18:00,28.674045,77.131023,PM2.5,293,500,416
India,Delhi,Delhi,"R K Puram, Delhi - DPCC",27-11-2025 18:00,28.563262,77.186937,NH3,4,7,6
India,Delhi,Delhi,"R K Puram, Delhi - DPCC",27-11-2025 18:00,28.563262,77.186937,CO,62,167,103
India,Delhi,Delhi,"Narela, Delhi - DPCC",27-11-2025 18:00,28.822836,77.101981,SO2,7,42,18
India,Delhi,Delhi,"Nehru Nagar, Delhi - DPCC",27-11-2025 18:00,28.56789,77.250515,CO,113,158,122
India,Delhi,Delhi,"North Campus, DU, Delhi - IMD",27-11-2025 18:00,28.6573814,77.1585447,PM10,169,430,282
India,Delhi,Delhi,"Burari Crossing, Delhi - IMD",27-11-2025 18:00,28.7256504,77.2011573,PM10,143,491,340
India,Delhi,Delhi,"Burari Crossing, Delhi - IMD",27-11-2025 18:00,28.7256504,77.2011573,CO,2,133,46
India,Delhi,Delhi,"DTU, Delhi - CPCB",27-11-2025 18:00,28.7500499,77.1112615,PM2.5,193,500,410
India,Delhi,Delhi,"Sri Aurobindo Marg, Delhi - DPCC",27-11-2025 18:00,28.531346,77.190156,OZONE,1,168,86
India,Haryana,Yamuna Nagar,"Gobind Pura, Yamuna Nagar - HSPCB",27-11-2025 18:00,30.1480566,77.2893471,NH3,1,6,3
India,Haryana,Yamuna Nagar,"Gobind Pura, Yamuna Nagar - HSPCB",27-11-2025 18:00,30.1480566,77.2893471,CO,5,114,60
India,Himachal Pradesh,Baddi,"HIMUDA Complex Phase-1, Baddi - HPPCB",27-11-2025 18:00,30.943887,76.801991,PM10,52,195,112
India,Himachal Pradesh,Baddi,"HIMUDA Complex Phase-1, Baddi - HPPCB",27-11-2025 18:00,30.943887,76.801991,NH3,5,8,6
India,Jammu_and_Kashmir,Srinagar,"Rajbagh, Srinagar - JKSPCB",27-11-2025 18:00,34.066206,74.81982,OZONE,1,14,4
India,Jharkhand,Dhanbad,"Sardar Patel Nagar, Dhanbad - JSPCB",27-11-2025 18:00,23.80569,86.44268,NO2,89,106,94
India,Jharkhand,Jorapokhar,"Tata Stadium, Jorapokhar - JSPCB",27-11-2025 18:00,23.707909,86.41467,PM2.5,NA,NA,NA
India,Haryana,Bahadurgarh,"Arya Nagar, Bahadurgarh - HSPCB",27-11-2025 18:00,28.6701,76.9254,OZONE,16,19,17
India,Haryana,Ballabgarh,"Nathu Colony, Ballabgarh - HSPCB",27-11-2025 18:00,28.3419248,77.319699,NO2,NA,NA,NA
India,Haryana,Ballabgarh,"Nathu Colony, Ballabgarh - HSPCB",27-11-2025 18:00,28.3419248,77.319699,NH3,NA,NA,NA
India,Haryana,Bhiwani,"H.B. Colony, Bhiwani - HSPCB",27-11-2025 18:00,28.806223,76.141105,NO2,1,34,31
India,Haryana,Bhiwani,"H.B. Colony, Bhiwani - HSPCB",27-11-2025 18:00,28.806223,76.141105,NH3,1,8,8
India,Haryana,Bhiwani,"H.B. Colony, Bhiwani - HSPCB",27-11-2025 18:00,28.806223,76.141105,SO2,12,13,13
India,Haryana,Bhiwani,"H.B. Colony, Bhiwani - HSPCB",27-11-2025 18:00,28.806223,76.141105,CO,8,13,11
India,Haryana,Dharuhera,"Municipal Corporation Office, Dharuhera -  HSPCB",27-11-2025 18:00,28.2068,76.7997,SO2,10,22,15
India,Haryana,Dharuhera,"Municipal Corporation Office, Dharuhera -  HSPCB",27-11-2025 18:00,28.2068,76.7997,CO,71,100,87
India,Haryana,Jind,"Police Lines, Jind - HSPCB",27-11-2025 18:00,29.307814,76.337619,PM2.5,67,318,235
India,Haryana,Jind,"Police Lines, Jind - HSPCB",27-11-2025 18:00,29.307814,76.337619,NO2,38,56,47
India,Haryana,Jind,"Police Lines, Jind - HSPCB",27-11-2025 18:00,29.307814,76.337619,NH3,1,3,2
India,Haryana,Kaithal,"Rishi Nagar, Kaithal - HSPCB",27-11-2025 18:00,29.8006,76.4155,PM2.5,61,140,104
India,Haryana,Kaithal,"Rishi Nagar, Kaithal - HSPCB",27-11-2025 18:00,29.8006,76.4155,CO,6,102,41
India,Haryana,Karnal,"Sector-12, Karnal - HSPCB",27-11-2025 18:00,29.6953,77.0027,NH3,5,7,6
India,Haryana,Kurukshetra,"Sector-7, Kurukshetra - HSPCB",27-11-2025 18:00,29.966942,76.875879,SO2,4,15,9
India,Haryana,Mandikhera,"General Hospital, Mandikhera(Nuh) - HSPCB",27-11-2025 18:00,27.9002,76.9938,NH3,13,14,13
India,Haryana,Dharuhera,"Municipal Corporation Office, Dharuhera -  HSPCB",27-11-2025 18:00,28.2068,76.7997,OZONE,6,46,33
India,Haryana,Faridabad,"New Industrial Town, Faridabad - HSPCB",27-11-2025 18:00,28.39072,77.30059,PM2.5,226,241,232
India,Haryana,Faridabad,"New Industrial Town, Faridabad - HSPCB",27-11-2025 18:00,28.39072,77.30059,NO2,23,27,25
India,Haryana,Faridabad,"New Industrial Town, Faridabad - HSPCB",27-11-2025 18:00,28.39072,77.30059,OZONE,28,35,30
India,Haryana,Faridabad,"Sector 11, Faridabad - HSPCB",27-11-2025 18:00,28.376058,77.315741,PM10,NA,NA,NA
India,Haryana,Fatehabad,"Huda Sector, Fatehabad - HSPCB",27-11-2025 18:00,29.503664,75.467934,NH3,13,14,14
India,Haryana,Gurugram,"NISE Gwal Pahari, Gurugram - IMD",27-11-2025 18:00,28.422681,77.148944,PM2.5,248,470,335
India,Gujarat,Ahmedabad,"SAC ISRO Satellite, Ahmedabad - IITM",27-11-2025 18:00,23.023389,72.515201,CO,1,106,41
India,Gujarat,Ankleshwar,"GIDC, Ankleshwar - GPCB",27-11-2025 18:00,21.613267,73.010555,NO2,17,22,20
India,Gujarat,Ankleshwar,"GIDC, Ankleshwar - GPCB",27-11-2025 18:00,21.613267,73.010555,NH3,7,7,7
India,Gujarat,Gandhinagar,"Sector-10, Gandhinagar - GPCB",27-11-2025 18:00,23.221714,72.654328,PM2.5,62,91,75
India,Gujarat,Gandhinagar,"Sector-10, Gandhinagar - GPCB",27-11-2025 18:00,23.221714,72.654328,NO2,17,20,18
India,Gujarat,Gandhinagar,"Sector-10, Gandhinagar - GPCB",27-11-2025 18:00,23.221714,72.654328,CO,23,34,29
India,Haryana,Panipat,"Sector-18, Panipat - HSPCB",27-11-2025 18:00,29.432304,76.972765,CO,NA,NA,NA
India,Haryana,Sirsa,"F-Block, Sirsa - HSPCB",27-11-2025 18:00,29.5364,75.0158,PM2.5,51,136,88
India,Haryana,Sirsa,"F-Block, Sirsa - HSPCB",27-11-2025 18:00,29.5364,75.0158,PM10,61,128,99
India,Haryana,Sirsa,"F-Block, Sirsa - HSPCB",27-11-2025 18:00,29.5364,75.0158,NH3,12,16,14
India,Haryana,Sonipat,"Murthal, Sonipat - HSPCB",27-11-2025 18:00,29.0272,77.0621,PM2.5,160,454,337
India,Haryana,Sonipat,"Murthal, Sonipat - HSPCB",27-11-2025 18:00,29.0272,77.0621,SO2,6,10,8
India,Haryana,Manesar,"Sector-2 IMT, Manesar - HSPCB",27-11-2025 18:00,28.360699,76.93609,SO2,6,39,12
India,Haryana,Manesar,"Sector-2 IMT, Manesar - HSPCB",27-11-2025 18:00,28.360699,76.93609,OZONE,10,50,36
India,Haryana,Palwal,"Shyam Nagar, Palwal - HSPCB",27-11-2025 18:00,28.1485564,77.3320667,CO,10,73,37
India,Haryana,Panchgaon,"Amity University, Panchgaon - IITM",27-11-2025 18:00,28.3153,76.9143,NH3,4,10,6
India,Gujarat,Vatva,"Phase-4 GIDC, Vatva - GPCB",27-11-2025 18:00,22.969611,72.6435,PM10,59,110,81
India,Haryana,Ambala,"Patti Mehar, Ambala - HSPCB",27-11-2025 18:00,30.379589,76.778328,PM2.5,1,500,114
India,Haryana,Bahadurgarh,"Arya Nagar, Bahadurgarh - HSPCB",27-11-2025 18:00,28.6701,76.9254,PM2.5,63,324,222
India,Haryana,Gurugram,"Vikas Sadan, Gurugram - HSPCB",27-11-2025 18:00,28.4501238,77.0263051,OZONE,8,55,42
India,Haryana,Hisar,"Urban Estate-II, Hisar - HSPCB",27-11-2025 18:00,29.14056,75.744941,NH3,NA,NA,NA
India,Haryana,Hisar,"Urban Estate-II, Hisar - HSPCB",27-11-2025 18:00,29.14056,75.744941,CO,36,55,52
India,Karnataka,Bengaluru,"Silk Board, Bengaluru - KSPCB",27-11-2025 18:00,12.917348,77.622813,PM10,117,162,138
India,Karnataka,Bengaluru,"Silk Board, Bengaluru - KSPCB",27-11-2025 18:00,12.917348,77.622813,NH3,2,2,2
India,Karnataka,Chamarajanagar,"Urban, Chamarajanagar - KSPCB",27-11-2025 18:00,11.55358,76.55521,NO2,15,36,28
India,Karnataka,Chamarajanagar,"Urban, Chamarajanagar - KSPCB",27-11-2025 18:00,11.55358,76.55521,NH3,1,3,2
India,Karnataka,Chikkamagaluru,"Kalyana Nagara, Chikkamagaluru - KSPCB",27-11-2025 18:00,13.328028,75.797056,NH3,2,3,3
India,Karnataka,Chikkamagaluru,"Kalyana Nagara, Chikkamagaluru - KSPCB",27-11-2025 18:00,13.328028,75.797056,CO,11,12,11
India,Karnataka,Davanagere,"Devaraj Urs Badavane, Davanagere - KSPCB",27-11-2025 18:00,14.4758,75.9052,PM2.5,78,185,114
India,Karnataka,Davanagere,"Devaraj Urs Badavane, Davanagere - KSPCB",27-11-2025 18:00,14.4758,75.9052,PM10,NA,NA,NA
India,Karnataka,Bengaluru,"Kasturi Nagar, Bengaluru - KSPCB",27-11-2025 18:00,13.003872,77.664217,PM2.5,NA,NA,NA
India,Karnataka,Bengaluru,"Kasturi Nagar, Bengaluru - KSPCB",27-11-2025 18:00,13.003872,77.664217,NH3,NA,NA,NA
India,Karnataka,Bengaluru,"Kasturi Nagar, Bengaluru - KSPCB",27-11-2025 18:00,13.003872,77.664217,OZONE,NA,NA,NA
India,Karnataka,Bengaluru,"Peenya, Bengaluru - CPCB",27-11-2025 18:00,13.0270199,77.494094,PM10,102,137,116
India,Karnataka,Bengaluru,"Peenya, Bengaluru - CPCB",27-11-2025 18:00,13.0270199,77.494094,NH3,6,7,6
India,Karnataka,Bengaluru,"RVCE-Mailasandra, Bengaluru - KSPCB",27-11-2025 18:00,12.921418,77.502466,PM2.5,49,62,52
India,Karnataka,Bengaluru,"Sanegurava Halli, Bengaluru - KSPCB",27-11-2025 18:00,12.990328,77.5431385,PM10,51,55,51
India,Karnataka,Bengaluru,"Shivapura_Peenya, Bengaluru - KSPCB",27-11-2025 18:00,13.0246342,77.5080115,NO2,33,36,34
India,Kerala,Eloor,"Udyogamandal, Eloor - Kerala PCB",27-11-2025 18:00,10.073232,76.302765,CO,32,98,81
India,Kerala,Kannur,"Thavakkara, Kannur - Kerala PCB",27-11-2025 18:00,11.875,75.3732,NO2,16,18,17
India,Kerala,Kannur,"Thavakkara, Kannur - Kerala PCB",27-11-2025 18:00,11.875,75.3732,NH3,2,3,2
India,Kerala,Thiruvananthapuram,"Kariavattom, Thiruvananthapuram - Kerala PCB",27-11-2025 18:00,8.5637,76.8865,PM2.5,31,44,36
India,Kerala,Thiruvananthapuram,"Kariavattom, Thiruvananthapuram - Kerala PCB",27-11-2025 18:00,8.5637,76.8865,OZONE,36,36,36
India,Kerala,Thiruvananthapuram,"Plammoodu, Thiruvananthapuram - Kerala PCB",27-11-2025 18:00,8.5149093,76.9435879,PM2.5,NA,NA,NA
India,Kerala,Thiruvananthapuram,"Plammoodu, Thiruvananthapuram - Kerala PCB",27-11-2025 18:00,8.5149093,76.9435879,NH3,NA,NA,NA
India,Kerala,Thiruvananthapuram,"Plammoodu, Thiruvananthapuram - Kerala PCB",27-11-2025 18:00,8.5149093,76.9435879,SO2,NA,NA,NA
India,Karnataka,Kalaburagi,"Mahatma Basaveswar Colony, Kalaburgi - KSPCB",27-11-2025 18:00,17.336318,76.847397,NH3,3,3,3
India,Karnataka,Kalaburagi,"Mahatma Basaveswar Colony, Kalaburgi - KSPCB",27-11-2025 18:00,17.336318,76.847397,CO,37,57,40
India,Karnataka,Madikeri,"Stuart Hill, Madikeri - KSPCB",27-11-2025 18:00,12.415911,75.73505,OZONE,3,7,4
India,Karnataka,Mangalore,"Kadri, Mangalore - KSPCB",27-11-2025 18:00,12.88925,74.853,NO2,9,13,11
India,Karnataka,Mangalore,"Kadri, Mangalore - KSPCB",27-11-2025 18:00,12.88925,74.853,NH3,3,3,3
India,Karnataka,Mangalore,"Kadri, Mangalore - KSPCB",27-11-2025 18:00,12.88925,74.853,SO2,15,16,15
India,Karnataka,Mangalore,"Kadri, Mangalore - KSPCB",27-11-2025 18:00,12.88925,74.853,OZONE,8,43,23
India,Karnataka,Mysuru,"Hebbal 1st Stage, Mysuru - KSPCB",27-11-2025 18:00,12.21041,76.37376,SO2,4,9,6
India,Karnataka,Mysuru,"Hebbal 1st Stage, Mysuru - KSPCB",27-11-2025 18:00,12.21041,76.37376,CO,6,32,20
India,Karnataka,Shivamogga,"Vinoba Nagara, Shivamogga - KSPCB",27-11-2025 18:00,13.94,75.555917,CO,11,34,20
India,Karnataka,Shivamogga,"Vinoba Nagara, Shivamogga - KSPCB",27-11-2025 18:00,13.94,75.555917,OZONE,23,69,65
India,Karnataka,Udupi,"Brahmagiri, Udupi - KSPCB",27-11-2025 18:00,13.34194444,74.74694444,OZONE,NA,NA,NA
India,Karnataka,Bengaluru,"Hebbal, Bengaluru - KSPCB",27-11-2025 18:00,13.029152,77.585901,PM10,87,119,102
India,Karnataka,Bengaluru,"Jayanagar 5th Block, Bengaluru - KSPCB",27-11-2025 18:00,12.920984,77.584908,CO,10,74,39
India,Karnataka,Bengaluru,"Jigani, Bengaluru - KSPCB",27-11-2025 18:00,12.7816279,77.6299145,PM10,46,146,93
India,Karnataka,Bengaluru,"Jigani, Bengaluru - KSPCB",27-11-2025 18:00,12.7816279,77.6299145,NO2,26,27,26
India,Karnataka,Bengaluru,"Jigani, Bengaluru - KSPCB",27-11-2025 18:00,12.7816279,77.6299145,SO2,23,23,23
India,Madhya Pradesh,Bhopal,"Paryavaran Parisar, Bhopal - MPPCB",27-11-2025 18:00,23.210494,77.425409,PM10,134,265,168
India,Madhya Pradesh,Damoh,"Shrivastav Colony, Damoh - MPPCB",27-11-2025 18:00,23.81748678,79.446246,PM10,13,56,24
India,Madhya Pradesh,Dewas,"Bhopal Chauraha, Dewas - MPPCB",27-11-2025 18:00,22.9682591,76.064118,PM10,125,173,155
India,Karnataka,Dharwad,"Kalabhavan, Dharwad - KSPCB",27-11-2025 18:00,15.459706,75.008381,PM10,81,95,90
India,Karnataka,Dharwad,"Kalabhavan, Dharwad - KSPCB",27-11-2025 18:00,15.459706,75.008381,NH3,5,6,5
India,Karnataka,Dharwad,"Kalabhavan, Dharwad - KSPCB",27-11-2025 18:00,15.459706,75.008381,SO2,1,4,3
India,Karnataka,Hubballi,"Lingaraj Nagar, Hubballi - KSPCB",27-11-2025 18:00,15.3714823,75.1160168,NH3,1,2,1
India,Karnataka,Bengaluru,"BTM Layout, Bengaluru - CPCB",27-11-2025 18:00,12.9135218,77.5950804,OZONE,20,25,21
India,Karnataka,Bengaluru,"BWSSB Kadabesanahalli, Bengaluru - CPCB",27-11-2025 18:00,12.9352049,77.6814488,NO2,NA,NA,NA
India,Karnataka,Bengaluru,"City Railway Station, Bengaluru - KSPCB",27-11-2025 18:00,12.9756843,77.5660749,NO2,36,43,39
India,Madhya Pradesh,Indore,"Airport Area, Indore - IMC",27-11-2025 18:00,22.7289,75.8076,OZONE,4,9,7
India,Madhya Pradesh,Indore,"Chhoti Gwaltoli, Indore - MPPCB",27-11-2025 18:00,22.431,75.5213,PM10,118,186,152
India,Madhya Pradesh,Indore,"Chhoti Gwaltoli, Indore - MPPCB",27-11-2025 18:00,22.431,75.5213,OZONE,31,88,79
India,Madhya Pradesh,Indore,"Maguda Nagar, Indore - IMC",27-11-2025 18:00,22.7524,75.8872,PM10,51,106,73
India,Madhya Pradesh,Indore,"Regional Park, Indore - IMC",27-11-2025 18:00,22.678,75.8559,PM2.5,58,107,81
India,Madhya Pradesh,Indore,"Regional Park, Indore - IMC",27-11-2025 18:00,22.678,75.8559,SO2,22,28,25
India,Madhya Pradesh,Indore,"Regional Park, Indore - IMC",27-11-2025 18:00,22.678,75.8559,CO,24,32,28
India,Madhya Pradesh,Indore,"Regional Park, Indore - IMC",27-11-2025 18:00,22.678,75.8559,OZONE,12,15,14
India,Madhya Pradesh,Indore,"Residency Area, Indore - IMC",27-11-2025 18:00,22.7084,75.8815,SO2,26,28,27
India,Maharashtra,Ahmednagar,"Tarakpur, Ahmednagar - MPCB",27-11-2025 18:00,19.10122,74.73339,NH3,2,6,2
India,Maharashtra,Akola,"Ramdaspeth, Akola - MPCB",27-11-2025 18:00,20.719516,77.000253,OZONE,9,64,44
India,Maharashtra,Amravati,"Shivneri Colony, Amravati - MPCB",27-11-2025 18:00,20.9402359,77.7895248,PM2.5,142,177,159
India,Maharashtra,Amravati,"Shri Shivaji Science College, Amravati - MPCB",27-11-2025 18:00,20.939198,77.765701,PM2.5,97,183,141
India,Maharashtra,Aurangabad,"MIDC Chilkalthana, Aurangabad - MPCB",27-11-2025 18:00,19.87562,75.38731,PM10,57,123,96
India,Maharashtra,Aurangabad,"MIDC Chilkalthana, Aurangabad - MPCB",27-11-2025 18:00,19.87562,75.38731,NO2,12,88,36
India,Madhya Pradesh,Sagar,"Civil Lines, Sagar - MPPCB",27-11-2025 18:00,23.838586,78.759431,NO2,10,83,25
India,Madhya Pradesh,Satna,"Bandhavgar Colony, Satna - Birla Cement",27-11-2025 18:00,24.58434363,80.8549414,CO,20,74,25
India,Madhya Pradesh,Satna,"Bandhavgar Colony, Satna - Birla Cement",27-11-2025 18:00,24.58434363,80.8549414,OZONE,1,44,32
India,Madhya Pradesh,Singrauli,"Suryakiran Bhawan NCL, Singrauli - MPPCB",27-11-2025 18:00,24.10897,82.64558,SO2,20,32,26
India,Madhya Pradesh,Singrauli,"Suryakiran Bhawan NCL, Singrauli - MPPCB",27-11-2025 18:00,24.10897,82.64558,CO,13,116,70
India,Maharashtra,Ahmednagar,"Tarakpur, Ahmednagar - MPCB",27-11-2025 18:00,19.10122,74.73339,PM2.5,29,97,59
India,Madhya Pradesh,Katni,"Gole Bazar, Katni - MPPCB",27-11-2025 18:00,23.50016,80.23284,PM10,65,338,157
India,Madhya Pradesh,Maihar,"Sahilara, Maihar - KJS Cements",27-11-2025 18:00,24.2613009,80.7231783,PM2.5,5,78,38
India,Madhya Pradesh,Mandideep,"Sector-D Industrial Area, Mandideep - MPPCB",27-11-2025 18:00,23.10844,77.511428,OZONE,42,90,77
India,Madhya Pradesh,Pithampur,"Sector-2 Industrial Area, Pithampur - MPPCB",27-11-2025 18:00,22.624758,75.675238,CO,18,61,33
India,Maharashtra,Bhiwandi,"Gokul Nagar, Bhiwandi - MPCB",27-11-2025 18:00,19.309073,73.057223,NO2,17,41,30
India,Maharashtra,Boisar,"Khaira, Boisar - MPCB",27-11-2025 18:00,19.786089,72.757971,PM2.5,9,266,90
India,Maharashtra,Chandrapur,"MIDC Khutala, Chandrapur - MPCB",27-11-2025 18:00,19.9775302,79.2337086,NO2,11,55,23
India,Maharashtra,Chandrapur,"MIDC Khutala, Chandrapur - MPCB",27-11-2025 18:00,19.9775302,79.2337086,CO,36,42,39
India,Maharashtra,Chandrapur,"MIDC Khutala, Chandrapur - MPCB",27-11-2025 18:00,19.9775302,79.2337086,OZONE,17,19,18
India,Maharashtra,Aurangabad,"More Chowk Waluj, Aurangabad - MPCB",27-11-2025 18:00,19.8389439,75.244448,NH3,10,11,11
India,Maharashtra,Aurangabad,"More Chowk Waluj, Aurangabad - MPCB",27-11-2025 18:00,19.8389439,75.244448,CO,7,137,63
India,Maharashtra,Aurangabad,"More Chowk Waluj, Aurangabad - MPCB",27-11-2025 18:00,19.8389439,75.244448,OZONE,26,30,27
India,Maharashtra,Badlapur,"Katrap, Badlapur - MPCB",27-11-2025 18:00,19.16485,73.23409,NO2,12,45,27
India,Maharashtra,Belapur,"CBD Belapur, Belapur - MPCB",27-11-2025 18:00,19.0243902,73.0406721,CO,3,49,22
India,Madhya Pradesh,Dewas,"Bhopal Chauraha, Dewas - MPPCB",27-11-2025 18:00,22.9682591,76.064118,NH3,3,3,3
India,Madhya Pradesh,Gwalior,"City Center, Gwalior - MPPCB",27-11-2025 18:00,26.203442,78.193251,OZONE,46,79,69
India,Madhya Pradesh,Gwalior,"Deen Dayal Nagar, Gwalior - MPPCB",27-11-2025 18:00,26.259242,78.216432,SO2,2,58,17
India,Madhya Pradesh,Gwalior,"Maharaj Bada, Gwalior - MPPCB",27-11-2025 18:00,26.200388,78.147714,CO,6,156,26
India,Madhya Pradesh,Jabalpur,"Marhatal, Jabalpur - MPPCB",27-11-2025 18:00,23.168606,79.932247,PM10,84,149,107
India,Madhya Pradesh,Jabalpur,"Suhagi, Jabalpur - JMC",27-11-2025 18:00,23.218135,79.95777,PM10,83,164,110
India,Madhya Pradesh,Jabalpur,"Govindh Bhavan Colony, Jabalpur - JMC",27-11-2025 18:00,23.163174,79.973061,NH3,1,2,2
India,Maharashtra,Mumbai,"Chhatrapati Shivaji Intl. Airport (T2), Mumbai - MPCB",27-11-2025 18:00,19.10078,72.87462,SO2,NA,NA,NA
India,Maharashtra,Mumbai,"Colaba, Mumbai - MPCB",27-11-2025 18:00,18.91,72.82,NH3,3,3,3
India,Maharashtra,Mumbai,"Deonar, Mumbai - IITM",27-11-2025 18:00,19.04946,72.923,SO2,3,8,5
India,Maharashtra,Mumbai,"Ghatkopar, Mumbai - BMC",27-11-2025 18:00,19.083694,72.920967,PM2.5,73,169,109
India,Maharashtra,Mumbai,"Ghatkopar, Mumbai - BMC",27-11-2025 18:00,19.083694,72.920967,NO2,30,95,53
India,Maharashtra,Mumbai,"Ghatkopar, Mumbai - BMC",27-11-2025 18:00,19.083694,72.920967,NH3,1,7,4
India,Maharashtra,Mumbai,"Ghatkopar, Mumbai - BMC",27-11-2025 18:00,19.083694,72.920967,SO2,2,5,4
India,Maharashtra,Mumbai,"Kandivali East, Mumbai - MPCB",27-11-2025 18:00,19.2058,72.8682,PM2.5,48,293,155
India,Maharashtra,Dhule,"Deopur, Dhule - MPCB",27-11-2025 18:00,20.918946,74.776388,NH3,2,3,2
India,Maharashtra,Jalgaon,"Prabhat Colony, Jalgaon - MPCB",27-11-2025 18:00,21.001264,75.565602,NO2,4,15,7
India,Maharashtra,Jalgaon,"Prabhat Colony, Jalgaon - MPCB",27-11-2025 18:00,21.001264,75.565602,NH3,2,3,3
India,Maharashtra,Jalna,"Old MIDC, Jalna - MPCB",27-11-2025 18:00,19.854616,75.905894,PM2.5,43,81,60
India,Maharashtra,Jalna,"Old MIDC, Jalna - MPCB",27-11-2025 18:00,19.854616,75.905894,CO,11,30,16
India,Maharashtra,Kalyan,"Khadakpada, Kalyan - MPCB",27-11-2025 18:00,19.25292,73.142019,NH3,1,1,1
India,Maharashtra,Kalyan,"Pimpleshwar Mandir, Kalyan - MPCB",27-11-2025 18:00,19.192056,72.9585188,PM10,NA,NA,NA
India,Maharashtra,Kalyan,"Pimpleshwar Mandir, Kalyan - MPCB",27-11-2025 18:00,19.192056,72.9585188,NH3,1,5,2
India,Maharashtra,Mumbai,"Vile Parle West, Mumbai - MPCB",27-11-2025 18:00,19.10861,72.83622,NO2,4,30,20
India,Maharashtra,Mumbai,"Vile Parle West, Mumbai - MPCB",27-11-2025 18:00,19.10861,72.83622,SO2,7,59,40
India,Maharashtra,Mumbai,"Vile Parle West, Mumbai - MPCB",27-11-2025 18:00,19.10861,72.83622,OZONE,3,27,10
India,Maharashtra,Mumbai,"Worli, Mumbai - MPCB",27-11-2025 18:00,18.9936162,72.8128113,CO,4,23,16
India,Maharashtra,Mumbai,"Worli, Mumbai - MPCB",27-11-2025 18:00,18.9936162,72.8128113,OZONE,20,20,20
India,Maharashtra,Nagpur,"Ambazari, Nagpur - MPCB",27-11-2025 18:00,21.121801,79.04952,PM2.5,130,229,178
India,Maharashtra,Nagpur,"Mahal, Nagpur - MPCB",27-11-2025 18:00,21.14472,79.107595,SO2,1,113,24
India,Maharashtra,Mumbai,"Powai, Mumbai - MPCB",27-11-2025 18:00,19.1375,72.915056,OZONE,9,9,9
India,Maharashtra,Mumbai,"Sewri, Mumbai - BMC",27-11-2025 18:00,19.000084,72.85673,SO2,1,101,44
India,Maharashtra,Mumbai,"Shivaji Nagar, Mumbai - BMC",27-11-2025 18:00,19.060498,72.923356,NH3,2,5,3
India,Maharashtra,Mumbai,"Shivaji Nagar, Mumbai - BMC",27-11-2025 18:00,19.060498,72.923356,SO2,8,16,12
India,Maharashtra,Mumbai,"Siddharth Nagar-Worli, Mumbai - IITM",27-11-2025 18:00,19.000083,72.813993,PM10,102,192,149
India,Maharashtra,Mumbai,"Sion, Mumbai - MPCB",27-11-2025 18:00,19.047,72.8746,SO2,16,17,16
India,Maharashtra,Mira-Bhayandar,"Bhayandar West, Mira-Bhayandar - MPCB",27-11-2025 18:00,19.296481,72.840923,PM10,104,148,135
India,Maharashtra,Mira-Bhayandar,"Bhayandar West, Mira-Bhayandar - MPCB",27-11-2025 18:00,19.296481,72.840923,CO,22,66,31
India,Maharashtra,Mira-Bhayandar,"Bhayandar West, Mira-Bhayandar - MPCB",27-11-2025 18:00,19.296481,72.840923,OZONE,7,131,65
India,Maharashtra,Mumbai,"Borivali East, Mumbai - IITM",27-11-2025 18:00,19.23241,72.86895,PM2.5,78,200,127
India,Maharashtra,Mumbai,"Borivali East, Mumbai - MPCB",27-11-2025 18:00,19.2243333,72.8658113,PM2.5,68,316,208
India,Maharashtra,Mumbai,"Kandivali East, Mumbai - MPCB",27-11-2025 18:00,19.2058,72.8682,SO2,NA,NA,NA
India,Maharashtra,Mumbai,"Kherwadi_Bandra East, Mumbai - MPCB",27-11-2025 18:00,19.0632143,72.8456324,PM10,114,191,158
India,Maharashtra,Mumbai,"Kherwadi_Bandra East, Mumbai - MPCB",27-11-2025 18:00,19.0632143,72.8456324,CO,12,48,25
India,Maharashtra,Mumbai,"Kurla, Mumbai - MPCB",27-11-2025 18:00,19.0863,72.8888,CO,15,28,19
India,Maharashtra,Mumbai,"Malad West, Mumbai - IITM",27-11-2025 18:00,19.19709,72.82204,NH3,5,13,8
India,Maharashtra,Mumbai,"Mazgaon, Mumbai - IITM",27-11-2025 18:00,18.96702,72.84214,PM10,64,165,126
India,Maharashtra,Mumbai,"Mazgaon, Mumbai - IITM",27-11-2025 18:00,18.96702,72.84214,NO2,36,145,86
India,Maharashtra,Mumbai,"Mulund West, Mumbai - MPCB",27-11-2025 18:00,19.175,72.9419,PM2.5,48,352,240
India,Maharashtra,Mumbai,"Mulund West, Mumbai - MPCB",27-11-2025 18:00,19.175,72.9419,PM10,100,341,205
India,Maharashtra,Mumbai,"Powai, Mumbai - MPCB",27-11-2025 18:00,19.1375,72.915056,PM10,68,146,107
India,Maharashtra,Mumbai,"Powai, Mumbai - MPCB",27-11-2025 18:00,19.1375,72.915056,NH3,1,2,2
India,Maharashtra,Kalyan,"Pimpleshwar Mandir, Kalyan - MPCB",27-11-2025 18:00,19.192056,72.9585188,CO,44,46,45
India,Maharashtra,Latur,"Sawe Wadi, Latur - MPCB",27-11-2025 18:00,18.39963,76.57452,PM10,62,112,94
India,Maharashtra,Latur,"Sawe Wadi, Latur - MPCB",27-11-2025 18:00,18.39963,76.57452,NO2,18,74,38
India,Maharashtra,Mahad,"Kamble Tarf Birwadi, Mahad - MPCB",27-11-2025 18:00,18.1023399,73.4783687,NH3,NA,NA,NA
India,Maharashtra,Mahad,"Kamble Tarf Birwadi, Mahad - MPCB",27-11-2025 18:00,18.1023399,73.4783687,CO,1,36,10
India,Maharashtra,Mumbai,"Borivali East, Mumbai - MPCB",27-11-2025 18:00,19.2243333,72.8658113,NO2,3,33,12
India,Maharashtra,Mumbai,"Chakala-Andheri East, Mumbai - IITM",27-11-2025 18:00,19.11074,72.86084,PM2.5,94,284,200
India,Maharashtra,Mumbai,"Chakala-Andheri East, Mumbai - IITM",27-11-2025 18:00,19.11074,72.86084,NO2,44,161,90
India,Maharashtra,Mumbai,"Chakala-Andheri East, Mumbai - IITM",27-11-2025 18:00,19.11074,72.86084,CO,28,101,37
India,Maharashtra,Mumbai,"Chembur, Mumbai - MPCB",27-11-2025 18:00,19.0364585,72.8954371,SO2,1,9,4
India,Maharashtra,Ulhasnagar,"Sidhi Vinayak Nagar, Ulhasnagar - MPCB",27-11-2025 18:00,19.235581,73.159121,CO,24,48,28
India,Maharashtra,Virar,"Bolinj, Virar - MPCB",27-11-2025 18:00,19.445821,72.7988231,PM2.5,42,300,163
India,Maharashtra,Virar,"Bolinj, Virar - MPCB",27-11-2025 18:00,19.445821,72.7988231,CO,20,123,36
India,Meghalaya,Shillong,"Lumpyngngad, Shillong - Meghalaya PCB",27-11-2025 18:00,25.5586,91.8985,SO2,6,7,6
India,Meghalaya,Shillong,"Lumpyngngad, Shillong - Meghalaya PCB",27-11-2025 18:00,25.5586,91.8985,OZONE,2,10,6
India,Nagaland,Kohima,"PWD Junction, Kohima - NPCB",27-11-2025 18:00,25.6635413,94.0989878,PM2.5,1,320,71
India,Nagaland,Kohima,"PWD Junction, Kohima - NPCB",27-11-2025 18:00,25.6635413,94.0989878,SO2,72,74,73
India,Odisha,Angul,"Hakimapada, Angul - OSPCB",27-11-2025 18:00,20.832874,85.104082,NH3,NA,NA,NA
India,Maharashtra,Parbhani,"Masoom Colony, Parbhani - MPCB",27-11-2025 18:00,19.265594,76.761463,NH3,3,5,4
India,Maharashtra,Pimpri-Chinchwad,"Park Street Wakad, Pimpri Chinchwad - MPCB",27-11-2025 18:00,18.59051,73.77946,PM2.5,2,277,150
India,Maharashtra,Pimpri-Chinchwad,"Park Street Wakad, Pimpri Chinchwad - MPCB",27-11-2025 18:00,18.59051,73.77946,PM10,89,212,143
India,Maharashtra,Pimpri-Chinchwad,"Park Street Wakad, Pimpri Chinchwad - MPCB",27-11-2025 18:00,18.59051,73.77946,OZONE,1,94,67
India,Maharashtra,Pimpri-Chinchwad,"Savta Mali Nagar, Pimpri-Chinchwad - IITM",27-11-2025 18:00,18.614767,73.799516,PM2.5,64,304,156
India,Maharashtra,Pimpri-Chinchwad,"Savta Mali Nagar, Pimpri-Chinchwad - IITM",27-11-2025 18:00,18.614767,73.799516,CO,75,137,88
India,Maharashtra,Pimpri-Chinchwad,"Thergaon, Pimpri Chinchwad - MPCB",27-11-2025 18:00,18.616318,73.765797,NH3,3,6,5
India,Odisha,Angul,"Hakimapada, Angul - OSPCB",27-11-2025 18:00,20.832874,85.104082,CO,41,82,56
India,Odisha,Balasore,"Kalidaspur, Balasore - OSPCB",27-11-2025 18:00,21.51161,86.89088,NH3,1,2,2
India,Odisha,Balasore,"Kalidaspur, Balasore - OSPCB",27-11-2025 18:00,21.51161,86.89088,SO2,9,25,13
India,Odisha,Barbil,"Forest Office, Barbil - OSPCB",27-11-2025 18:00,22.1166054,85.3945546,NO2,16,71,31
India,Odisha,Barbil,"Forest Office, Barbil - OSPCB",27-11-2025 18:00,22.1166054,85.3945546,CO,32,79,41
India,Odisha,Barbil,"Forest Office, Barbil - OSPCB",27-11-2025 18:00,22.1166054,85.3945546,OZONE,4,75,58
India,Odisha,Baripada,"Meher Colony, Baripada - OSPCB",27-11-2025 18:00,21.941841,86.728318,PM10,15,140,111
India,Maharashtra,Pimpri-Chinchwad,"Thergaon, Pimpri Chinchwad - MPCB",27-11-2025 18:00,18.616318,73.765797,OZONE,1,63,49
India,Maharashtra,Pune,"Dhankawadi, Pune - IITM",27-11-2025 18:00,18.459883,73.852193,PM2.5,NA,NA,NA
India,Maharashtra,Pune,"Katraj Dairy, Pune - MPCB",27-11-2025 18:00,18.45445,73.854155,PM2.5,21,74,50
India,Maharashtra,Pune,"Katraj Dairy, Pune - MPCB",27-11-2025 18:00,18.45445,73.854155,NO2,11,72,38
India,Maharashtra,Pune,"Katraj Dairy, Pune - MPCB",27-11-2025 18:00,18.45445,73.854155,CO,12,110,24
India,Maharashtra,Pune,"Mhada Colony, Pune - IITM",27-11-2025 18:00,18.57304,73.927715,CO,36,84,56
India,Maharashtra,Pune,"Mhada Colony, Pune - IITM",27-11-2025 18:00,18.57304,73.927715,OZONE,9,109,86
India,Maharashtra,Navi Mumbai,"Nerul, Navi Mumbai - MPCB",27-11-2025 18:00,19.008751,73.01662,PM2.5,77,347,226
India,Maharashtra,Navi Mumbai,"Sanpada, Navi Mumbai - MPCB",27-11-2025 18:00,19.0575752,73.0151367,CO,28,111,35
India,Maharashtra,Navi Mumbai,"Sector-2E Kalamboli, Navi Mumbai - MPCB",27-11-2025 18:00,19.02579,73.10297,NH3,3,11,7
India,Maharashtra,Navi Mumbai,"Tondare-Taloja, Navi Mumbai - MPCB",27-11-2025 18:00,19.063,73.1209,PM2.5,70,160,106
India,Maharashtra,Navi Mumbai,"Tondare-Taloja, Navi Mumbai - MPCB",27-11-2025 18:00,19.063,73.1209,NO2,15,22,19
India,Maharashtra,Navi Mumbai,"Tondare-Taloja, Navi Mumbai - MPCB",27-11-2025 18:00,19.063,73.1209,OZONE,17,28,23
India,Maharashtra,Nashik,"Hirawadi, Nashik - MPCB",27-11-2025 18:00,20.021503,73.813844,CO,38,66,45
India,Maharashtra,Nashik,"MIDC Ambad, Nashik - MPCB",27-11-2025 18:00,19.95022,73.73148,PM10,75,152,108
India,Maharashtra,Nashik,"MIDC Ambad, Nashik - MPCB",27-11-2025 18:00,19.95022,73.73148,SO2,6,14,8
India,Maharashtra,Nashik,"Pandav Nagari, Nashik - MPCB",27-11-2025 18:00,19.9591346,73.7788008,SO2,4,9,6
India,Maharashtra,Navi Mumbai,"Kopripada-Vashi, Navi Mumbai - MPCB",27-11-2025 18:00,19.090337,73.014232,NO2,13,65,36
India,Maharashtra,Navi Mumbai,"Kopripada-Vashi, Navi Mumbai - MPCB",27-11-2025 18:00,19.090337,73.014232,CO,14,68,22
India,Maharashtra,Nagpur,"Opp GPO Civil Lines, Nagpur - MPCB",27-11-2025 18:00,21.152875,79.0517531,PM10,114,150,131
India,Maharashtra,Nagpur,"Opp GPO Civil Lines, Nagpur - MPCB",27-11-2025 18:00,21.152875,79.0517531,CO,10,122,35
India,Maharashtra,Nagpur,"Ram Nagar, Nagpur - MPCB",27-11-2025 18:00,21.143383,79.048912,PM2.5,146,242,198
India,Maharashtra,Nagpur,"Ram Nagar, Nagpur - MPCB",27-11-2025 18:00,21.143383,79.048912,NH3,4,12,6
India,Maharashtra,Nagpur,"Ram Nagar, Nagpur - MPCB",27-11-2025 18:00,21.143383,79.048912,CO,31,101,39
India,Maharashtra,Nashik,"Gangapur Road, Nashik - MPCB",27-11-2025 18:00,20.0073285,73.7762427,NO2,5,5,5
India,Maharashtra,Pune,"Panchawati_Pashan, Pune - IITM",27-11-2025 18:00,18.536457,73.805454,OZONE,1,42,35
India,Maharashtra,Pune,"Transport Nagar-Nigdi, Pune - IITM",27-11-2025 18:00,18.664282,73.763966,PM2.5,65,160,98
India,Maharashtra,Pune,"Transport Nagar-Nigdi, Pune - IITM",27-11-2025 18:00,18.664282,73.763966,NO2,35,149,84
India,Maharashtra,Pune,"Transport Nagar-Nigdi, Pune - IITM",27-11-2025 18:00,18.664282,73.763966,OZONE,10,75,58
India,Maharashtra,Solapur,"Dnyaneshwar Nagar, Solapur - MPCB",27-11-2025 18:00,17.6336264,75.9132495,NO2,6,71,17
India,Maharashtra,Thane,"Upvan Fort, Thane - MPCB",27-11-2025 18:00,19.222279,72.957979,PM10,89,135,113
India,Maharashtra,Ulhasnagar,"Sidhi Vinayak Nagar, Ulhasnagar - MPCB",27-11-2025 18:00,19.235581,73.159121,PM10,112,275,170
India,Maharashtra,Ulhasnagar,"Sidhi Vinayak Nagar, Ulhasnagar - MPCB",27-11-2025 18:00,19.235581,73.159121,SO2,4,30,12
India,Punjab,Ludhiana,"Punjab Agricultural University, Ludhiana - PPCB",27-11-2025 18:00,30.9028,75.8086,PM2.5,111,196,126
India,Punjab,Ludhiana,"Punjab Agricultural University, Ludhiana - PPCB",27-11-2025 18:00,30.9028,75.8086,SO2,15,25,20
India,Punjab,Mandi Gobindgarh,"RIMT University, Mandi Gobindgarh - PPCB",27-11-2025 18:00,30.649961,76.331442,NO2,23,24,24
India,Punjab,Patiala,"Model Town, Patiala - PPCB",27-11-2025 18:00,30.349388,76.366642,PM10,82,175,142
India,Punjab,Patiala,"Model Town, Patiala - PPCB",27-11-2025 18:00,30.349388,76.366642,NH3,6,7,6
India,Punjab,Patiala,"Model Town, Patiala - PPCB",27-11-2025 18:00,30.349388,76.366642,OZONE,10,42,27
India,Rajasthan,Ajmer,"Civil Lines,  Ajmer - RSPCB",27-11-2025 18:00,26.470859,74.646594,NO2,22,32,25
India,Odisha,Bhubaneswar,"Patia, Bhubaneswar - OSPCB",27-11-2025 18:00,20.34652,85.8163,NO2,17,107,42
India,Odisha,Bileipada,"Tata Township, Bileipada - OSPCB",27-11-2025 18:00,22.06156703,85.47409613,SO2,7,7,7
India,Odisha,Brajrajnagar,"GM Office, Brajrajnagar - OSPCB",27-11-2025 18:00,21.8004996,83.8396977,NH3,7,15,11
India,Odisha,Brajrajnagar,"GM Office, Brajrajnagar - OSPCB",27-11-2025 18:00,21.8004996,83.8396977,CO,17,34,31
India,Odisha,Brajrajnagar,"GM Office, Brajrajnagar - OSPCB",27-11-2025 18:00,21.8004996,83.8396977,OZONE,26,28,26
India,Odisha,Byasanagar,"Ferro Chrome Colony, Byasanagar - OSPCB",27-11-2025 18:00,20.94185,86.1151,PM10,76,218,116
India,Odisha,Byasanagar,"Ferro Chrome Colony, Byasanagar - OSPCB",27-11-2025 18:00,20.94185,86.1151,NH3,2,3,2
India,Puducherry,Puducherry,"Jawahar Nagar, Puducherry - PPCC",27-11-2025 18:00,11.9309,79.8027,NO2,15,42,22
India,Puducherry,Puducherry,"Jawahar Nagar, Puducherry - PPCC",27-11-2025 18:00,11.9309,79.8027,CO,24,38,28
India,Punjab,Amritsar,"Golden Temple, Amritsar - PPCB",27-11-2025 18:00,31.62,74.876512,PM10,43,147,103
India,Punjab,Amritsar,"Golden Temple, Amritsar - PPCB",27-11-2025 18:00,31.62,74.876512,SO2,14,27,21
India,Punjab,Amritsar,"Golden Temple, Amritsar - PPCB",27-11-2025 18:00,31.62,74.876512,CO,28,55,44
India,Punjab,Bathinda,"Hardev Nagar, Bathinda - PPCB",27-11-2025 18:00,30.233011,74.907758,PM2.5,NA,NA,NA
India,Punjab,Khanna,"Kalal Majra, Khanna - PPCB",27-11-2025 18:00,30.736056,76.209694,PM2.5,69,144,93
India,Rajasthan,Bharatpur,"Krishna Nagar, Bharatpur - RSPCB",27-11-2025 18:00,27.215415,77.50873,PM2.5,69,289,147
India,Rajasthan,Bharatpur,"Krishna Nagar, Bharatpur - RSPCB",27-11-2025 18:00,27.215415,77.50873,OZONE,2,144,106
India,Rajasthan,Bhilwara,"Pratap Nagar, Bhilwara - RSPCB",27-11-2025 18:00,25.339605,74.618883,PM10,89,161,121
India,Rajasthan,Bhiwadi,"RIICO Ind. Area III, Bhiwadi - RSPCB",27-11-2025 18:00,28.194909,76.862296,NO2,29,114,68
India,Rajasthan,Bhiwadi,"Vasundhara Nagar_UIT, Bhiwadi - RSPCB",27-11-2025 18:00,28.207266,76.829265,PM2.5,164,480,346
India,Rajasthan,Bhiwadi,"Vasundhara Nagar_UIT, Bhiwadi - RSPCB",27-11-2025 18:00,28.207266,76.829265,SO2,18,32,22
India,Odisha,Cuttack,"CDA Area, Cuttack - OSPCB",27-11-2025 18:00,20.48891,85.84768,NH3,2,4,3
India,Odisha,Cuttack,"CDA Area, Cuttack - OSPCB",27-11-2025 18:00,20.48891,85.84768,SO2,2,19,7
India,Odisha,Keonjhar,"Jagamohanpur, Keonjhar - OSPCB",27-11-2025 18:00,21.6439,85.599355,NO2,27,53,37
India,Odisha,Nayagarh,"Dabuna, Nayagarh - OSPCB",27-11-2025 18:00,21.847279,85.416905,PM2.5,41,68,53
India,Odisha,Nayagarh,"Dabuna, Nayagarh - OSPCB",27-11-2025 18:00,21.847279,85.416905,OZONE,10,34,25
India,Odisha,Rairangpur,"Divisional Forest Office, Rairangpur - OSPCB",27-11-2025 18:00,22.265816,86.174829,PM2.5,52,85,67
India,Odisha,Rourkela,"Raghunathpali, Rourkela - OSPCB",27-11-2025 18:00,22.220833,84.809444,PM2.5,NA,NA,NA
India,Odisha,Rourkela,"Raghunathpali, Rourkela - OSPCB",27-11-2025 18:00,22.220833,84.809444,PM10,NA,NA,NA
India,Odisha,Rourkela,"Sector-2, Rourkela - OSPCB",27-11-2025 18:00,22.245,84.88111111,PM2.5,47,99,61
India,Odisha,Talcher,"Talcher Coalfields,Talcher - OSPCB",27-11-2025 18:00,20.9360711,85.1707021,PM10,71,356,183
India,Odisha,Talcher,"Talcher Coalfields,Talcher - OSPCB",27-11-2025 18:00,20.9360711,85.1707021,OZONE,4,22,18
India,Odisha,Tensa,"Barsua Iron Ore Mines, Tensa - OSPCB",27-11-2025 18:00,21.869985,85.167016,SO2,15,73,32
India,Rajasthan,Alwar,"Moti Doongri, Alwar - RSPCB",27-11-2025 18:00,27.554793,76.611536,SO2,23,57,34
India,Rajasthan,Banswara,"Rati Talai, Banswara - RSPCB",27-11-2025 18:00,23.55519,74.44001,NH3,5,11,6
India,Rajasthan,Baran,"Bamboliya, Baran - RSPCB",27-11-2025 18:00,25.106006,76.469948,PM2.5,34,130,66
India,Rajasthan,Baran,"Bamboliya, Baran - RSPCB",27-11-2025 18:00,25.106006,76.469948,CO,24,48,26
India,Rajasthan,Barmer,"Railway Colony, Barmer - RSPCB",27-11-2025 18:00,25.747299,71.393989,PM10,110,389,154
India,Rajasthan,Dholpur,"Raja Ganj, Dholpur - RSPCB",27-11-2025 18:00,26.699557,77.898881,PM2.5,73,366,253
India,Rajasthan,Dholpur,"Raja Ganj, Dholpur - RSPCB",27-11-2025 18:00,26.699557,77.898881,PM10,72,291,166
India,Rajasthan,Dholpur,"Raja Ganj, Dholpur - RSPCB",27-11-2025 18:00,26.699557,77.898881,SO2,1,26,12
India,Rajasthan,Hanumangarh,"Housing Board, Hanumangarh - RSPCB",27-11-2025 18:00,29.61075,74.283608,PM10,105,474,192
India,Rajasthan,Bikaner,"MM Ground, Bikaner - RSPCB",27-11-2025 18:00,28.018792,73.292658,NO2,15,89,54
India,Rajasthan,Bundi,"New Colony, Bundi - RSPCB",27-11-2025 18:00,25.435774,75.644272,PM2.5,95,200,126
India,Rajasthan,Bundi,"New Colony, Bundi - RSPCB",27-11-2025 18:00,25.435774,75.644272,NO2,18,70,32
India,Rajasthan,Bundi,"New Colony, Bundi - RSPCB",27-11-2025 18:00,25.435774,75.644272,OZONE,19,122,105
India,Rajasthan,Jaipur,"Adarsh Nagar, Jaipur - RSPCB",27-11-2025 18:00,26.902909,75.836858,PM10,77,142,123
India,Rajasthan,Jaipur,"Mansarovar Sector-12, Jaipur - RSPCB",27-11-2025 18:00,26.843698,75.766894,PM2.5,120,230,171
India,Rajasthan,Jaipur,"Mansarovar Sector-12, Jaipur - RSPCB",27-11-2025 18:00,26.843698,75.766894,NH3,9,34,15
India,Rajasthan,Jaipur,"Mansarovar Sector-12, Jaipur - RSPCB",27-11-2025 18:00,26.843698,75.766894,OZONE,55,171,150
India,Rajasthan,Jaipur,"Police Commissionerate, Jaipur - RSPCB",27-11-2025 18:00,26.9164092,75.7994901,PM2.5,NA,NA,NA
India,Rajasthan,Jaipur,"Police Commissionerate, Jaipur - RSPCB",27-11-2025 18:00,26.9164092,75.7994901,NO2,NA,NA,NA
India,Rajasthan,Jaipur,"RIICO Sitapura, Jaipur - RSPCB",27-11-2025 18:00,26.786682,75.827928,NO2,18,149,52
India,Rajasthan,Jaipur,"RIICO Sitapura, Jaipur - RSPCB",27-11-2025 18:00,26.786682,75.827928,NH3,4,7,5
India,Rajasthan,Jhalawar,"Rajlaxmi Nagar, Jhalawar - RSPCB",27-11-2025 18:00,24.588397,76.172782,SO2,7,28,13
India,Rajasthan,Jhunjhunu,"Indra Nagar, Jhunjhunu - RSPCB",27-11-2025 18:00,28.108988,75.386577,CO,34,84,46
India,Rajasthan,Jodhpur,"Collectorate, Jodhpur - RSPCB",27-11-2025 18:00,26.268249,73.0193853,PM10,82,210,144
India,Rajasthan,Jodhpur,"Collectorate, Jodhpur - RSPCB",27-11-2025 18:00,26.268249,73.0193853,NO2,7,15,9
India,Rajasthan,Jodhpur,"Digari Kalan, Jodhpur - RSPCB",27-11-2025 18:00,26.29581,73.082283,NO2,17,55,29
India,Rajasthan,Jodhpur,"Jhalamand, Jodhpur - RSPCB",27-11-2025 18:00,26.215415,73.070156,NH3,5,10,8
India,Rajasthan,Jodhpur,"Jhalamand, Jodhpur - RSPCB",27-11-2025 18:00,26.215415,73.070156,SO2,6,12,8
India,TamilNadu,Ariyalur,"Keelapalur, Ariyalur - TNPCB",27-11-2025 18:00,11.06825,79.07033,SO2,12,13,13
India,TamilNadu,Chennai,"Alandur Bus Depot, Chennai - CPCB",27-11-2025 18:00,12.9099161,80.1076538,PM2.5,141,302,233
India,TamilNadu,Chennai,"Alandur Bus Depot, Chennai - CPCB",27-11-2025 18:00,12.9099161,80.1076538,PM10,104,153,131
India,TamilNadu,Chennai,"Arumbakkam, Chennai - TNPCB",27-11-2025 18:00,13.0664,80.2112,NH3,1,2,2
India,TamilNadu,Chennai,"Kodungaiyur, Chennai - TNPCB",27-11-2025 18:00,13.1278,80.2642,NO2,4,13,7
India,TamilNadu,Chennai,"Manali Village, Chennai - TNPCB",27-11-2025 18:00,13.1662,80.2584,SO2,11,16,14
India,Rajasthan,Jaipur,"Shastri Nagar, Jaipur - RSPCB",27-11-2025 18:00,26.9502929,75.730943,SO2,9,36,24
India,Rajasthan,Jaisalmer,"Sadar Bazar, Jaisalmer - RSPCB",27-11-2025 18:00,26.912329,70.909168,PM2.5,75,157,106
India,Rajasthan,Jalore,"Mudtra Sili, Jalore - RSPCB",27-11-2025 18:00,25.344694,72.626208,PM10,113,225,149
India,Rajasthan,Jalore,"Mudtra Sili, Jalore - RSPCB",27-11-2025 18:00,25.344694,72.626208,SO2,3,12,7
India,Rajasthan,Jalore,"Mudtra Sili, Jalore - RSPCB",27-11-2025 18:00,25.344694,72.626208,OZONE,20,144,94
India,Rajasthan,Jhalawar,"Rajlaxmi Nagar, Jhalawar - RSPCB",27-11-2025 18:00,24.588397,76.172782,NO2,43,71,57
India,Rajasthan,Jodhpur,"Mandor, Jodhpur - RSPCB",27-11-2025 18:00,26.358805,73.047444,PM2.5,85,190,126
India,Rajasthan,Jodhpur,"Mandor, Jodhpur - RSPCB",27-11-2025 18:00,26.358805,73.047444,NO2,16,47,23
India,Rajasthan,Jodhpur,"Mandor, Jodhpur - RSPCB",27-11-2025 18:00,26.358805,73.047444,OZONE,72,151,118
India,Rajasthan,Jodhpur,"Samrat Ashok Udhyan, Jodhpur - RSPCB",27-11-2025 18:00,26.253384,72.976571,PM2.5,83,203,128
India,Rajasthan,Jodhpur,"Samrat Ashok Udhyan, Jodhpur - RSPCB",27-11-2025 18:00,26.253384,72.976571,PM10,89,165,122
India,Rajasthan,Jodhpur,"Samrat Ashok Udhyan, Jodhpur - RSPCB",27-11-2025 18:00,26.253384,72.976571,NO2,19,70,36
India,Rajasthan,Kota,"Dhanmandi, Kota - RSPCB",27-11-2025 18:00,25.16409,75.858137,SO2,6,60,16
India,Rajasthan,Kota,"Nayapura, Kota - RSPCB",27-11-2025 18:00,25.196024,75.855668,NH3,8,22,12
India,Rajasthan,Kota,"Nayapura, Kota - RSPCB",27-11-2025 18:00,25.196024,75.855668,CO,5,99,27
India,Rajasthan,Nagaur,"Karni Colony, Nagaur - RSPCB",27-11-2025 18:00,27.213494,73.734444,PM10,85,262,161
India,Rajasthan,Nagaur,"Karni Colony, Nagaur - RSPCB",27-11-2025 18:00,27.213494,73.734444,SO2,6,12,9
India,Rajasthan,Nagaur,"Karni Colony, Nagaur - RSPCB",27-11-2025 18:00,27.213494,73.734444,CO,22,61,38
India,Rajasthan,Nagaur,"Karni Colony, Nagaur - RSPCB",27-11-2025 18:00,27.213494,73.734444,OZONE,42,134,104
India,Rajasthan,Pratapgarh,"Pragati Nagar, Pratapgarh - RSPCB",27-11-2025 18:00,24.041198,74.780702,NH3,5,8,6
India,Rajasthan,Udaipur,"Ashok Nagar, Udaipur - RSPCB",27-11-2025 18:00,24.5886166,73.6321397,NH3,3,25,10
India,Sikkim,Gangtok,"Zero Point GICI, Gangtok - SSPCB",27-11-2025 18:00,27.33853,88.614099,SO2,1,1,1
India,Sikkim,Gangtok,"Zero Point GICI, Gangtok - SSPCB",27-11-2025 18:00,27.33853,88.614099,CO,2,12,4
India,Sikkim,Gangtok,"Zero Point GICI, Gangtok - SSPCB",27-11-2025 18:00,27.33853,88.614099,OZONE,4,8,7
India,TamilNadu,Ariyalur,"Keelapalur, Ariyalur - TNPCB",27-11-2025 18:00,11.06825,79.07033,PM2.5,41,81,65
India,Rajasthan,Sawai Madhopur,"Sahu Nagar, Sawai Madhopur - RSPCB",27-11-2025 18:00,26.031443,76.359327,CO,15,82,23
India,Rajasthan,Sirohi,"Vedhaynath Colony, Sirohi - RSPCB",27-11-2025 18:00,24.885261,72.857549,SO2,5,22,13
India,Rajasthan,Sirohi,"Vedhaynath Colony, Sirohi - RSPCB",27-11-2025 18:00,24.885261,72.857549,OZONE,46,97,80
India,TamilNadu,Chennai,"Perungudi, Chennai - TNPCB",27-11-2025 18:00,12.9533,80.2357,OZONE,8,79,21
India,TamilNadu,Chennai,"Velachery Res. Area, Chennai - CPCB",27-11-2025 18:00,13.0052189,80.2398125,NH3,3,4,3
India,TamilNadu,Chennai,"Velachery Res. Area, Chennai - CPCB",27-11-2025 18:00,13.0052189,80.2398125,OZONE,6,9,8
India,TamilNadu,Cuddalore,"Kudikadu, Cuddalore - TNPCB",27-11-2025 18:00,11.6829898,79.7532099,NO2,19,19,19
India,TamilNadu,Cuddalore,"Kudikadu, Cuddalore - TNPCB",27-11-2025 18:00,11.6829898,79.7532099,SO2,19,20,19
India,TamilNadu,Cuddalore,"Semmandalam, Cuddalore - TNPCB",27-11-2025 18:00,11.7637683,79.7499835,OZONE,1,2,2
India,TamilNadu,Dindigul,"Mendonsa Colony, Dindigul - TNPCB",27-11-2025 18:00,10.358535,77.984321,NO2,8,20,11
India,TamilNadu,Gummidipoondi,"Anthoni Pillai Nagar, Gummidipoondi - TNPCB",27-11-2025 18:00,13.4127,80.1081,PM10,61,274,144
India,TamilNadu,Karur,"Kamadenu Nagar, Karur - TNPCB",27-11-2025 18:00,10.96782,78.080882,OZONE,6,9,9
India,TamilNadu,Madurai,"Uchapatti, Madurai - TNPCB",27-11-2025 18:00,9.865935,78.022669,OZONE,1,1,1
India,Uttar_Pradesh,Bulandshahr,"Yamunapuram, Bulandshahr - UPPCB",27-11-2025 18:00,28.406963,77.849831,OZONE,1,108,89
India,Uttar_Pradesh,Firozabad,"Nagla Bhau, Firozabad - UPPCB",27-11-2025 18:00,27.168897,78.37696,SO2,12,28,21
India,Uttar_Pradesh,Firozabad,"Nagla Bhau, Firozabad - UPPCB",27-11-2025 18:00,27.168897,78.37696,OZONE,1,3,2
India,Uttar_Pradesh,Firozabad,"Vibhab Nagar, Firozabad - UPPCB",27-11-2025 18:00,27.1594,78.3953,NO2,15,23,18
India,Uttar_Pradesh,Ghaziabad,"Indirapuram, Ghaziabad - UPPCB",27-11-2025 18:00,28.646233,77.358075,CO,10,190,49
India,Uttar_Pradesh,Ghaziabad,"Indirapuram, Ghaziabad - UPPCB",27-11-2025 18:00,28.646233,77.358075,OZONE,9,247,130
India,Uttar_Pradesh,Ghaziabad,"Loni, Ghaziabad - UPPCB",27-11-2025 18:00,28.757294,77.278792,NO2,41,200,120
India,TamilNadu,Tirupur,"Kumaran College, Tirupur - TNPCB",27-11-2025 18:00,11.0973603,77.3228673,SO2,4,11,5
India,TamilNadu,Tirupur,"Kumaran College, Tirupur - TNPCB",27-11-2025 18:00,11.0973603,77.3228673,CO,21,30,23
India,TamilNadu,Tirupur,"Kumaran College, Tirupur - TNPCB",27-11-2025 18:00,11.0973603,77.3228673,OZONE,3,3,3
India,TamilNadu,Virudhunagar,"Collectorate Office, Virudhunagar - TNPCB",27-11-2025 18:00,9.559382,77.948828,SO2,26,26,26
India,Telangana,Hyderabad,"Bollaram Industrial Area, Hyderabad - TSPCB",27-11-2025 18:00,17.540891,78.358528,PM2.5,NA,NA,NA
India,Telangana,Hyderabad,"Bollaram Industrial Area, Hyderabad - TSPCB",27-11-2025 18:00,17.540891,78.358528,CO,20,51,32
India,Telangana,Hyderabad,"Central University, Hyderabad - TSPCB",27-11-2025 18:00,17.460103,78.334361,SO2,4,11,8
India,Telangana,Hyderabad,"Somajiguda, Hyderabad - TSPCB",27-11-2025 18:00,17.417094,78.457437,OZONE,17,53,48
India,Telangana,Hyderabad,"Zoo Park, Hyderabad - TSPCB",27-11-2025 18:00,17.349694,78.451437,NO2,19,38,28
India,Tripura,Agartala,"Bardowali, Agartala - Tripura SPCB",27-11-2025 18:00,23.8175497,91.2726974,PM10,18,62,45
India,Tripura,Agartala,"Bardowali, Agartala - Tripura SPCB",27-11-2025 18:00,23.8175497,91.2726974,NH3,2,3,2
India,Tripura,Agartala,"Bardowali, Agartala - Tripura SPCB",27-11-2025 18:00,23.8175497,91.2726974,SO2,28,29,28
India,Uttar_Pradesh,Agra,"Manoharpur, Agra - UPPCB",27-11-2025 18:00,27.23711,78.01936,CO,20,28,25
India,Uttar_Pradesh,Agra,"Manoharpur, Agra - UPPCB",27-11-2025 18:00,27.23711,78.01936,OZONE,8,10,9
India,Uttar_Pradesh,Agra,"Shastripuram, Agra - UPPCB",27-11-2025 18:00,27.19862,77.92066,OZONE,6,7,6
India,Uttar_Pradesh,Baghpat,"Sardar Patel Inter College, Baghpat - UPPCB",27-11-2025 18:00,28.964949,77.278761,SO2,9,32,22
India,Uttar_Pradesh,Bareilly,"Civil Lines, Bareilly - UPPCB",27-11-2025 18:00,28.359581,79.414455,SO2,4,21,14
India,Uttar_Pradesh,Bareilly,"Civil Lines, Bareilly - UPPCB",27-11-2025 18:00,28.359581,79.414455,CO,42,129,53
India,Uttar_Pradesh,Bareilly,"Rajendra Nagar, Bareilly - UPPCB",27-11-2025 18:00,28.38910936,79.42963708,SO2,34,39,36
India,Uttar_Pradesh,Bareilly,"Rajendra Nagar, Bareilly - UPPCB",27-11-2025 18:00,28.38910936,79.42963708,CO,2,44,9
India,Uttar_Pradesh,Bareilly,"Rajendra Nagar, Bareilly - UPPCB",27-11-2025 18:00,28.38910936,79.42963708,OZONE,2,2,1
India,TamilNadu,Nagapattinam,"Velippalayam, Nagapattinam - TNPCB",27-11-2025 18:00,10.798548,79.838212,CO,NA,NA,NA
India,TamilNadu,Ooty,"Bombay Castel, Ooty - TNPCB",27-11-2025 18:00,11.4068288,76.7138973,SO2,14,15,15
India,TamilNadu,Perundurai,"SIPCOT Industrial Park, Perundurai - TNPCB",27-11-2025 18:00,11.258242,77.552761,PM10,39,109,69
India,TamilNadu,Perundurai,"SIPCOT Industrial Park, Perundurai - TNPCB",27-11-2025 18:00,11.258242,77.552761,NO2,7,9,8
India,TamilNadu,Perundurai,"SIPCOT Industrial Park, Perundurai - TNPCB",27-11-2025 18:00,11.258242,77.552761,CO,18,23,20
India,Telangana,Hyderabad,"ICRISAT Patancheru, Hyderabad - TSPCB",27-11-2025 18:00,17.5184,78.278777,PM10,96,157,126
India,Telangana,Hyderabad,"IDA Pashamylaram, Hyderabad - TSPCB",27-11-2025 18:00,17.5316895,78.218939,NO2,2,89,38
India,Telangana,Hyderabad,"IDA Pashamylaram, Hyderabad - TSPCB",27-11-2025 18:00,17.5316895,78.218939,NH3,1,10,4
India,Telangana,Hyderabad,"Kokapet, Hyderabad - TSPCB",27-11-2025 18:00,17.393559,78.339194,PM2.5,48,58,53
India,Telangana,Hyderabad,"Kokapet, Hyderabad - TSPCB",27-11-2025 18:00,17.393559,78.339194,NH3,2,3,2
India,Telangana,Hyderabad,"Kompally Municipal Office, Hyderabad - TSPCB",27-11-2025 18:00,17.544899,78.486949,NO2,9,18,11
India,Telangana,Hyderabad,"Kompally Municipal Office, Hyderabad - TSPCB",27-11-2025 18:00,17.544899,78.486949,CO,16,18,16
India,Telangana,Hyderabad,"Nacharam_TSIIC IALA, Hyderabad - TSPCB",27-11-2025 18:00,17.429398,78.569354,PM2.5,67,94,73
India,Telangana,Hyderabad,"Nacharam_TSIIC IALA, Hyderabad - TSPCB",27-11-2025 18:00,17.429398,78.569354,NO2,9,17,15
India,Telangana,Hyderabad,"New Malakpet, Hyderabad - TSPCB",27-11-2025 18:00,17.37206,78.50864,SO2,15,19,16
India,Uttar_Pradesh,Agra,"Rohta, Agra - UPPCB",27-11-2025 18:00,27.106972,78.000111,CO,27,100,41
India,Uttar_Pradesh,Agra,"Sector-3B Avas Vikas Colony, Agra - UPPCB",27-11-2025 18:00,27.19412,77.96237,PM10,93,469,188
India,Uttar_Pradesh,Agra,"Sector-3B Avas Vikas Colony, Agra - UPPCB",27-11-2025 18:00,27.19412,77.96237,NH3,6,8,7
India,Uttar_Pradesh,Ghaziabad,"Sanjay Nagar, Ghaziabad - UPPCB",27-11-2025 18:00,28.685382,77.453839,CO,2,123,33
India,Uttar_Pradesh,Ghaziabad,"Vasundhara, Ghaziabad - UPPCB",27-11-2025 18:00,28.6603346,77.3572563,PM10,177,473,318
India,Uttar_Pradesh,Ghaziabad,"Vasundhara, Ghaziabad - UPPCB",27-11-2025 18:00,28.6603346,77.3572563,NH3,14,33,24
India,Uttar_Pradesh,Ghaziabad,"Vasundhara, Ghaziabad - UPPCB",27-11-2025 18:00,28.6603346,77.3572563,CO,94,169,108
India,Uttar_Pradesh,Gorakhpur,"Madan Mohan Malaviya University of Technology, Gorakhpur - UPPCB",27-11-2025 18:00,26.730136,83.433859,NO2,11,12,11
India,Uttar_Pradesh,Gorakhpur,"Madan Mohan Malaviya University of Technology, Gorakhpur - UPPCB",27-11-2025 18:00,26.730136,83.433859,CO,5,8,7
India,Uttar_Pradesh,Greater Noida,"Knowledge Park - III, Greater Noida - UPPCB",27-11-2025 18:00,28.47272,77.482,CO,44,140,80
India,Uttar_Pradesh,Greater Noida,"Knowledge Park - III, Greater Noida - UPPCB",27-11-2025 18:00,28.47272,77.482,OZONE,4,143,68
India,Uttar_Pradesh,Prayagraj,"Nagar Nigam, Prayagraj - UPPCB",27-11-2025 18:00,25.44919916,81.82735986,NH3,7,18,10
India,Uttar_Pradesh,Varanasi,"Ardhali Bazar, Varanasi - UPPCB",27-11-2025 18:00,25.3505986,82.9083074,PM10,75,181,140
India,Uttar_Pradesh,Varanasi,"Ardhali Bazar, Varanasi - UPPCB",27-11-2025 18:00,25.3505986,82.9083074,NO2,83,103,92
India,Uttar_Pradesh,Varanasi,"Bhelupur, Varanasi - UPPCB",27-11-2025 18:00,25.301778,82.996789,NO2,7,8,8
India,Uttar_Pradesh,Varanasi,"Bhelupur, Varanasi - UPPCB",27-11-2025 18:00,25.301778,82.996789,NH3,1,1,1
India,Uttar_Pradesh,Varanasi,"Bhelupur, Varanasi - UPPCB",27-11-2025 18:00,25.301778,82.996789,SO2,24,28,26
India,Uttar_Pradesh,Varanasi,"IESD Banaras Hindu University, Varanasi - UPPCB",27-11-2025 18:00,25.262326,82.995408,NO2,2,3,2
India,Uttar_Pradesh,Varanasi,"IESD Banaras Hindu University, Varanasi - UPPCB",27-11-2025 18:00,25.262326,82.995408,CO,13,39,20
India,Uttar_Pradesh,Greater Noida,"Knowledge Park - V, Greater Noida - UPPCB",27-11-2025 18:00,28.557054,77.453663,NO2,123,349,230
India,Uttar_Pradesh,Jhansi,"Shivaji Nagar, Jhansi - UPPCB",27-11-2025 18:00,25.4547,78.6039,PM2.5,24,61,41
India,Uttar_Pradesh,Jhansi,"Shivaji Nagar, Jhansi - UPPCB",27-11-2025 18:00,25.4547,78.6039,NO2,6,6,6
India,Uttar_Pradesh,Jhansi,"Shivaji Nagar, Jhansi - UPPCB",27-11-2025 18:00,25.4547,78.6039,OZONE,1,4,2
India,Uttar_Pradesh,Kanpur,"FTI Kidwai Nagar, Kanpur - UPPCB",27-11-2025 18:00,26.428282,80.327067,PM10,44,250,118
India,Uttar_Pradesh,Kanpur,"FTI Kidwai Nagar, Kanpur - UPPCB",27-11-2025 18:00,26.428282,80.327067,OZONE,12,15,13
India,Uttar_Pradesh,Kanpur,"NSI Kalyanpur, Kanpur - UPPCB",27-11-2025 18:00,26.509954,80.249612,PM2.5,23,142,76
India,Uttar_Pradesh,Lucknow,"Talkatora District Industries Center, Lucknow - CPCB",27-11-2025 18:00,26.83399722,80.8917361,SO2,2,36,11
India,Uttar_Pradesh,Lucknow,"Talkatora District Industries Center, Lucknow - CPCB",27-11-2025 18:00,26.83399722,80.8917361,OZONE,9,53,38
India,Uttar_Pradesh,Meerut,"Jai Bhim Nagar, Meerut - UPPCB",27-11-2025 18:00,28.9535882,77.7622941,NO2,6,123,43
India,Uttar_Pradesh,Meerut,"Jai Bhim Nagar, Meerut - UPPCB",27-11-2025 18:00,28.9535882,77.7622941,SO2,3,18,10
India,Uttar_Pradesh,Meerut,"Pallavpuram Phase 2, Meerut - UPPCB",27-11-2025 18:00,29.06351,77.709723,NO2,17,100,47
India,Uttar_Pradesh,Meerut,"Pallavpuram Phase 2, Meerut - UPPCB",27-11-2025 18:00,29.06351,77.709723,NH3,8,9,9
India,Uttar_Pradesh,Moradabad,"Kashiram Nagar, Moradabad - UPPCB",27-11-2025 18:00,28.849399,78.742362,OZONE,22,34,27
India,Uttar_Pradesh,Moradabad,"Transport Nagar, Moradabad - UPPCB",27-11-2025 18:00,28.802625,78.753728,NH3,5,6,6
India,Uttar_Pradesh,Muzaffarnagar,"New Mandi, Muzaffarnagar - UPPCB",27-11-2025 18:00,29.4723508,77.7194031,SO2,7,42,20
India,Uttar_Pradesh,Muzaffarnagar,"New Mandi, Muzaffarnagar - UPPCB",27-11-2025 18:00,29.4723508,77.7194031,OZONE,13,33,19
India,Uttar_Pradesh,Noida,"Sector - 62, Noida - IMD",27-11-2025 18:00,28.6245479,77.3577104,OZONE,23,206,112
India,Uttar_Pradesh,Noida,"Sector-116, Noida - UPPCB",27-11-2025 18:00,28.56923,77.393848,OZONE,7,157,81
India,Uttar_Pradesh,Prayagraj,"Jhunsi, Prayagraj - UPPCB",27-11-2025 18:00,25.425602,81.917152,CO,31,105,47
India,Uttar_Pradesh,Prayagraj,"Jhunsi, Prayagraj - UPPCB",27-11-2025 18:00,25.425602,81.917152,OZONE,14,163,94
India,Uttar_Pradesh,Prayagraj,"Motilal Nehru NIT, Prayagraj - UPPCB",27-11-2025 18:00,25.494,81.863,NO2,12,12,12
India,Uttar_Pradesh,Prayagraj,"Motilal Nehru NIT, Prayagraj - UPPCB",27-11-2025 18:00,25.494,81.863,NH3,8,8,8
India,Uttar_Pradesh,Prayagraj,"Motilal Nehru NIT, Prayagraj - UPPCB",27-11-2025 18:00,25.494,81.863,CO,23,76,39
India,Uttar_Pradesh,Lucknow,"Kendriya Vidyalaya, Lucknow - CPCB",27-11-2025 18:00,26.906111,80.948222,SO2,2,22,9
India,Uttar_Pradesh,Lucknow,"Kendriya Vidyalaya, Lucknow - CPCB",27-11-2025 18:00,26.906111,80.948222,CO,18,120,34
India,Uttar_Pradesh,Lucknow,"Kukrail Picnic Spot-1, Lucknow - UPPCB",27-11-2025 18:00,26.90723,80.98579,PM10,39,153,85
India,Uttar_Pradesh,Lucknow,"Talkatora District Industries Center, Lucknow - CPCB",27-11-2025 18:00,26.83399722,80.8917361,PM2.5,65,365,244
India,Uttar_Pradesh,Moradabad,"Buddhi Vihar, Moradabad - UPPCB",27-11-2025 18:00,28.83526,78.7446,NH3,5,5,5
India,Uttar_Pradesh,Moradabad,"Employment Office, Moradabad - UPPCB",27-11-2025 18:00,28.88528,78.7388,SO2,21,35,23
India,Uttar_Pradesh,Moradabad,"Jigar Colony, Moradabad - UPPCB",27-11-2025 18:00,28.856664,78.772638,NO2,23,25,25
India,Uttar_Pradesh,Moradabad,"Jigar Colony, Moradabad - UPPCB",27-11-2025 18:00,28.856664,78.772638,OZONE,17,23,20
India,Uttar_Pradesh,Khurja,"Kalindi Kunj, Khurja - UPPCB",27-11-2025 18:00,28.2348927,77.8683002,NO2,6,7,6
India,Uttar_Pradesh,Khurja,"Kalindi Kunj, Khurja - UPPCB",27-11-2025 18:00,28.2348927,77.8683002,NH3,1,1,1
India,Uttar_Pradesh,Khurja,"Kalindi Kunj, Khurja - UPPCB",27-11-2025 18:00,28.2348927,77.8683002,CO,19,102,47
India,Uttar_Pradesh,Lucknow,"B R Ambedkar University, Lucknow - UPPCB",27-11-2025 18:00,26.766433,80.927299,OZONE,27,27,27
India,Uttar_Pradesh,Vrindavan,"Omex Eternity, Vrindavan - UPPCB",27-11-2025 18:00,27.571409,77.655757,NO2,12,12,12
India,Uttarakhand,Kashipur,"Govt. Girls Inter College, Kashipur - UKPCB",27-11-2025 18:00,29.2124114,78.9611753,SO2,7,10,8
India,Uttarakhand,Rishikesh,"Shivaji Nagar, Rishikesh - UKPCB",27-11-2025 18:00,30.075911,78.2859547,CO,22,54,25
India,West_Bengal,Asansol,"Evelyn Lodge, Asansol - WBPCB",27-11-2025 18:00,23.697936,86.944395,NO2,8,49,21
India,West_Bengal,Asansol,"Mahabir Colliery, Asansol - WBPCB",27-11-2025 18:00,23.618183,87.105718,SO2,5,9,7
India,West_Bengal,Asansol,"Mahabir Colliery, Asansol - WBPCB",27-11-2025 18:00,23.618183,87.105718,CO,22,102,50
India,West_Bengal,Asansol,"Trivenidevi Bhalotia College, Asansol - WBPCB",27-11-2025 18:00,23.616515,87.119133,SO2,4,13,7
India,West_Bengal,Asansol,"Trivenidevi Bhalotia College, Asansol - WBPCB",27-11-2025 18:00,23.616515,87.119133,CO,18,66,35
India,West_Bengal,Durgapur,"Mahishkapur Road_B-Zone, Durgapur - WBPCB",27-11-2025 18:00,23.567923,87.306843,PM2.5,34,143,88
India,West_Bengal,Durgapur,"Mahishkapur Road_B-Zone, Durgapur - WBPCB",27-11-2025 18:00,23.567923,87.306843,NH3,1,2,2
India,West_Bengal,Durgapur,"Mahishkapur Road_B-Zone, Durgapur - WBPCB",27-11-2025 18:00,23.567923,87.306843,OZONE,17,81,74
India,West_Bengal,Durgapur,"PCBL Residential Complex, Durgapur - WBPCB",27-11-2025 18:00,23.508764,87.35444,NO2,16,41,24
India,West_Bengal,Howrah,"Botanical Garden, Howrah - WBPCB",27-11-2025 18:00,22.554954,88.292568,PM2.5,31,141,97
India,West_Bengal,Howrah,"Botanical Garden, Howrah - WBPCB",27-11-2025 18:00,22.554954,88.292568,NO2,7,28,15
India,West_Bengal,Howrah,"Dasnagar, Howrah - WBPCB",27-11-2025 18:00,22.6025571,88.3105664,PM2.5,59,257,141
India,West_Bengal,Howrah,"Dasnagar, Howrah - WBPCB",27-11-2025 18:00,22.6025571,88.3105664,CO,18,105,39
India,West_Bengal,Howrah,"Ghusuri, Howrah - WBPCB",27-11-2025 18:00,22.611968,88.347422,PM10,77,156,121
India,West_Bengal,Howrah,"Ghusuri, Howrah - WBPCB",27-11-2025 18:00,22.611968,88.347422,NO2,21,38,26
India,West_Bengal,Howrah,"Ghusuri, Howrah - WBPCB",27-11-2025 18:00,22.611968,88.347422,NH3,7,15,11
India,West_Bengal,Howrah,"Ghusuri, Howrah - WBPCB",27-11-2025 18:00,22.611968,88.347422,OZONE,9,28,18
India,West_Bengal,Howrah,"Padmapukur, Howrah - WBPCB",27-11-2025 18:00,22.5687319,88.2797276,OZONE,2,80,64
India,West_Bengal,Kolkata,"Ballygunge, Kolkata - WBPCB",27-11-2025 18:00,22.5367507,88.3638022,NH3,8,13,9
India,West_Bengal,Kolkata,"Ballygunge, Kolkata - WBPCB",27-11-2025 18:00,22.5367507,88.3638022,SO2,10,21,15
India,West_Bengal,Kolkata,"Bidhannagar, Kolkata - WBPCB",27-11-2025 18:00,22.58157048,88.41002457,OZONE,11,37,30
India,West_Bengal,Kolkata,"Fort William, Kolkata - WBPCB",27-11-2025 18:00,22.55664,88.342674,PM2.5,76,303,214
India,West_Bengal,Kolkata,"Jadavpur, Kolkata - WBPCB",27-11-2025 18:00,22.49929,88.36917,CO,14,86,18
India,West_Bengal,Kolkata,"Rabindra Bharati University, Kolkata - WBPCB",27-11-2025 18:00,22.627847,88.380669,CO,32,100,41
India,West_Bengal,Kolkata,"Rabindra Sarobar, Kolkata - WBPCB",27-11-2025 18:00,22.51106,88.35142,PM2.5,40,155,103
India,West_Bengal,Kolkata,"Victoria, Kolkata - WBPCB",27-11-2025 18:00,22.5448082,88.3403691,PM2.5,92,344,272
India,West_Bengal,Siliguri,"Ward-32 Bapupara, Siliguri - WBPCB",27-11-2025 18:00,26.6879226,88.4152495,OZONE,10,92,60
India,Bihar,Gaya,"Kareemganj, Gaya - BSPCB",27-11-2025 18:00,24.792403,84.992416,NH3,NA,NA,NA
India,Bihar,Gaya,"Kareemganj, Gaya - BSPCB",27-11-2025 18:00,24.792403,84.992416,SO2,NA,NA,NA
India,Bihar,Gaya,"SFTI Kusdihra, Gaya - BSPCB",27-11-2025 18:00,24.762518,84.982348,PM2.5,31,54,38
India,Bihar,Gaya,"SFTI Kusdihra, Gaya - BSPCB",27-11-2025 18:00,24.762518,84.982348,PM10,42,75,61
India,Bihar,Gaya,"SFTI Kusdihra, Gaya - BSPCB",27-11-2025 18:00,24.762518,84.982348,OZONE,1,54,31
India,Bihar,Hajipur,"Industrial Area, Hajipur - BSPCB",27-11-2025 18:00,25.697189,85.2459,NO2,26,50,38
India,Bihar,Hajipur,"Industrial Area, Hajipur - BSPCB",27-11-2025 18:00,25.697189,85.2459,SO2,3,6,4
India,Bihar,Hajipur,"Industrial Area, Hajipur - BSPCB",27-11-2025 18:00,25.697189,85.2459,CO,16,121,53
India,Bihar,Katihar,"Mirchaibari, Katihar - BSPCB",27-11-2025 18:00,25.560083,87.553265,PM2.5,15,200,117
India,Bihar,Katihar,"Mirchaibari, Katihar - BSPCB",27-11-2025 18:00,25.560083,87.553265,NO2,11,20,16
India,Bihar,Katihar,"Mirchaibari, Katihar - BSPCB",27-11-2025 18:00,25.560083,87.553265,NH3,1,1,1
India,Bihar,Kishanganj,"SDM Office_Khagra, Kishanganj - BSPCB",27-11-2025 18:00,26.0881305,87.93840336,PM2.5,38,48,42
India,Bihar,Kishanganj,"SDM Office_Khagra, Kishanganj - BSPCB",27-11-2025 18:00,26.0881305,87.93840336,NH3,3,3,3
India,Bihar,Aurangabad,"Gurdeo Nagar, Aurangabad - BSPCB",27-11-2025 18:00,24.75746,84.366208,OZONE,5,38,31
India,Bihar,Begusarai,"Lohiyanagar, Begusarai - BSPCB",27-11-2025 18:00,25.42742023,86.13886079,NH3,2,5,4
India,Bihar,Bettiah,"Kamalnath Nagar, Bettiah - BSPCB",27-11-2025 18:00,26.80365,84.51954,PM2.5,30,223,90
India,Bihar,Bettiah,"Kamalnath Nagar, Bettiah - BSPCB",27-11-2025 18:00,26.80365,84.51954,NO2,5,10,8
India,Bihar,Bettiah,"Kamalnath Nagar, Bettiah - BSPCB",27-11-2025 18:00,26.80365,84.51954,CO,54,138,74
India,Bihar,Bhagalpur,"DM Office_Kachari Chowk, Bhagalpur - BSPCB",27-11-2025 18:00,25.251013,86.989001,PM2.5,17,63,50
India,Bihar,Bhagalpur,"DM Office_Kachari Chowk, Bhagalpur - BSPCB",27-11-2025 18:00,25.251013,86.989001,NO2,6,11,8
India,Bihar,Bhagalpur,"DM Office_Kachari Chowk, Bhagalpur - BSPCB",27-11-2025 18:00,25.251013,86.989001,NH3,1,1,1
India,Bihar,Bhagalpur,"DM Office_Kachari Chowk, Bhagalpur - BSPCB",27-11-2025 18:00,25.251013,86.989001,SO2,29,52,40
India,Bihar,Bhagalpur,"Mayaganj, Bhagalpur - BSPCB",27-11-2025 18:00,25.265194,87.012947,SO2,6,82,47
India,Andhra_Pradesh,Visakhapatnam,"GVM Corporation, Visakhapatnam - APPCB",27-11-2025 18:00,17.72,83.3,SO2,NA,NA,NA
India,Andhra_Pradesh,Visakhapatnam,"GVM Corporation, Visakhapatnam - APPCB",27-11-2025 18:00,17.72,83.3,CO,2,34,2
India,Andhra_Pradesh,Visakhapatnam,"GVM Corporation, Visakhapatnam - APPCB",27-11-2025 18:00,17.72,83.3,OZONE,97,109,97
India,Arunachal_Pradesh,Naharlagun,"Naharlagun, Naharlagun - APSPCB",27-11-2025 18:00,27.103358,93.679645,SO2,8,9,8
India,Arunachal_Pradesh,Naharlagun,"Naharlagun, Naharlagun - APSPCB",27-11-2025 18:00,27.103358,93.679645,CO,8,58,12
India,Assam,Guwahati,"IITG, Guwahati - PCBA",27-11-2025 18:00,26.2028636,91.70046436,CO,7,26,9
India,Assam,Guwahati,"LGBI Airport, Guwahati - PCBA",27-11-2025 18:00,26.10887,91.589544,PM2.5,42,84,68
India,Assam,Guwahati,"LGBI Airport, Guwahati - PCBA",27-11-2025 18:00,26.10887,91.589544,CO,8,52,30
India,Bihar,Kishanganj,"SDM Office_Khagra, Kishanganj - BSPCB",27-11-2025 18:00,26.0881305,87.93840336,SO2,6,10,7
India,Bihar,Manguraha,"Forest Rest House, Manguraha - BSPCB",27-11-2025 18:00,27.308328,84.531742,NH3,1,2,1
India,Bihar,Motihari,"Gandak Colony, Motihari - BSPCB",27-11-2025 18:00,26.63086,84.90051,NO2,10,12,10
India,Bihar,Munger,"Town Hall, Munger - BSPCB",27-11-2025 18:00,25.376776,86.471523,PM2.5,70,273,124
India,Bihar,Muzaffarpur,"Buddha Colony, Muzaffarpur - BSPCB",27-11-2025 18:00,26.11442,85.39813,PM2.5,67,207,137
India,Andaman and Nicobar,Sri Vijaya Puram,"Police Line, Sri Vijaya Puram - ANPCC",27-11-2025 18:00,11.654054,92.734055,NO2,NA,NA,NA
India,Andhra_Pradesh,Amaravati,"Secretariat, Amaravati - APPCB",27-11-2025 18:00,16.5150833,80.5181667,PM10,133,226,160
India,Andhra_Pradesh,Amaravati,"Secretariat, Amaravati - APPCB",27-11-2025 18:00,16.5150833,80.5181667,SO2,9,12,10
India,Andhra_Pradesh,Amaravati,"Secretariat, Amaravati - APPCB",27-11-2025 18:00,16.5150833,80.5181667,CO,24,43,29
India,Andhra_Pradesh,Amaravati,"Secretariat, Amaravati - APPCB",27-11-2025 18:00,16.5150833,80.5181667,OZONE,32,65,58
India,Andhra_Pradesh,Anantapur,"Gulzarpet, Anantapur - APPCB",27-11-2025 18:00,14.675886,77.593027,NO2,15,24,17
India,Assam,Silchar,"Tarapur, Silchar - PCBA",27-11-2025 18:00,24.82827,92.79525,CO,15,58,31
India,Assam,Silchar,"Tarapur, Silchar - PCBA",27-11-2025 18:00,24.82827,92.79525,OZONE,1,16,9
India,Bihar,Araria,"Kharahiya Basti, Araria - BSPCB",27-11-2025 18:00,26.146529,87.454184,PM2.5,17,230,101
India,Bihar,Arrah,"New DM Office, Arrah - BSPCB",27-11-2025 18:00,25.5626095,84.663264,PM10,59,213,135
India,Bihar,Arrah,"New DM Office, Arrah - BSPCB",27-11-2025 18:00,25.5626095,84.663264,OZONE,7,15,8
India,Bihar,Aurangabad,"Gurdeo Nagar, Aurangabad - BSPCB",27-11-2025 18:00,24.75746,84.366208,NH3,1,2,2
India,Andhra_Pradesh,Tirupati,"Vaikuntapuram, Tirupati - APPCB",27-11-2025 18:00,13.615387,79.40923,NH3,3,4,4
India,Andhra_Pradesh,Tirupati,"Vaikuntapuram, Tirupati - APPCB",27-11-2025 18:00,13.615387,79.40923,OZONE,16,17,17
India,Andhra_Pradesh,Vijayawada,"HB Colony, Vijayawada - APPCB",27-11-2025 18:00,16.536107,80.594233,OZONE,46,96,74
India,Andhra_Pradesh,Vijayawada,"Rajiv Gandhi Park, Vijayawada - APPCB",27-11-2025 18:00,16.509717,80.612222,PM10,33,107,66
India,Andhra_Pradesh,Vijayawada,"Rajiv Gandhi Park, Vijayawada - APPCB",27-11-2025 18:00,16.509717,80.612222,NH3,4,8,7
India,Andhra_Pradesh,Vijayawada,"Rajiv Nagar, Vijayawada - APPCB",27-11-2025 18:00,16.554731,80.64911,CO,30,46,36
India,Assam,Guwahati,"Pan Bazaar, Guwahati - PCBA",27-11-2025 18:00,26.1875,91.744194,PM10,17,91,49
India,Assam,Guwahati,"Railway Colony, Guwahati - PCBA",27-11-2025 18:00,26.181742,91.78063,SO2,32,35,33
India,Assam,Nagaon,"Christianpatty, Nagaon - PCBA",27-11-2025 18:00,26.349082,92.68449,NO2,1,5,1
India,Assam,Nalbari,"Bata Chowk, Nalbari - PCBA",27-11-2025 18:00,26.446912,91.439057,PM2.5,10,83,41
India,Assam,Nalbari,"Bata Chowk, Nalbari - PCBA",27-11-2025 18:00,26.446912,91.439057,OZONE,16,22,18
India,Andhra_Pradesh,Kadapa,"Yerramukkapalli, Kadapa - APPCB",27-11-2025 18:00,14.465052,78.824187,CO,28,46,36
India,Andhra_Pradesh,Kadapa,"Yerramukkapalli, Kadapa - APPCB",27-11-2025 18:00,14.465052,78.824187,OZONE,21,31,26
India,Andhra_Pradesh,Tirumala,"Toll Gate, Tirumala - APPCB",27-11-2025 18:00,13.67,79.35,NO2,11,20,15
India,Bihar,Buxar,"Charitra Van, Buxar - BSPCB",27-11-2025 18:00,25.56752,83.966379,NO2,9,10,10
India,Bihar,Chhapra,"Darshan Nagar, Chhapra - BSPCB",27-11-2025 18:00,25.7808257,84.7446768,NH3,4,6,5
India,Bihar,Muzaffarpur,"MIT-Daudpur Kothi, Muzaffarpur - BSPCB",27-11-2025 18:00,26.1403345,85.3650192,SO2,9,20,11
India,Bihar,Muzaffarpur,"Muzaffarpur Collectorate, Muzaffarpur - BSPCB",27-11-2025 18:00,26.1209,85.3647,PM2.5,87,130,109
India,Bihar,Muzaffarpur,"Muzaffarpur Collectorate, Muzaffarpur - BSPCB",27-11-2025 18:00,26.1209,85.3647,SO2,4,7,5
India,Bihar,Muzaffarpur,"Muzaffarpur Collectorate, Muzaffarpur - BSPCB",27-11-2025 18:00,26.1209,85.3647,CO,13,44,29
India,Bihar,Muzaffarpur,"Muzaffarpur Collectorate, Muzaffarpur - BSPCB",27-11-2025 18:00,26.1209,85.3647,OZONE,8,56,35
India,Bihar,Patna,"DRM Office Danapur, Patna - BSPCB",27-11-2025 18:00,25.586562,85.043586,NO2,35,105,60
India,Bihar,Patna,"Govt. High School Shikarpur, Patna - BSPCB",27-11-2025 18:00,25.592539,85.227158,SO2,7,14,10
India,Bihar,Patna,"IGSC Planetarium Complex, Patna - BSPCB",27-11-2025 18:00,25.610369,85.132568,NO2,12,17,15
India,Bihar,Patna,"IGSC Planetarium Complex, Patna - BSPCB",27-11-2025 18:00,25.610369,85.132568,OZONE,28,31,29
India,Bihar,Patna,"Muradpur, Patna - BSPCB",27-11-2025 18:00,25.619651,85.147382,PM2.5,73,218,160
India,Bihar,Patna,"Rajbansi Nagar, Patna - BSPCB",27-11-2025 18:00,25.599486,85.113666,NH3,1,8,5
India,Bihar,Patna,"Samanpura, Patna - BSPCB",27-11-2025 18:00,25.596727,85.085624,PM2.5,90,312,226
India,Bihar,Patna,"Samanpura, Patna - BSPCB",27-11-2025 18:00,25.596727,85.085624,NH3,5,6,5
India,Bihar,Purnia,"Mariam Nagar, Purnia - BSPCB",27-11-2025 18:00,25.366336,87.117468,PM10,18,101,64
India,Bihar,Purnia,"Mariam Nagar, Purnia - BSPCB",27-11-2025 18:00,25.366336,87.117468,NH3,3,3,3
India,Bihar,Sasaram,"Dada Peer, Sasaram - BSPCB",27-11-2025 18:00,24.952822,84.002396,OZONE,16,17,17
India,Bihar,Siwan,"Chitragupta Nagar, Siwan - BSPCB",27-11-2025 18:00,26.2271665,84.3570427,PM10,42,123,79
India,Chandigarh,Chandigarh,"Sector 22, Chandigarh - CPCC",27-11-2025 18:00,30.735567,76.775714,NH3,10,17,14
India,Chandigarh,Chandigarh,"Sector 22, Chandigarh - CPCC",27-11-2025 18:00,30.735567,76.775714,CO,48,141,66
India,Chandigarh,Chandigarh,"Sector-25, Chandigarh - CPCC",27-11-2025 18:00,30.751462,76.762879,PM10,49,161,100
India,Chandigarh,Chandigarh,"Sector-53, Chandigarh - CPCC",27-11-2025 18:00,30.719859,76.738637,CO,NA,NA,NA
India,Chhattisgarh,Kunjemura,"OP Jindal School, Kunjemura - CECB",27-11-2025 18:00,22.12665,83.483212,CO,9,34,12
India,Chhattisgarh,Milupara,"Govt. Higher Secondary School, Milupara - CECB",27-11-2025 18:00,22.1910172,83.5197009,SO2,12,17,14
India,Chhattisgarh,Raipur,"AIIMS, Raipur - CECB",27-11-2025 18:00,21.258815,81.578979,SO2,5,13,8
India,Chhattisgarh,Raipur,"AIIMS, Raipur - CECB",27-11-2025 18:00,21.258815,81.578979,OZONE,NA,NA,NA
India,Chhattisgarh,Raipur,"Krishak Nagar, Raipur - CECB",27-11-2025 18:00,21.237755,81.705301,CO,20,37,26
India,Chhattisgarh,Raipur,"Siltara Phase-II, Raipur - CECB",27-11-2025 18:00,21.371751,81.664929,NH3,3,3,3
India,Chhattisgarh,Raipur,"Siltara Phase-II, Raipur - CECB",27-11-2025 18:00,21.371751,81.664929,OZONE,3,3,3
India,Delhi,Delhi,"Alipur, Delhi - DPCC",27-11-2025 18:00,28.815329,77.15301,PM2.5,167,473,354
India,Delhi,Delhi,"Alipur, Delhi - DPCC",27-11-2025 18:00,28.815329,77.15301,NH3,17,22,19
India,Delhi,Delhi,"Alipur, Delhi - DPCC",27-11-2025 18:00,28.815329,77.15301,SO2,5,24,11
India,Delhi,Delhi,"Anand Vihar, Delhi - DPCC",27-11-2025 18:00,28.647622,77.315809,NH3,12,22,17
India,Chhattisgarh,Bhilai,"Civic Center, Bhilai - Bhilai Steel Plant",27-11-2025 18:00,21.185571,81.343175,PM10,37,145,75
India,Chhattisgarh,Bhilai,"Civic Center, Bhilai - Bhilai Steel Plant",27-11-2025 18:00,21.185571,81.343175,NH3,4,4,4
India,Chhattisgarh,Bhilai,"Hathkhoj, Bhilai - CECB",27-11-2025 18:00,21.224231,81.40835,SO2,20,102,43
India,Chhattisgarh,Bhilai,"Hathkhoj, Bhilai - CECB",27-11-2025 18:00,21.224231,81.40835,CO,23,62,29
India,Chhattisgarh,Bilaspur,"Mangala, Bilaspur - NTPC",27-11-2025 18:00,22.08815,82.13737,PM10,64,130,93
India,Bihar,Rajgir,"Dangi Tola, Rajgir - BSPCB",27-11-2025 18:00,25.0328,85.41948,PM10,32,115,72
India,Bihar,Rajgir,"Dangi Tola, Rajgir - BSPCB",27-11-2025 18:00,25.0328,85.41948,NH3,4,7,6
India,Bihar,Saharsa,"Police Line, Saharsa - BSPCB",27-11-2025 18:00,25.892357,86.590325,PM2.5,13,224,94
India,Bihar,Saharsa,"Police Line, Saharsa - BSPCB",27-11-2025 18:00,25.892357,86.590325,NO2,6,7,7
India,Bihar,Saharsa,"Police Line, Saharsa - BSPCB",27-11-2025 18:00,25.892357,86.590325,NH3,4,4,4
India,Bihar,Saharsa,"Police Line, Saharsa - BSPCB",27-11-2025 18:00,25.892357,86.590325,SO2,14,17,16
India,Chhattisgarh,Chhal,"Nawapara SECL Colony, Chhal - CECB",27-11-2025 18:00,22.118125,83.140608,SO2,3,31,12
India,Chhattisgarh,Korba,"Urja Nagar, Korba - CECB",27-11-2025 18:00,22.348441,82.549611,PM2.5,70,86,71
India,Chhattisgarh,Kunjemura,"OP Jindal School, Kunjemura - CECB",27-11-2025 18:00,22.12665,83.483212,PM2.5,2,66,42
India,Chhattisgarh,Kunjemura,"OP Jindal School, Kunjemura - CECB",27-11-2025 18:00,22.12665,83.483212,NH3,2,2,2
India,Bihar,Sasaram,"Dada Peer, Sasaram - BSPCB",27-11-2025 18:00,24.952822,84.002396,NO2,2,2,2
India,Delhi,Delhi,"North Campus, DU, Delhi - IMD",27-11-2025 18:00,28.6573814,77.1585447,CO,22,190,66
India,Delhi,Delhi,"Okhla Phase-2, Delhi - DPCC",27-11-2025 18:00,28.530785,77.271255,NO2,104,252,162
India,Delhi,Delhi,"Okhla Phase-2, Delhi - DPCC",27-11-2025 18:00,28.530785,77.271255,OZONE,7,301,231
India,Delhi,Delhi,"Patparganj, Delhi - DPCC",27-11-2025 18:00,28.623763,77.287209,PM10,182,485,373
India,Delhi,Delhi,"Patparganj, Delhi - DPCC",27-11-2025 18:00,28.623763,77.287209,NO2,48,263,142
India,Delhi,Delhi,"Patparganj, Delhi - DPCC",27-11-2025 18:00,28.623763,77.287209,SO2,7,15,12
India,Delhi,Delhi,"Punjabi Bagh, Delhi - DPCC",27-11-2025 18:00,28.674045,77.131023,SO2,1,32,16
India,Delhi,Delhi,"Punjabi Bagh, Delhi - DPCC",27-11-2025 18:00,28.674045,77.131023,CO,36,144,51
India,Delhi,Delhi,"Pusa, Delhi - DPCC",27-11-2025 18:00,28.639652,77.146275,PM2.5,312,481,366
India,Delhi,Delhi,"Pusa, Delhi - DPCC",27-11-2025 18:00,28.639652,77.146275,NH3,4,9,6
India,Delhi,Delhi,"Pusa, Delhi - DPCC",27-11-2025 18:00,28.639652,77.146275,SO2,4,14,9
India,Delhi,Delhi,"Chandni Chowk, Delhi - IITM",27-11-2025 18:00,28.656756,77.227234,PM10,260,500,409
India,Delhi,Delhi,"Chandni Chowk, Delhi - IITM",27-11-2025 18:00,28.656756,77.227234,NH3,11,28,19
India,Delhi,Delhi,"Chandni Chowk, Delhi - IITM",27-11-2025 18:00,28.656756,77.227234,SO2,10,43,17
India,Delhi,Delhi,"Chandni Chowk, Delhi - IITM",27-11-2025 18:00,28.656756,77.227234,CO,104,127,108
India,Delhi,Delhi,"DTU, Delhi - CPCB",27-11-2025 18:00,28.7500499,77.1112615,PM10,143,500,341
India,Delhi,Delhi,"DTU, Delhi - CPCB",27-11-2025 18:00,28.7500499,77.1112615,NH3,3,10,8
India,Delhi,Delhi,"Dr. Karni Singh Shooting Range, Delhi - DPCC",27-11-2025 18:00,28.498571,77.26484,OZONE,7,73,48
India,Delhi,Delhi,"Dwarka-Sector 8, Delhi - DPCC ",27-11-2025 18:00,28.5710274,77.0719006,PM2.5,310,444,384
India,Delhi,Delhi,"Dwarka-Sector 8, Delhi - DPCC ",27-11-2025 18:00,28.5710274,77.0719006,PM10,182,444,343
India,Delhi,Delhi,"Dwarka-Sector 8, Delhi - DPCC ",27-11-2025 18:00,28.5710274,77.0719006,SO2,17,55,39
India,Gujarat,Ahmedabad,"Chandkheda, Ahmedabad - IITM",27-11-2025 18:00,23.107969,72.574648,PM10,109,183,140
India,Gujarat,Ahmedabad,"Chandkheda, Ahmedabad - IITM",27-11-2025 18:00,23.107969,72.574648,NH3,6,9,8
India,Gujarat,Ahmedabad,"Gyaspur, Ahmedabad - IITM",27-11-2025 18:00,22.977134,72.553024,PM10,159,428,223
India,Gujarat,Ahmedabad,"Gyaspur, Ahmedabad - IITM",27-11-2025 18:00,22.977134,72.553024,SO2,23,56,36
India,Gujarat,Ahmedabad,"Maninagar, Ahmedabad - GPCB",27-11-2025 18:00,23.002657,72.591912,PM2.5,90,167,114
India,Gujarat,Ahmedabad,"Maninagar, Ahmedabad - GPCB",27-11-2025 18:00,23.002657,72.591912,PM10,75,140,109
India,Gujarat,Ahmedabad,"Maninagar, Ahmedabad - GPCB",27-11-2025 18:00,23.002657,72.591912,OZONE,23,122,88
India,Gujarat,Ahmedabad,"Raikhad, Ahmedabad - IITM",27-11-2025 18:00,23.020509,72.579261,NH3,2,5,3
India,Gujarat,Ahmedabad,"Raikhad, Ahmedabad - IITM",27-11-2025 18:00,23.020509,72.579261,SO2,16,32,22
India,Delhi,Delhi,"Sirifort, Delhi - CPCB",27-11-2025 18:00,28.5504249,77.2159377,NH3,6,11,9
India,Delhi,Delhi,"Sonia Vihar, Delhi - DPCC",27-11-2025 18:00,28.710508,77.249485,CO,67,145,97
India,Delhi,Delhi,"Sri Aurobindo Marg, Delhi - DPCC",27-11-2025 18:00,28.531346,77.190156,NH3,5,8,6
India,Delhi,Delhi,"Sri Aurobindo Marg, Delhi - DPCC",27-11-2025 18:00,28.531346,77.190156,CO,50,120,82
India,Delhi,Delhi,"Vivek Vihar, Delhi - DPCC",27-11-2025 18:00,28.672342,77.31526,PM2.5,236,500,426
India,Delhi,Delhi,"Vivek Vihar, Delhi - DPCC",27-11-2025 18:00,28.672342,77.31526,SO2,6,122,24
India,Delhi,Delhi,"Wazirpur, Delhi - DPCC",27-11-2025 18:00,28.699793,77.165453,OZONE,4,131,68
India,Delhi,Delhi,"NSIT Dwarka, Delhi - CPCB",27-11-2025 18:00,28.60909,77.0325413,PM2.5,152,426,296
India,Delhi,Delhi,"Najafgarh, Delhi - DPCC",27-11-2025 18:00,28.570173,76.933762,NH3,8,10,9
India,Delhi,Delhi,"Najafgarh, Delhi - DPCC",27-11-2025 18:00,28.570173,76.933762,SO2,4,22,9
India,Delhi,Delhi,"Narela, Delhi - DPCC",27-11-2025 18:00,28.822836,77.101981,PM10,150,500,361
India,Delhi,Delhi,"Narela, Delhi - DPCC",27-11-2025 18:00,28.822836,77.101981,OZONE,1,175,150
India,Delhi,Delhi,"Nehru Nagar, Delhi - DPCC",27-11-2025 18:00,28.56789,77.250515,PM10,210,486,364
India,Delhi,Delhi,"R K Puram, Delhi - DPCC",27-11-2025 18:00,28.563262,77.186937,PM2.5,315,500,401
India,Delhi,Delhi,"R K Puram, Delhi - DPCC",27-11-2025 18:00,28.563262,77.186937,OZONE,2,169,84
India,Delhi,Delhi,"Rohini, Delhi - DPCC",27-11-2025 18:00,28.732528,77.11992,SO2,10,26,17
India,Delhi,Delhi,"Shadipur, Delhi - CPCB",27-11-2025 18:00,28.6514781,77.1473105,PM2.5,338,357,345
India,Delhi,Delhi,"Shadipur, Delhi - CPCB",27-11-2025 18:00,28.6514781,77.1473105,SO2,7,50,27
India,Delhi,Delhi,"Sirifort, Delhi - CPCB",27-11-2025 18:00,28.5504249,77.2159377,PM10,193,456,332
India,Delhi,Delhi,"IGI Airport (T3), Delhi - IMD",27-11-2025 18:00,28.5627763,77.1180053,CO,46,147,81
India,Delhi,Delhi,"IHBAS, Dilshad Garden, Delhi - CPCB",27-11-2025 18:00,28.6811736,77.3025234,CO,44,84,57
India,Delhi,Delhi,"Jahangirpuri, Delhi - DPCC",27-11-2025 18:00,28.73282,77.170633,OZONE,3,187,108
India,Delhi,Delhi,"Jawaharlal Nehru Stadium, Delhi - DPCC",27-11-2025 18:00,28.58028,77.233829,NO2,77,236,121
India,Delhi,Delhi,"Jawaharlal Nehru Stadium, Delhi - DPCC",27-11-2025 18:00,28.58028,77.233829,NH3,10,14,12
India,Delhi,Delhi,"Bawana, Delhi - DPCC",27-11-2025 18:00,28.7762,77.051074,OZONE,4,178,107
India,Delhi,Delhi,"Burari Crossing, Delhi - IMD",27-11-2025 18:00,28.7256504,77.2011573,PM2.5,185,500,388
India,Delhi,Delhi,"Burari Crossing, Delhi - IMD",27-11-2025 18:00,28.7256504,77.2011573,OZONE,8,271,113
India,Delhi,Delhi,"CRRI Mathura Road, Delhi - IMD",27-11-2025 18:00,28.5512005,77.2735737,PM2.5,293,492,382
India,Delhi,Delhi,"CRRI Mathura Road, Delhi - IMD",27-11-2025 18:00,28.5512005,77.2735737,CO,32,161,91
India,Delhi,Delhi,"CRRI Mathura Road, Delhi - IMD",27-11-2025 18:00,28.5512005,77.2735737,OZONE,12,278,131
India,Delhi,Delhi,"Major Dhyan Chand National Stadium, Delhi - DPCC",27-11-2025 18:00,28.611281,77.237738,PM2.5,220,459,331
India,Delhi,Delhi,"Major Dhyan Chand National Stadium, Delhi - DPCC",27-11-2025 18:00,28.611281,77.237738,NH3,9,13,11
India,Delhi,Delhi,"Major Dhyan Chand National Stadium, Delhi - DPCC",27-11-2025 18:00,28.611281,77.237738,SO2,19,42,27
India,Delhi,Delhi,"Major Dhyan Chand National Stadium, Delhi - DPCC",27-11-2025 18:00,28.611281,77.237738,CO,2,148,59
India,Delhi,Delhi,"Mundka, Delhi - DPCC",27-11-2025 18:00,28.684678,77.076574,NH3,10,21,16
India,Haryana,Charkhi Dadri,"Mini Secretariat, Charkhi Dadri - HSPCB",27-11-2025 18:00,28.593883,76.270653,PM2.5,226,417,318
India,Haryana,Charkhi Dadri,"Mini Secretariat, Charkhi Dadri - HSPCB",27-11-2025 18:00,28.593883,76.270653,NO2,9,22,15
India,Haryana,Charkhi Dadri,"Mini Secretariat, Charkhi Dadri - HSPCB",27-11-2025 18:00,28.593883,76.270653,OZONE,13,17,15
India,Haryana,Dharuhera,"Municipal Corporation Office, Dharuhera -  HSPCB",27-11-2025 18:00,28.2068,76.7997,PM2.5,184,449,360
India,Haryana,Dharuhera,"Municipal Corporation Office, Dharuhera -  HSPCB",27-11-2025 18:00,28.2068,76.7997,NO2,14,50,37
India,Haryana,Dharuhera,"Municipal Corporation Office, Dharuhera -  HSPCB",27-11-2025 18:00,28.2068,76.7997,NH3,9,26,19
India,Haryana,Faridabad,"Sector 11, Faridabad - HSPCB",27-11-2025 18:00,28.376058,77.315741,NO2,NA,NA,NA
India,Haryana,Faridabad,"Sector 11, Faridabad - HSPCB",27-11-2025 18:00,28.376058,77.315741,NH3,NA,NA,NA
India,Haryana,Faridabad,"Sector 11, Faridabad - HSPCB",27-11-2025 18:00,28.376058,77.315741,SO2,NA,NA,NA
India,Haryana,Faridabad,"Sector 30, Faridabad - HSPCB",27-11-2025 18:00,28.4417,77.3217,PM2.5,156,213,175
India,Gujarat,Ahmedabad,"SAC ISRO Bopal, Ahmedabad - IITM",27-11-2025 18:00,23.041137,72.456691,SO2,2,9,4
India,Gujarat,Ahmedabad,"SAC ISRO Satellite, Ahmedabad - IITM",27-11-2025 18:00,23.023389,72.515201,PM2.5,78,152,107
India,Gujarat,Ahmedabad,"SVPI Airport Hansol, Ahmedabad - IITM",27-11-2025 18:00,23.076793,72.627874,PM2.5,115,230,168
India,Gujarat,Ahmedabad,"SVPI Airport Hansol, Ahmedabad - IITM",27-11-2025 18:00,23.076793,72.627874,PM10,139,228,168
India,Gujarat,Ahmedabad,"SVPI Airport Hansol, Ahmedabad - IITM",27-11-2025 18:00,23.076793,72.627874,SO2,11,17,13
India,Gujarat,Ahmedabad,"SVPI Airport Hansol, Ahmedabad - IITM",27-11-2025 18:00,23.076793,72.627874,OZONE,11,46,35
India,Gujarat,Ankleshwar,"GIDC, Ankleshwar - GPCB",27-11-2025 18:00,21.613267,73.010555,PM2.5,59,212,135
India,Gujarat,Ankleshwar,"GIDC, Ankleshwar - GPCB",27-11-2025 18:00,21.613267,73.010555,PM10,69,142,117
India,Gujarat,Ankleshwar,"GIDC, Ankleshwar - GPCB",27-11-2025 18:00,21.613267,73.010555,SO2,22,27,24
India,Gujarat,Ankleshwar,"GIDC, Ankleshwar - GPCB",27-11-2025 18:00,21.613267,73.010555,OZONE,44,54,46
India,Gujarat,Vatva,"Phase-4 GIDC, Vatva - GPCB",27-11-2025 18:00,22.969611,72.6435,NH3,2,7,6
India,Gujarat,Vatva,"Phase-4 GIDC, Vatva - GPCB",27-11-2025 18:00,22.969611,72.6435,SO2,33,43,36
India,Haryana,Ambala,"Patti Mehar, Ambala - HSPCB",27-11-2025 18:00,30.379589,76.778328,PM10,1,172,48
India,Haryana,Bahadurgarh,"Arya Nagar, Bahadurgarh - HSPCB",27-11-2025 18:00,28.6701,76.9254,SO2,7,7,7
India,Haryana,Ballabgarh,"Nathu Colony, Ballabgarh - HSPCB",27-11-2025 18:00,28.3419248,77.319699,PM2.5,NA,NA,NA
India,Haryana,Ballabgarh,"Nathu Colony, Ballabgarh - HSPCB",27-11-2025 18:00,28.3419248,77.319699,CO,15,105,21
India,Haryana,Ballabgarh,"Nathu Colony, Ballabgarh - HSPCB",27-11-2025 18:00,28.3419248,77.319699,OZONE,15,15,15
India,Haryana,Bhiwani,"H.B. Colony, Bhiwani - HSPCB",27-11-2025 18:00,28.806223,76.141105,PM10,128,175,151
India,Gujarat,Gandhinagar,"IIPHG Lekawada, Gandhinagar - IITM",27-11-2025 18:00,23.243639,72.68994,SO2,3,12,5
India,Gujarat,Gandhinagar,"IIPHG Lekawada, Gandhinagar - IITM",27-11-2025 18:00,23.243639,72.68994,CO,5,58,15
India,Gujarat,Gandhinagar,"Sector-10, Gandhinagar - GPCB",27-11-2025 18:00,23.221714,72.654328,OZONE,23,74,54
India,Gujarat,Nandesari,"GIDC, Nandesari - Nandesari Ind. Association",27-11-2025 18:00,22.410802,73.097923,SO2,NA,NA,NA
India,Gujarat,Surat,"Science Center, Surat - SMC",27-11-2025 18:00,21.170046,72.795405,PM2.5,27,72,42
India,Gujarat,Surat,"Science Center, Surat - SMC",27-11-2025 18:00,21.170046,72.795405,NO2,2,23,12
India,Gujarat,Surat,"Science Center, Surat - SMC",27-11-2025 18:00,21.170046,72.795405,CO,36,44,39
India,Gujarat,Vapi,"Phase-1 GIDC, Vapi - GPCB",27-11-2025 18:00,20.362421,72.918013,PM10,34,82,63
India,Haryana,Karnal,"Sector-12, Karnal - HSPCB",27-11-2025 18:00,29.6953,77.0027,OZONE,41,41,41
India,Haryana,Kurukshetra,"Sector-7, Kurukshetra - HSPCB",27-11-2025 18:00,29.966942,76.875879,PM10,57,179,143
India,Haryana,Kurukshetra,"Sector-7, Kurukshetra - HSPCB",27-11-2025 18:00,29.966942,76.875879,OZONE,7,64,43
India,Haryana,Mandikhera,"General Hospital, Mandikhera(Nuh) - HSPCB",27-11-2025 18:00,27.9002,76.9938,PM10,102,171,138
India,Haryana,Mandikhera,"General Hospital, Mandikhera(Nuh) - HSPCB",27-11-2025 18:00,27.9002,76.9938,SO2,31,36,34
India,Haryana,Narnaul,"Shastri Nagar, Narnaul - HSPCB",27-11-2025 18:00,28.060249,76.113115,OZONE,4,10,7
India,Haryana,Palwal,"Shyam Nagar, Palwal - HSPCB",27-11-2025 18:00,28.1485564,77.3320667,PM10,51,118,94
India,Haryana,Sirsa,"F-Block, Sirsa - HSPCB",27-11-2025 18:00,29.5364,75.0158,OZONE,36,46,43
India,Haryana,Yamuna Nagar,"Gobind Pura, Yamuna Nagar - HSPCB",27-11-2025 18:00,30.1480566,77.2893471,PM2.5,116,328,230
India,Himachal Pradesh,Baddi,"HIMUDA Complex Phase-1, Baddi - HPPCB",27-11-2025 18:00,30.943887,76.801991,SO2,23,96,38
India,Himachal Pradesh,Baddi,"HIMUDA Complex Phase-1, Baddi - HPPCB",27-11-2025 18:00,30.943887,76.801991,CO,46,80,55
India,Himachal Pradesh,Baddi,"HIMUDA Complex Phase-1, Baddi - HPPCB",27-11-2025 18:00,30.943887,76.801991,OZONE,60,141,111
India,Jammu_and_Kashmir,Srinagar,"Rajbagh, Srinagar - JKSPCB",27-11-2025 18:00,34.066206,74.81982,SO2,3,4,3
India,Haryana,Gurugram,"Vikas Sadan, Gurugram - HSPCB",27-11-2025 18:00,28.4501238,77.0263051,CO,101,140,115
India,Haryana,Hisar,"Urban Estate-II, Hisar - HSPCB",27-11-2025 18:00,29.14056,75.744941,SO2,NA,NA,NA
India,Haryana,Jind,"Police Lines, Jind - HSPCB",27-11-2025 18:00,29.307814,76.337619,SO2,1,9,3
India,Haryana,Kaithal,"Rishi Nagar, Kaithal - HSPCB",27-11-2025 18:00,29.8006,76.4155,PM10,75,131,112
India,Haryana,Kaithal,"Rishi Nagar, Kaithal - HSPCB",27-11-2025 18:00,29.8006,76.4155,NH3,5,6,6
India,Haryana,Karnal,"Sector-12, Karnal - HSPCB",27-11-2025 18:00,29.6953,77.0027,PM2.5,90,320,251
India,Haryana,Panchgaon,"Amity University, Panchgaon - IITM",27-11-2025 18:00,28.3153,76.9143,PM2.5,50,306,102
India,Haryana,Panchgaon,"Amity University, Panchgaon - IITM",27-11-2025 18:00,28.3153,76.9143,SO2,1,19,8
India,Haryana,Panchgaon,"Amity University, Panchgaon - IITM",27-11-2025 18:00,28.3153,76.9143,CO,12,78,51
India,Haryana,Panchkula,"Sector-6, Panchkula - HSPCB ",27-11-2025 18:00,30.7057778,76.85318056,OZONE,17,34,23
India,Haryana,Panipat,"Sector-18, Panipat - HSPCB",27-11-2025 18:00,29.432304,76.972765,PM10,NA,NA,NA
India,Haryana,Panipat,"Sector-18, Panipat - HSPCB",27-11-2025 18:00,29.432304,76.972765,NO2,NA,NA,NA
India,Haryana,Rohtak,"MD University, Rohtak - HSPCB",27-11-2025 18:00,28.52123,76.37138,NO2,4,6,6
India,Haryana,Faridabad,"Sector 30, Faridabad - HSPCB",27-11-2025 18:00,28.4417,77.3217,SO2,6,6,6
India,Haryana,Faridabad,"Sector 30, Faridabad - HSPCB",27-11-2025 18:00,28.4417,77.3217,OZONE,17,19,19
India,Haryana,Fatehabad,"Huda Sector, Fatehabad - HSPCB",27-11-2025 18:00,29.503664,75.467934,PM2.5,83,310,215
India,Haryana,Gurugram,"NISE Gwal Pahari, Gurugram - IMD",27-11-2025 18:00,28.422681,77.148944,NO2,15,160,51
India,Haryana,Gurugram,"Sector-51, Gurugram - HSPCB",27-11-2025 18:00,28.4227,77.0667,PM10,NA,NA,NA
India,Karnataka,Bengaluru,"RVCE-Mailasandra, Bengaluru - KSPCB",27-11-2025 18:00,12.921418,77.502466,NH3,3,5,4
India,Karnataka,Bengaluru,"RVCE-Mailasandra, Bengaluru - KSPCB",27-11-2025 18:00,12.921418,77.502466,SO2,5,6,6
India,Karnataka,Bengaluru,"Sanegurava Halli, Bengaluru - KSPCB",27-11-2025 18:00,12.990328,77.5431385,CO,20,33,28
India,Karnataka,Bengaluru,"Shivapura_Peenya, Bengaluru - KSPCB",27-11-2025 18:00,13.0246342,77.5080115,PM10,103,125,113
India,Karnataka,Bengaluru,"Shivapura_Peenya, Bengaluru - KSPCB",27-11-2025 18:00,13.0246342,77.5080115,OZONE,19,20,20
India,Karnataka,Bengaluru,"Silk Board, Bengaluru - KSPCB",27-11-2025 18:00,12.917348,77.622813,PM2.5,73,113,89
India,Karnataka,Bengaluru,"Silk Board, Bengaluru - KSPCB",27-11-2025 18:00,12.917348,77.622813,SO2,8,12,10
India,Karnataka,Bengaluru,"Silk Board, Bengaluru - KSPCB",27-11-2025 18:00,12.917348,77.622813,OZONE,10,17,14
India,Karnataka,Chamarajanagar,"Urban, Chamarajanagar - KSPCB",27-11-2025 18:00,11.55358,76.55521,SO2,2,8,4
India,Jharkhand,Dhanbad,"Sardar Patel Nagar, Dhanbad - JSPCB",27-11-2025 18:00,23.80569,86.44268,SO2,11,124,67
India,Karnataka,Bagalkot,"Vidayagiri, Bagalkot - KSPCB",27-11-2025 18:00,16.172806,75.659694,PM10,53,54,53
India,Karnataka,Bagalkot,"Vidayagiri, Bagalkot - KSPCB",27-11-2025 18:00,16.172806,75.659694,NH3,1,2,1
India,Karnataka,Bagalkot,"Vidayagiri, Bagalkot - KSPCB",27-11-2025 18:00,16.172806,75.659694,SO2,7,7,7
India,Karnataka,Belgaum,"Ramteerth Nagar, Belgaum - KSPCB",27-11-2025 18:00,15.888653,74.541751,PM2.5,42,258,84
India,Karnataka,Belgaum,"Ramteerth Nagar, Belgaum - KSPCB",27-11-2025 18:00,15.888653,74.541751,NO2,26,104,50
India,Karnataka,Belgaum,"Ramteerth Nagar, Belgaum - KSPCB",27-11-2025 18:00,15.888653,74.541751,SO2,23,23,23
India,Karnataka,Belgaum,"Ramteerth Nagar, Belgaum - KSPCB",27-11-2025 18:00,15.888653,74.541751,OZONE,19,20,19
India,Karnataka,Bengaluru,"BTM Layout, Bengaluru - CPCB",27-11-2025 18:00,12.9135218,77.5950804,PM10,71,102,77
India,Karnataka,Yadgir,"Collector Office, Yadgir - KSPCB",27-11-2025 18:00,16.7602,77.1428,PM10,74,134,106
India,Kerala,Eloor,"Udyogamandal, Eloor - Kerala PCB",27-11-2025 18:00,10.073232,76.302765,PM10,45,71,57
India,Kerala,Eloor,"Udyogamandal, Eloor - Kerala PCB",27-11-2025 18:00,10.073232,76.302765,NO2,6,7,6
India,Kerala,Kannur,"Thavakkara, Kannur - Kerala PCB",27-11-2025 18:00,11.875,75.3732,PM2.5,49,58,54
India,Kerala,Kollam,"Polayathode, Kollam - Kerala PCB",27-11-2025 18:00,8.8787,76.6073,PM2.5,94,363,258
India,Kerala,Kollam,"Polayathode, Kollam - Kerala PCB",27-11-2025 18:00,8.8787,76.6073,PM10,79,183,130
India,Kerala,Kollam,"Polayathode, Kollam - Kerala PCB",27-11-2025 18:00,8.8787,76.6073,NH3,1,1,1
India,Karnataka,Madikeri,"Stuart Hill, Madikeri - KSPCB",27-11-2025 18:00,12.415911,75.73505,PM10,30,56,37
India,Karnataka,Madikeri,"Stuart Hill, Madikeri - KSPCB",27-11-2025 18:00,12.415911,75.73505,SO2,7,7,7
India,Karnataka,Mysuru,"Hebbal 1st Stage, Mysuru - KSPCB",27-11-2025 18:00,12.21041,76.37376,PM2.5,49,72,58
India,Karnataka,Mysuru,"Hebbal 1st Stage, Mysuru - KSPCB",27-11-2025 18:00,12.21041,76.37376,NO2,18,30,22
India,Karnataka,Shivamogga,"Vinoba Nagara, Shivamogga - KSPCB",27-11-2025 18:00,13.94,75.555917,SO2,3,7,5
India,Karnataka,Udupi,"Brahmagiri, Udupi - KSPCB",27-11-2025 18:00,13.34194444,74.74694444,NO2,NA,NA,NA
India,Karnataka,Bengaluru,"Jigani, Bengaluru - KSPCB",27-11-2025 18:00,12.7816279,77.6299145,OZONE,25,26,25
India,Karnataka,Bengaluru,"Kasturi Nagar, Bengaluru - KSPCB",27-11-2025 18:00,13.003872,77.664217,CO,NA,NA,NA
India,Karnataka,Bengaluru,"Peenya, Bengaluru - CPCB",27-11-2025 18:00,13.0270199,77.494094,PM2.5,18,64,38
India,Karnataka,Bengaluru,"Peenya, Bengaluru - CPCB",27-11-2025 18:00,13.0270199,77.494094,SO2,5,13,9
India,Karnataka,Bengaluru,"Peenya, Bengaluru - CPCB",27-11-2025 18:00,13.0270199,77.494094,OZONE,22,23,22
India,Karnataka,Bengaluru,"RVCE-Mailasandra, Bengaluru - KSPCB",27-11-2025 18:00,12.921418,77.502466,NO2,18,24,23
India,Karnataka,Bengaluru,"BWSSB Kadabesanahalli, Bengaluru - CPCB",27-11-2025 18:00,12.9352049,77.6814488,PM2.5,NA,NA,NA
India,Karnataka,Bengaluru,"BWSSB Kadabesanahalli, Bengaluru - CPCB",27-11-2025 18:00,12.9352049,77.6814488,OZONE,31,53,48
India,Karnataka,Bengaluru,"City Railway Station, Bengaluru - KSPCB",27-11-2025 18:00,12.9756843,77.5660749,CO,85,88,87
India,Karnataka,Bengaluru,"Hebbal, Bengaluru - KSPCB",27-11-2025 18:00,13.029152,77.585901,CO,9,40,17
India,Karnataka,Bengaluru,"Hombegowda Nagar, Bengaluru - KSPCB",27-11-2025 18:00,12.938539,77.5901,NO2,10,32,19
India,Karnataka,Dharwad,"Kalabhavan, Dharwad - KSPCB",27-11-2025 18:00,15.459706,75.008381,NO2,24,26,24
India,Karnataka,Dharwad,"Kalabhavan, Dharwad - KSPCB",27-11-2025 18:00,15.459706,75.008381,CO,32,106,45
India,Karnataka,Hubballi,"Lingaraj Nagar, Hubballi - KSPCB",27-11-2025 18:00,15.3714823,75.1160168,PM10,55,60,57
India,Karnataka,Hubballi,"Lingaraj Nagar, Hubballi - KSPCB",27-11-2025 18:00,15.3714823,75.1160168,NO2,7,11,8
India,Karnataka,Hubballi,"Lingaraj Nagar, Hubballi - KSPCB",27-11-2025 18:00,15.3714823,75.1160168,SO2,1,1,1
India,Kerala,Thiruvananthapuram,"Plammoodu, Thiruvananthapuram - Kerala PCB",27-11-2025 18:00,8.5149093,76.9435879,OZONE,NA,NA,NA
India,Kerala,Thrissur,"Corporation Ground, Thrissur - Kerala PCB",27-11-2025 18:00,10.5324,76.2159,NO2,7,9,8
India,Karnataka,Kalaburagi,"Mahatma Basaveswar Colony, Kalaburgi - KSPCB",27-11-2025 18:00,17.336318,76.847397,PM2.5,29,59,41
India,Karnataka,Koppal,"Diwator Nagar, Koppal - KSPCB",27-11-2025 18:00,15.34763,76.181767,CO,10,58,25
India,Maharashtra,Amravati,"Shivneri Colony, Amravati - MPCB",27-11-2025 18:00,20.9402359,77.7895248,OZONE,19,90,74
India,Maharashtra,Amravati,"Shri Shivaji Science College, Amravati - MPCB",27-11-2025 18:00,20.939198,77.765701,NO2,10,81,20
India,Maharashtra,Aurangabad,"MIDC Chilkalthana, Aurangabad - MPCB",27-11-2025 18:00,19.87562,75.38731,PM2.5,24,90,58
India,Maharashtra,Aurangabad,"MIDC Chilkalthana, Aurangabad - MPCB",27-11-2025 18:00,19.87562,75.38731,OZONE,4,43,33
India,Maharashtra,Aurangabad,"More Chowk Waluj, Aurangabad - MPCB",27-11-2025 18:00,19.8389439,75.244448,NO2,13,23,18
India,Maharashtra,Aurangabad,"More Chowk Waluj, Aurangabad - MPCB",27-11-2025 18:00,19.8389439,75.244448,SO2,12,23,15
India,Maharashtra,Aurangabad,"Rachnakar Colony, Aurangabad - MPCB",27-11-2025 18:00,19.863756,75.321188,NH3,1,3,2
India,Maharashtra,Aurangabad,"Rachnakar Colony, Aurangabad - MPCB",27-11-2025 18:00,19.863756,75.321188,CO,18,48,22
India,Maharashtra,Badlapur,"Katrap, Badlapur - MPCB",27-11-2025 18:00,19.16485,73.23409,PM10,83,150,114
India,Madhya Pradesh,Singrauli,"Suryakiran Bhawan NCL, Singrauli - MPPCB",27-11-2025 18:00,24.10897,82.64558,NO2,45,98,71
India,Madhya Pradesh,Singrauli,"Suryakiran Bhawan NCL, Singrauli - MPPCB",27-11-2025 18:00,24.10897,82.64558,NH3,10,12,11
India,Maharashtra,Ahmednagar,"Tarakpur, Ahmednagar - MPCB",27-11-2025 18:00,19.10122,74.73339,SO2,1,18,5
India,Maharashtra,Ahmednagar,"Tarakpur, Ahmednagar - MPCB",27-11-2025 18:00,19.10122,74.73339,CO,2,118,31
India,Maharashtra,Akola,"Ramdaspeth, Akola - MPCB",27-11-2025 18:00,20.719516,77.000253,PM2.5,64,95,83
India,Maharashtra,Akola,"Ramdaspeth, Akola - MPCB",27-11-2025 18:00,20.719516,77.000253,PM10,81,123,100
India,Maharashtra,Akola,"Ramdaspeth, Akola - MPCB",27-11-2025 18:00,20.719516,77.000253,SO2,10,13,12
India,Maharashtra,Akola,"Ramdaspeth, Akola - MPCB",27-11-2025 18:00,20.719516,77.000253,CO,18,31,21
India,Maharashtra,Amravati,"Shivneri Colony, Amravati - MPCB",27-11-2025 18:00,20.9402359,77.7895248,PM10,39,156,126
India,Maharashtra,Amravati,"Shivneri Colony, Amravati - MPCB",27-11-2025 18:00,20.9402359,77.7895248,NH3,2,2,2
India,Maharashtra,Badlapur,"Katrap, Badlapur - MPCB",27-11-2025 18:00,19.16485,73.23409,SO2,5,31,10
India,Maharashtra,Badlapur,"Katrap, Badlapur - MPCB",27-11-2025 18:00,19.16485,73.23409,OZONE,13,120,69
India,Maharashtra,Belapur,"CBD Belapur, Belapur - MPCB",27-11-2025 18:00,19.0243902,73.0406721,PM10,117,230,162
India,Maharashtra,Belapur,"CBD Belapur, Belapur - MPCB",27-11-2025 18:00,19.0243902,73.0406721,SO2,1,16,11
India,Maharashtra,Bhiwandi,"Gokul Nagar, Bhiwandi - MPCB",27-11-2025 18:00,19.309073,73.057223,OZONE,12,124,68
India,Maharashtra,Boisar,"Khaira, Boisar - MPCB",27-11-2025 18:00,19.786089,72.757971,OZONE,45,57,53
India,Maharashtra,Chandrapur,"Chauhan Colony, Chandrapur - MPCB",27-11-2025 18:00,19.9629,79.298714,NO2,30,34,32
India,Madhya Pradesh,Mandideep,"Sector-D Industrial Area, Mandideep - MPPCB",27-11-2025 18:00,23.10844,77.511428,PM10,88,160,117
India,Madhya Pradesh,Mandideep,"Sector-D Industrial Area, Mandideep - MPPCB",27-11-2025 18:00,23.10844,77.511428,NH3,6,9,8
India,Madhya Pradesh,Pithampur,"Sector-2 Industrial Area, Pithampur - MPPCB",27-11-2025 18:00,22.624758,75.675238,SO2,12,21,16
India,Madhya Pradesh,Ratlam,"Shasthri Nagar, Ratlam - IPCA Lab",27-11-2025 18:00,23.331731,75.045981,PM10,NA,NA,NA
India,Madhya Pradesh,Ratlam,"Shasthri Nagar, Ratlam - IPCA Lab",27-11-2025 18:00,23.331731,75.045981,NO2,NA,NA,NA
India,Madhya Pradesh,Sagar,"Civil Lines, Sagar - MPPCB",27-11-2025 18:00,23.838586,78.759431,PM2.5,66,282,123
India,Madhya Pradesh,Sagar,"Civil Lines, Sagar - MPPCB",27-11-2025 18:00,23.838586,78.759431,OZONE,38,75,69
India,Madhya Pradesh,Bhopal,"T T Nagar, Bhopal - MPPCB",27-11-2025 18:00,23.233584,77.400574,SO2,2,12,9
India,Madhya Pradesh,Damoh,"Shrivastav Colony, Damoh - MPPCB",27-11-2025 18:00,23.81748678,79.446246,CO,3,21,14
India,Madhya Pradesh,Dewas,"Bhopal Chauraha, Dewas - MPPCB",27-11-2025 18:00,22.9682591,76.064118,NO2,8,9,8
India,Madhya Pradesh,Gwalior,"City Center, Gwalior - MPPCB",27-11-2025 18:00,26.203442,78.193251,PM10,95,235,144
India,Madhya Pradesh,Gwalior,"Deen Dayal Nagar, Gwalior - MPPCB",27-11-2025 18:00,26.259242,78.216432,PM2.5,90,420,280
India,Madhya Pradesh,Gwalior,"Deen Dayal Nagar, Gwalior - MPPCB",27-11-2025 18:00,26.259242,78.216432,NH3,9,13,12
India,Madhya Pradesh,Indore,"Regional Park, Indore - IMC",27-11-2025 18:00,22.678,75.8559,NO2,5,7,7
India,Madhya Pradesh,Indore,"Residency Area, Indore - IMC",27-11-2025 18:00,22.7084,75.8815,OZONE,12,15,14
India,Madhya Pradesh,Jabalpur,"Govindh Bhavan Colony, Jabalpur - JMC",27-11-2025 18:00,23.163174,79.973061,SO2,11,15,15
India,Madhya Pradesh,Jabalpur,"Govindh Bhavan Colony, Jabalpur - JMC",27-11-2025 18:00,23.163174,79.973061,CO,16,59,43
India,Madhya Pradesh,Jabalpur,"Govindh Bhavan Colony, Jabalpur - JMC",27-11-2025 18:00,23.163174,79.973061,OZONE,19,95,64
India,Madhya Pradesh,Jabalpur,"Gupteshwar, Jabalpur - JMC",27-11-2025 18:00,23.142888,79.916147,NO2,25,86,41
India,Madhya Pradesh,Jabalpur,"Marhatal, Jabalpur - MPPCB",27-11-2025 18:00,23.168606,79.932247,SO2,30,44,36
India,Madhya Pradesh,Jabalpur,"Marhatal, Jabalpur - MPPCB",27-11-2025 18:00,23.168606,79.932247,CO,24,113,43
India,Madhya Pradesh,Katni,"Gole Bazar, Katni - MPPCB",27-11-2025 18:00,23.50016,80.23284,CO,26,134,35
India,Madhya Pradesh,Maihar,"Sahilara, Maihar - KJS Cements",27-11-2025 18:00,24.2613009,80.7231783,SO2,17,17,17
India,Madhya Pradesh,Maihar,"Sahilara, Maihar - KJS Cements",27-11-2025 18:00,24.2613009,80.7231783,CO,36,42,38
India,Maharashtra,Chandrapur,"Chauhan Colony, Chandrapur - MPCB",27-11-2025 18:00,19.9629,79.298714,NH3,2,2,2
India,Maharashtra,Chandrapur,"Chauhan Colony, Chandrapur - MPCB",27-11-2025 18:00,19.9629,79.298714,CO,23,52,31
India,Maharashtra,Dhule,"Deopur, Dhule - MPCB",27-11-2025 18:00,20.918946,74.776388,NO2,7,46,24
India,Maharashtra,Jalna,"Old MIDC, Jalna - MPCB",27-11-2025 18:00,19.854616,75.905894,PM10,67,116,90
India,Maharashtra,Jalna,"Old MIDC, Jalna - MPCB",27-11-2025 18:00,19.854616,75.905894,NO2,40,50,45
India,Madhya Pradesh,Indore,"Airport Area, Indore - IMC",27-11-2025 18:00,22.7289,75.8076,PM2.5,48,105,78
India,Madhya Pradesh,Indore,"Airport Area, Indore - IMC",27-11-2025 18:00,22.7289,75.8076,SO2,21,26,22
India,Madhya Pradesh,Indore,"Chhoti Gwaltoli, Indore - MPPCB",27-11-2025 18:00,22.431,75.5213,SO2,12,23,16
India,Madhya Pradesh,Indore,"Maguda Nagar, Indore - IMC",27-11-2025 18:00,22.7524,75.8872,SO2,33,49,36
India,Maharashtra,Mumbai,"Mulund West, Mumbai - MPCB",27-11-2025 18:00,19.175,72.9419,NO2,15,17,16
India,Maharashtra,Mumbai,"Navy Nagar-Colaba, Mumbai - IITM",27-11-2025 18:00,18.897756,72.81332,PM10,104,181,140
India,Maharashtra,Mumbai,"Navy Nagar-Colaba, Mumbai - IITM",27-11-2025 18:00,18.897756,72.81332,NH3,5,15,9
India,Maharashtra,Mumbai,"Navy Nagar-Colaba, Mumbai - IITM",27-11-2025 18:00,18.897756,72.81332,SO2,6,20,14
India,Maharashtra,Mumbai,"Navy Nagar-Colaba, Mumbai - IITM",27-11-2025 18:00,18.897756,72.81332,OZONE,5,111,71
India,Maharashtra,Mumbai,"Sewri, Mumbai - BMC",27-11-2025 18:00,19.000084,72.85673,PM10,42,500,101
India,Maharashtra,Mumbai,"Shivaji Nagar, Mumbai - BMC",27-11-2025 18:00,19.060498,72.923356,PM10,NA,NA,NA
India,Maharashtra,Mumbai,"Shivaji Nagar, Mumbai - BMC",27-11-2025 18:00,19.060498,72.923356,NO2,32,90,58
India,Maharashtra,Mumbai,"Chakala-Andheri East, Mumbai - IITM",27-11-2025 18:00,19.11074,72.86084,OZONE,8,59,39
India,Maharashtra,Mumbai,"Chhatrapati Shivaji Intl. Airport (T2), Mumbai - MPCB",27-11-2025 18:00,19.10078,72.87462,OZONE,7,7,7
India,Maharashtra,Mumbai,"Colaba, Mumbai - MPCB",27-11-2025 18:00,18.91,72.82,SO2,NA,NA,NA
India,Maharashtra,Mumbai,"Colaba, Mumbai - MPCB",27-11-2025 18:00,18.91,72.82,OZONE,11,11,11
India,Maharashtra,Mumbai,"Deonar, Mumbai - IITM",27-11-2025 18:00,19.04946,72.923,PM2.5,46,299,175
India,Maharashtra,Mumbai,"Deonar, Mumbai - IITM",27-11-2025 18:00,19.04946,72.923,NO2,14,81,39
India,Maharashtra,Mumbai,"Deonar, Mumbai - IITM",27-11-2025 18:00,19.04946,72.923,NH3,11,16,14
India,Maharashtra,Mumbai,"Bandra Kurla Complex, Mumbai - MPCB",27-11-2025 18:00,19.065931,72.862131,SO2,2,8,3
India,Maharashtra,Mumbai,"Bandra Kurla Complex, Mumbai - MPCB",27-11-2025 18:00,19.065931,72.862131,CO,14,52,23
India,Maharashtra,Mumbai,"Borivali East, Mumbai - IITM",27-11-2025 18:00,19.23241,72.86895,CO,42,101,59
India,Maharashtra,Mumbai,"Borivali East, Mumbai - IITM",27-11-2025 18:00,19.23241,72.86895,OZONE,13,87,56
India,Maharashtra,Mumbai,"Borivali East, Mumbai - MPCB",27-11-2025 18:00,19.2243333,72.8658113,OZONE,1,67,37
India,Maharashtra,Mumbai,"Byculla, Mumbai - BMC",27-11-2025 18:00,18.9767,72.838,NH3,9,27,16
India,Maharashtra,Latur,"Sawe Wadi, Latur - MPCB",27-11-2025 18:00,18.39963,76.57452,NH3,6,22,11
India,Maharashtra,Malegaon,"Mahesh Nagar, Malegaon - MPCB",27-11-2025 18:00,20.555712,74.529236,PM10,73,135,98
India,Maharashtra,Malegaon,"Mahesh Nagar, Malegaon - MPCB",27-11-2025 18:00,20.555712,74.529236,CO,24,112,33
India,Maharashtra,Mumbai,"Bandra Kurla Complex, Mumbai - MPCB",27-11-2025 18:00,19.065931,72.862131,PM2.5,76,286,150
India,Maharashtra,Mumbai,"Bandra Kurla Complex, Mumbai - MPCB",27-11-2025 18:00,19.065931,72.862131,PM10,122,238,169
India,Maharashtra,Kalyan,"Khadakpada, Kalyan - MPCB",27-11-2025 18:00,19.25292,73.142019,OZONE,9,9,9
India,Maharashtra,Kolhapur,"Shivaji University, Kolhapur - MPCB",27-11-2025 18:00,16.6870449,74.2505872,PM10,76,139,111
India,Maharashtra,Kolhapur,"Shivaji University, Kolhapur - MPCB",27-11-2025 18:00,16.6870449,74.2505872,NH3,2,3,3
India,Maharashtra,Kolhapur,"Shivaji University, Kolhapur - MPCB",27-11-2025 18:00,16.6870449,74.2505872,OZONE,7,92,72
India,Maharashtra,Kolhapur,"Sinchan Bhavan, Kolhapur - MPCB",27-11-2025 18:00,16.7143745,74.2426398,PM10,103,292,157
India,Maharashtra,Nagpur,"Opp GPO Civil Lines, Nagpur - MPCB",27-11-2025 18:00,21.152875,79.0517531,PM2.5,122,255,200
India,Maharashtra,Nagpur,"Opp GPO Civil Lines, Nagpur - MPCB",27-11-2025 18:00,21.152875,79.0517531,NH3,2,6,3
India,Maharashtra,Nagpur,"Ram Nagar, Nagpur - MPCB",27-11-2025 18:00,21.143383,79.048912,SO2,1,109,25
India,Maharashtra,Nagpur,"Ram Nagar, Nagpur - MPCB",27-11-2025 18:00,21.143383,79.048912,OZONE,7,77,60
India,Maharashtra,Nanded,"Sneh Nagar, Nanded - MPCB",27-11-2025 18:00,19.173852,77.296291,PM2.5,84,260,172
India,Maharashtra,Mumbai,"Malad West, Mumbai - IITM",27-11-2025 18:00,19.19709,72.82204,PM2.5,47,261,140
India,Maharashtra,Mumbai,"Malad West, Mumbai - IITM",27-11-2025 18:00,19.19709,72.82204,NO2,49,151,78
India,Maharashtra,Mumbai,"Malad West, Mumbai - IITM",27-11-2025 18:00,19.19709,72.82204,SO2,1,9,6
India,Maharashtra,Mumbai,"Mazgaon, Mumbai - IITM",27-11-2025 18:00,18.96702,72.84214,SO2,10,15,13
India,Maharashtra,Mumbai,"Mindspace-Malad West, Mumbai - MPCB",27-11-2025 18:00,19.1878657,72.8304069,CO,44,101,50
India,Maharashtra,Mumbai,"Ghatkopar, Mumbai - BMC",27-11-2025 18:00,19.083694,72.920967,PM10,120,160,136
India,Maharashtra,Mumbai,"Ghatkopar, Mumbai - BMC",27-11-2025 18:00,19.083694,72.920967,OZONE,2,167,151
India,Maharashtra,Mumbai,"Kherwadi_Bandra East, Mumbai - MPCB",27-11-2025 18:00,19.0632143,72.8456324,NO2,11,75,45
India,Maharashtra,Mumbai,"Kherwadi_Bandra East, Mumbai - MPCB",27-11-2025 18:00,19.0632143,72.8456324,SO2,3,5,3
India,Maharashtra,Mumbai,"Kurla, Mumbai - MPCB",27-11-2025 18:00,19.0863,72.8888,PM10,101,157,130
India,Maharashtra,Mumbai,"Siddharth Nagar-Worli, Mumbai - IITM",27-11-2025 18:00,19.000083,72.813993,NH3,4,7,5
India,Maharashtra,Mumbai,"Vile Parle West, Mumbai - MPCB",27-11-2025 18:00,19.10861,72.83622,NH3,1,5,4
India,Mizoram,Aizawl,"Sikulpuikawn, Aizawl - Mizoram PCB",27-11-2025 18:00,23.7176342,92.7192841,CO,3,3,3
India,Mizoram,Aizawl,"Sikulpuikawn, Aizawl - Mizoram PCB",27-11-2025 18:00,23.7176342,92.7192841,OZONE,1,13,4
India,Nagaland,Kohima,"PWD Junction, Kohima - NPCB",27-11-2025 18:00,25.6635413,94.0989878,NO2,3,4,3
India,Nagaland,Kohima,"PWD Junction, Kohima - NPCB",27-11-2025 18:00,25.6635413,94.0989878,CO,2,18,4
India,Nagaland,Kohima,"PWD Junction, Kohima - NPCB",27-11-2025 18:00,25.6635413,94.0989878,OZONE,10,37,21
India,Odisha,Angul,"Hakimapada, Angul - OSPCB",27-11-2025 18:00,20.832874,85.104082,PM10,NA,NA,NA
India,Odisha,Angul,"Hakimapada, Angul - OSPCB",27-11-2025 18:00,20.832874,85.104082,SO2,NA,NA,NA
India,Odisha,Angul,"Hakimapada, Angul - OSPCB",27-11-2025 18:00,20.832874,85.104082,OZONE,21,156,107
India,Odisha,Balasore,"Kalidaspur, Balasore - OSPCB",27-11-2025 18:00,21.51161,86.89088,PM2.5,103,342,197
India,Odisha,Balasore,"Kalidaspur, Balasore - OSPCB",27-11-2025 18:00,21.51161,86.89088,OZONE,19,69,65
India,Odisha,Barbil,"Forest Office, Barbil - OSPCB",27-11-2025 18:00,22.1166054,85.3945546,NH3,1,2,2
India,Odisha,Baripada,"Meher Colony, Baripada - OSPCB",27-11-2025 18:00,21.941841,86.728318,PM2.5,8,218,128
India,Odisha,Baripada,"Meher Colony, Baripada - OSPCB",27-11-2025 18:00,21.941841,86.728318,NH3,1,3,2
India,Odisha,Baripada,"Meher Colony, Baripada - OSPCB",27-11-2025 18:00,21.941841,86.728318,CO,58,88,66
India,Odisha,Bhubaneswar,"Lingraj Mandir, Bhubaneswar - OSPCB",27-11-2025 18:00,20.24079,85.836784,NH3,3,6,4
India,Odisha,Bhubaneswar,"Lingraj Mandir, Bhubaneswar - OSPCB",27-11-2025 18:00,20.24079,85.836784,SO2,8,50,18
India,Odisha,Bhubaneswar,"Patia, Bhubaneswar - OSPCB",27-11-2025 18:00,20.34652,85.8163,NH3,6,9,7
India,Odisha,Bileipada,"Tata Township, Bileipada - OSPCB",27-11-2025 18:00,22.06156703,85.47409613,NO2,6,7,7
India,Odisha,Bileipada,"Tata Township, Bileipada - OSPCB",27-11-2025 18:00,22.06156703,85.47409613,NH3,4,4,4
India,Odisha,Bileipada,"Tata Township, Bileipada - OSPCB",27-11-2025 18:00,22.06156703,85.47409613,CO,28,100,58
India,Maharashtra,Thane,"Kasarvadavali, Thane - MPCB",27-11-2025 18:00,19.26777,72.97182,OZONE,3,73,48
India,Maharashtra,Thane,"Upvan Fort, Thane - MPCB",27-11-2025 18:00,19.222279,72.957979,NH3,3,3,3
India,Maharashtra,Thane,"Upvan Fort, Thane - MPCB",27-11-2025 18:00,19.222279,72.957979,CO,40,84,49
India,Maharashtra,Ulhasnagar,"Sidhi Vinayak Nagar, Ulhasnagar - MPCB",27-11-2025 18:00,19.235581,73.159121,NO2,15,34,22
India,Maharashtra,Ulhasnagar,"Sidhi Vinayak Nagar, Ulhasnagar - MPCB",27-11-2025 18:00,19.235581,73.159121,NH3,3,6,4
India,Meghalaya,Shillong,"Lumpyngngad, Shillong - Meghalaya PCB",27-11-2025 18:00,25.5586,91.8985,PM10,2,22,9
India,Meghalaya,Shillong,"Lumpyngngad, Shillong - Meghalaya PCB",27-11-2025 18:00,25.5586,91.8985,CO,1,9,3
India,Maharashtra,Pune,"Mhada Colony, Pune - IITM",27-11-2025 18:00,18.57304,73.927715,PM2.5,97,294,197
India,Maharashtra,Pune,"Panchawati_Pashan, Pune - IITM",27-11-2025 18:00,18.536457,73.805454,PM2.5,57,160,95
India,Maharashtra,Pune,"Panchawati_Pashan, Pune - IITM",27-11-2025 18:00,18.536457,73.805454,PM10,59,145,103
India,Maharashtra,Pune,"Revenue Colony-Shivajinagar, Pune - IITM",27-11-2025 18:00,18.530085,73.849598,PM2.5,89,301,184
India,Maharashtra,Pune,"Savitribai Phule Pune University, Pune - MPCB",27-11-2025 18:00,18.547056,73.826908,PM10,58,189,134
India,Maharashtra,Pune,"Savitribai Phule Pune University, Pune - MPCB",27-11-2025 18:00,18.547056,73.826908,NO2,1,32,11
India,Maharashtra,Pune,"Savitribai Phule Pune University, Pune - MPCB",27-11-2025 18:00,18.547056,73.826908,NH3,1,7,3
India,Maharashtra,Sangli,"Vijay Nagar, Sangli - MPCB",27-11-2025 18:00,16.5038,74.3623,NO2,15,98,28
India,Maharashtra,Sangli,"Vijay Nagar, Sangli - MPCB",27-11-2025 18:00,16.5038,74.3623,NH3,2,5,4
India,Maharashtra,Sangli,"Vijay Nagar, Sangli - MPCB",27-11-2025 18:00,16.5038,74.3623,SO2,3,10,7
India,Maharashtra,Solapur,"Dnyaneshwar Nagar, Solapur - MPCB",27-11-2025 18:00,17.6336264,75.9132495,PM2.5,50,160,88
India,Maharashtra,Solapur,"Ratandeep Housing Society, Solapur - MPCB",27-11-2025 18:00,17.65439,75.90649,SO2,2,9,4
India,Maharashtra,Solapur,"Ratandeep Housing Society, Solapur - MPCB",27-11-2025 18:00,17.65439,75.90649,CO,22,60,27
India,Maharashtra,Pimpri-Chinchwad,"Park Street Wakad, Pimpri Chinchwad - MPCB",27-11-2025 18:00,18.59051,73.77946,NH3,1,4,3
India,Maharashtra,Pimpri-Chinchwad,"Savta Mali Nagar, Pimpri-Chinchwad - IITM",27-11-2025 18:00,18.614767,73.799516,NO2,27,123,68
India,Maharashtra,Pune,"Dhankawadi, Pune - IITM",27-11-2025 18:00,18.459883,73.852193,OZONE,2,2,2
India,Maharashtra,Pune,"Hadapsar, Pune - IITM",27-11-2025 18:00,18.501793,73.927532,NO2,14,43,29
India,Maharashtra,Navi Mumbai,"Sector-2E Kalamboli, Navi Mumbai - MPCB",27-11-2025 18:00,19.02579,73.10297,SO2,2,8,4
India,Maharashtra,Navi Mumbai,"Sector-2E Kalamboli, Navi Mumbai - MPCB",27-11-2025 18:00,19.02579,73.10297,OZONE,1,50,35
India,Maharashtra,Parbhani,"Masoom Colony, Parbhani - MPCB",27-11-2025 18:00,19.265594,76.761463,CO,6,14,11
India,Maharashtra,Pimpri-Chinchwad,"Park Street Wakad, Pimpri Chinchwad - MPCB",27-11-2025 18:00,18.59051,73.77946,NO2,39,91,54
India,Maharashtra,Nanded,"Sneh Nagar, Nanded - MPCB",27-11-2025 18:00,19.173852,77.296291,SO2,8,8,8
India,Maharashtra,Nashik,"Gangapur Road, Nashik - MPCB",27-11-2025 18:00,20.0073285,73.7762427,PM10,75,123,99
India,Maharashtra,Nashik,"MIDC Ambad, Nashik - MPCB",27-11-2025 18:00,19.95022,73.73148,OZONE,6,91,69
India,Maharashtra,Nashik,"Pandav Nagari, Nashik - MPCB",27-11-2025 18:00,19.9591346,73.7788008,NH3,2,6,3
India,Maharashtra,Navi Mumbai,"Kopripada-Vashi, Navi Mumbai - MPCB",27-11-2025 18:00,19.090337,73.014232,OZONE,1,56,38
India,Maharashtra,Navi Mumbai,"Sanpada, Navi Mumbai - MPCB",27-11-2025 18:00,19.0575752,73.0151367,OZONE,5,131,96
India,Maharashtra,Navi Mumbai,"Sector-2E Kalamboli, Navi Mumbai - MPCB",27-11-2025 18:00,19.02579,73.10297,PM2.5,62,150,95
India,Maharashtra,Navi Mumbai,"Sector-2E Kalamboli, Navi Mumbai - MPCB",27-11-2025 18:00,19.02579,73.10297,NO2,15,112,40
India,Odisha,Talcher,"Talcher Coalfields,Talcher - OSPCB",27-11-2025 18:00,20.9360711,85.1707021,SO2,35,98,54
India,Odisha,Tensa,"Barsua Iron Ore Mines, Tensa - OSPCB",27-11-2025 18:00,21.869985,85.167016,CO,36,56,40
India,Odisha,Tensa,"Barsua Iron Ore Mines, Tensa - OSPCB",27-11-2025 18:00,21.869985,85.167016,OZONE,12,53,45
India,Puducherry,Puducherry,"Jawahar Nagar, Puducherry - PPCC",27-11-2025 18:00,11.9309,79.8027,PM2.5,72,133,96
India,Puducherry,Puducherry,"Jawahar Nagar, Puducherry - PPCC",27-11-2025 18:00,11.9309,79.8027,NH3,2,3,2
India,Punjab,Amritsar,"Golden Temple, Amritsar - PPCB",27-11-2025 18:00,31.62,74.876512,NO2,25,81,40
India,Punjab,Amritsar,"Golden Temple, Amritsar - PPCB",27-11-2025 18:00,31.62,74.876512,NH3,6,12,8
India,Punjab,Amritsar,"Golden Temple, Amritsar - PPCB",27-11-2025 18:00,31.62,74.876512,OZONE,24,40,34
India,Rajasthan,Dungarpur,"Bhoiwada, Dungarpur - RSPCB",27-11-2025 18:00,23.837789,73.714926,NO2,14,53,23
India,Rajasthan,Dungarpur,"Bhoiwada, Dungarpur - RSPCB",27-11-2025 18:00,23.837789,73.714926,CO,16,54,32
India,Rajasthan,Dungarpur,"Bhoiwada, Dungarpur - RSPCB",27-11-2025 18:00,23.837789,73.714926,OZONE,40,149,117
India,Rajasthan,Hanumangarh,"Housing Board, Hanumangarh - RSPCB",27-11-2025 18:00,29.61075,74.283608,NO2,20,76,37
India,Rajasthan,Hanumangarh,"Housing Board, Hanumangarh - RSPCB",27-11-2025 18:00,29.61075,74.283608,SO2,4,32,10
India,Rajasthan,Hanumangarh,"Housing Board, Hanumangarh - RSPCB",27-11-2025 18:00,29.61075,74.283608,OZONE,8,116,85
India,Rajasthan,Jaipur,"Adarsh Nagar, Jaipur - RSPCB",27-11-2025 18:00,26.902909,75.836858,NH3,10,16,12
India,Rajasthan,Jaipur,"Adarsh Nagar, Jaipur - RSPCB",27-11-2025 18:00,26.902909,75.836858,CO,36,64,52
India,Punjab,Jalandhar,"Civil Line, Jalandhar - PPCB",27-11-2025 18:00,31.321907,75.578914,PM10,99,148,119
India,Punjab,Jalandhar,"Civil Line, Jalandhar - PPCB",27-11-2025 18:00,31.321907,75.578914,SO2,13,15,14
India,Punjab,Khanna,"Kalal Majra, Khanna - PPCB",27-11-2025 18:00,30.736056,76.209694,NO2,26,30,28
India,Punjab,Khanna,"Kalal Majra, Khanna - PPCB",27-11-2025 18:00,30.736056,76.209694,NH3,7,7,7
India,Punjab,Mandi Gobindgarh,"RIMT University, Mandi Gobindgarh - PPCB",27-11-2025 18:00,30.649961,76.331442,CO,8,98,69
India,Punjab,Patiala,"Model Town, Patiala - PPCB",27-11-2025 18:00,30.349388,76.366642,PM2.5,63,168,118
India,Rajasthan,Chittorgarh,"Shastri Nagar, Chittorgarh - RSPCB",27-11-2025 18:00,24.892047,74.623527,PM2.5,63,240,133
India,Rajasthan,Chittorgarh,"Shastri Nagar, Chittorgarh - RSPCB",27-11-2025 18:00,24.892047,74.623527,PM10,73,164,120
India,Rajasthan,Chittorgarh,"Shastri Nagar, Chittorgarh - RSPCB",27-11-2025 18:00,24.892047,74.623527,NH3,3,4,3
India,Rajasthan,Churu,"Subash Chowk, Churu - RSPCB",27-11-2025 18:00,28.296139,74.961696,NH3,5,7,6
India,Rajasthan,Churu,"Subash Chowk, Churu - RSPCB",27-11-2025 18:00,28.296139,74.961696,SO2,4,14,8
India,Rajasthan,Dholpur,"Raja Ganj, Dholpur - RSPCB",27-11-2025 18:00,26.699557,77.898881,NO2,20,93,42
India,Rajasthan,Dholpur,"Raja Ganj, Dholpur - RSPCB",27-11-2025 18:00,26.699557,77.898881,NH3,11,22,14
India,Odisha,Brajrajnagar,"GM Office, Brajrajnagar - OSPCB",27-11-2025 18:00,21.8004996,83.8396977,SO2,15,16,15
India,Odisha,Cuttack,"CDA Area, Cuttack - OSPCB",27-11-2025 18:00,20.48891,85.84768,PM2.5,92,361,248
India,Odisha,Cuttack,"CDA Area, Cuttack - OSPCB",27-11-2025 18:00,20.48891,85.84768,PM10,111,372,199
India,Odisha,Cuttack,"CDA Area, Cuttack - OSPCB",27-11-2025 18:00,20.48891,85.84768,CO,16,116,25
India,Odisha,Cuttack,"CDA Area, Cuttack - OSPCB",27-11-2025 18:00,20.48891,85.84768,OZONE,4,152,127
India,Odisha,Keonjhar,"Jagamohanpur, Keonjhar - OSPCB",27-11-2025 18:00,21.6439,85.599355,CO,1,119,43
India,Rajasthan,Bhiwadi,"RIICO Ind. Area III, Bhiwadi - RSPCB",27-11-2025 18:00,28.194909,76.862296,OZONE,5,46,29
India,Rajasthan,Bhiwadi,"Vasundhara Nagar_UIT, Bhiwadi - RSPCB",27-11-2025 18:00,28.207266,76.829265,NH3,1,6,3
India,Rajasthan,Bikaner,"MM Ground, Bikaner - RSPCB",27-11-2025 18:00,28.018792,73.292658,PM2.5,81,247,145
India,Rajasthan,Bundi,"New Colony, Bundi - RSPCB",27-11-2025 18:00,25.435774,75.644272,PM10,84,144,115
India,Punjab,Patiala,"Model Town, Patiala - PPCB",27-11-2025 18:00,30.349388,76.366642,SO2,7,72,22
India,Punjab,Patiala,"Model Town, Patiala - PPCB",27-11-2025 18:00,30.349388,76.366642,CO,33,112,54
India,Punjab,Rupnagar,"Ratanpura, Rupnagar - Ambuja Cements",27-11-2025 18:00,31.0325454,76.5623046,PM10,10,29,16
India,Rajasthan,Ajmer,"Civil Lines,  Ajmer - RSPCB",27-11-2025 18:00,26.470859,74.646594,OZONE,24,204,31
India,Odisha,Nayagarh,"Dabuna, Nayagarh - OSPCB",27-11-2025 18:00,21.847279,85.416905,NH3,6,7,6
India,Odisha,Nayagarh,"Dabuna, Nayagarh - OSPCB",27-11-2025 18:00,21.847279,85.416905,SO2,6,18,9
India,Odisha,Nayagarh,"Dabuna, Nayagarh - OSPCB",27-11-2025 18:00,21.847279,85.416905,CO,18,26,20
India,Odisha,Rourkela,"Raghunathpali, Rourkela - OSPCB",27-11-2025 18:00,22.220833,84.809444,NH3,NA,NA,NA
India,Odisha,Rourkela,"Sector-2, Rourkela - OSPCB",27-11-2025 18:00,22.245,84.88111111,CO,36,44,39
India,Rajasthan,Banswara,"Rati Talai, Banswara - RSPCB",27-11-2025 18:00,23.55519,74.44001,PM10,121,164,141
India,Rajasthan,Baran,"Bamboliya, Baran - RSPCB",27-11-2025 18:00,25.106006,76.469948,NO2,16,30,21
India,Rajasthan,Barmer,"Railway Colony, Barmer - RSPCB",27-11-2025 18:00,25.747299,71.393989,NO2,13,151,40
India,Rajasthan,Sikar,"Radhakishan Pura, Sikar - RSPCB",27-11-2025 18:00,27.608912,75.153302,PM2.5,92,355,190
India,Rajasthan,Sikar,"Radhakishan Pura, Sikar - RSPCB",27-11-2025 18:00,27.608912,75.153302,CO,26,68,36
India,Rajasthan,Sikar,"Radhakishan Pura, Sikar - RSPCB",27-11-2025 18:00,27.608912,75.153302,OZONE,22,133,117
India,Rajasthan,Sirohi,"Vedhaynath Colony, Sirohi - RSPCB",27-11-2025 18:00,24.885261,72.857549,PM2.5,130,267,184
India,Rajasthan,Sri Ganganagar,"Old City, Sri Ganganagar - RSPCB",27-11-2025 18:00,29.931624,73.864511,NO2,48,156,83
India,Rajasthan,Sri Ganganagar,"Old City, Sri Ganganagar - RSPCB",27-11-2025 18:00,29.931624,73.864511,CO,47,127,73
India,Rajasthan,Tonk,"Shastri Nagar, Tonk - RSPCB",27-11-2025 18:00,26.159933,75.780517,NO2,20,107,33
India,Rajasthan,Tonk,"Shastri Nagar, Tonk - RSPCB",27-11-2025 18:00,26.159933,75.780517,OZONE,20,65,60
India,Rajasthan,Udaipur,"Ashok Nagar, Udaipur - RSPCB",27-11-2025 18:00,24.5886166,73.6321397,PM2.5,124,298,187
India,Rajasthan,Jaipur,"Police Commissionerate, Jaipur - RSPCB",27-11-2025 18:00,26.9164092,75.7994901,PM10,NA,NA,NA
India,Rajasthan,Jaipur,"Police Commissionerate, Jaipur - RSPCB",27-11-2025 18:00,26.9164092,75.7994901,NH3,NA,NA,NA
India,Rajasthan,Jaipur,"RIICO Sitapura, Jaipur - RSPCB",27-11-2025 18:00,26.786682,75.827928,PM10,111,274,160
India,Rajasthan,Jaipur,"RIICO Sitapura, Jaipur - RSPCB",27-11-2025 18:00,26.786682,75.827928,CO,28,92,39
India,Rajasthan,Jaipur,"Sector-2 Murlipura, Jaipur - RSPCB",27-11-2025 18:00,26.960669,75.771817,SO2,3,8,6
India,Rajasthan,Jaipur,"Sector-2 Murlipura, Jaipur - RSPCB",27-11-2025 18:00,26.960669,75.771817,OZONE,59,128,116
India,Rajasthan,Jaipur,"Shastri Nagar, Jaipur - RSPCB",27-11-2025 18:00,26.9502929,75.730943,CO,105,142,115
India,Rajasthan,Jaisalmer,"Sadar Bazar, Jaisalmer - RSPCB",27-11-2025 18:00,26.912329,70.909168,PM10,83,164,116
India,Rajasthan,Jaisalmer,"Sadar Bazar, Jaisalmer - RSPCB",27-11-2025 18:00,26.912329,70.909168,NO2,9,35,17
India,Rajasthan,Jodhpur,"Collectorate, Jodhpur - RSPCB",27-11-2025 18:00,26.268249,73.0193853,CO,24,76,44
India,Rajasthan,Jodhpur,"Digari Kalan, Jodhpur - RSPCB",27-11-2025 18:00,26.29581,73.082283,PM2.5,70,170,117
India,Rajasthan,Jodhpur,"Digari Kalan, Jodhpur - RSPCB",27-11-2025 18:00,26.29581,73.082283,PM10,75,183,120
India,Rajasthan,Jodhpur,"Digari Kalan, Jodhpur - RSPCB",27-11-2025 18:00,26.29581,73.082283,OZONE,52,155,118
India,Rajasthan,Jodhpur,"Jhalamand, Jodhpur - RSPCB",27-11-2025 18:00,26.215415,73.070156,NO2,14,36,23
India,Rajasthan,Jodhpur,"Jhalamand, Jodhpur - RSPCB",27-11-2025 18:00,26.215415,73.070156,CO,24,34,28
India,Rajasthan,Jodhpur,"Mandor, Jodhpur - RSPCB",27-11-2025 18:00,26.358805,73.047444,SO2,9,19,12
India,Rajasthan,Jodhpur,"Mandor, Jodhpur - RSPCB",27-11-2025 18:00,26.358805,73.047444,CO,22,42,35
India,Rajasthan,Karauli,"Satyawati Vihar, Karauli - RSPCB",27-11-2025 18:00,26.506177,77.025989,CO,17,57,27
India,Rajasthan,Karauli,"Satyawati Vihar, Karauli - RSPCB",27-11-2025 18:00,26.506177,77.025989,OZONE,20,94,75
India,Rajasthan,Kota,"Dhanmandi, Kota - RSPCB",27-11-2025 18:00,25.16409,75.858137,OZONE,5,152,103
India,Rajasthan,Kota,"Nayapura, Kota - RSPCB",27-11-2025 18:00,25.196024,75.855668,NO2,28,124,52
India,Rajasthan,Kota,"Shrinath Puram, Kota - RSPCB",27-11-2025 18:00,25.14389,75.821256,PM10,117,154,132
India,Rajasthan,Kota,"Shrinath Puram, Kota - RSPCB",27-11-2025 18:00,25.14389,75.821256,SO2,12,81,22
India,Rajasthan,Pali,"Indira Colony Vistar, Pali - RSPCB",27-11-2025 18:00,25.771061,73.340227,PM10,118,157,136
India,Rajasthan,Pali,"Indira Colony Vistar, Pali - RSPCB",27-11-2025 18:00,25.771061,73.340227,NO2,17,34,26
India,Rajasthan,Pali,"Indira Colony Vistar, Pali - RSPCB",27-11-2025 18:00,25.771061,73.340227,CO,22,60,41
India,Rajasthan,Pali,"Indira Colony Vistar, Pali - RSPCB",27-11-2025 18:00,25.771061,73.340227,OZONE,8,98,40
India,Rajasthan,Rajsamand,"Dhoinda, Rajsamand - RSPCB",27-11-2025 18:00,25.03636,73.883502,PM10,91,151,108
India,Rajasthan,Sawai Madhopur,"Sahu Nagar, Sawai Madhopur - RSPCB",27-11-2025 18:00,26.031443,76.359327,SO2,1,6,2
India,TamilNadu,Chennai,"Velachery Res. Area, Chennai - CPCB",27-11-2025 18:00,13.0052189,80.2398125,PM2.5,29,84,45
India,TamilNadu,Cuddalore,"Kudikadu, Cuddalore - TNPCB",27-11-2025 18:00,11.6829898,79.7532099,PM2.5,63,99,75
India,TamilNadu,Cuddalore,"Semmandalam, Cuddalore - TNPCB",27-11-2025 18:00,11.7637683,79.7499835,NH3,1,3,2
India,TamilNadu,Dindigul,"Mendonsa Colony, Dindigul - TNPCB",27-11-2025 18:00,10.358535,77.984321,SO2,19,24,22
India,TamilNadu,Dindigul,"Mendonsa Colony, Dindigul - TNPCB",27-11-2025 18:00,10.358535,77.984321,CO,24,33,27
India,Rajasthan,Jhalawar,"Rajlaxmi Nagar, Jhalawar - RSPCB",27-11-2025 18:00,24.588397,76.172782,PM10,60,126,90
India,Rajasthan,Jhalawar,"Rajlaxmi Nagar, Jhalawar - RSPCB",27-11-2025 18:00,24.588397,76.172782,NH3,4,5,4
India,Rajasthan,Jhalawar,"Rajlaxmi Nagar, Jhalawar - RSPCB",27-11-2025 18:00,24.588397,76.172782,OZONE,14,165,155
India,Rajasthan,Jhunjhunu,"Indra Nagar, Jhunjhunu - RSPCB",27-11-2025 18:00,28.108988,75.386577,PM10,116,322,169
India,Rajasthan,Jhunjhunu,"Indra Nagar, Jhunjhunu - RSPCB",27-11-2025 18:00,28.108988,75.386577,NH3,5,16,11
India,Rajasthan,Jodhpur,"Collectorate, Jodhpur - RSPCB",27-11-2025 18:00,26.268249,73.0193853,NH3,5,10,7
India,TamilNadu,Chennai,"Manali Village, Chennai - TNPCB",27-11-2025 18:00,13.1662,80.2584,PM10,49,123,103
India,TamilNadu,Chennai,"Manali Village, Chennai - TNPCB",27-11-2025 18:00,13.1662,80.2584,CO,5,42,17
India,TamilNadu,Chennai,"Manali, Chennai - CPCB",27-11-2025 18:00,13.164544,80.26285,PM10,70,113,94
India,TamilNadu,Chennai,"Manali, Chennai - CPCB",27-11-2025 18:00,13.164544,80.26285,NH3,7,7,7
India,TamilNadu,Chennai,"Manali, Chennai - CPCB",27-11-2025 18:00,13.164544,80.26285,SO2,6,15,13
India,TamilNadu,Chennai,"Perungudi, Chennai - TNPCB",27-11-2025 18:00,12.9533,80.2357,NH3,3,5,4
India,Sikkim,Gangtok,"Zero Point GICI, Gangtok - SSPCB",27-11-2025 18:00,27.33853,88.614099,NH3,1,1,1
India,TamilNadu,Chennai,"Alandur Bus Depot, Chennai - CPCB",27-11-2025 18:00,12.9099161,80.1076538,NH3,2,7,2
India,TamilNadu,Chennai,"Alandur Bus Depot, Chennai - CPCB",27-11-2025 18:00,12.9099161,80.1076538,SO2,15,16,15
India,TamilNadu,Chennai,"Arumbakkam, Chennai - TNPCB",27-11-2025 18:00,13.0664,80.2112,PM2.5,59,176,100
India,Telangana,Hyderabad,"Zoo Park, Hyderabad - TSPCB",27-11-2025 18:00,17.349694,78.451437,OZONE,22,25,24
India,Uttar_Pradesh,Agra,"Manoharpur, Agra - UPPCB",27-11-2025 18:00,27.23711,78.01936,NO2,26,35,29
India,Uttar_Pradesh,Agra,"Manoharpur, Agra - UPPCB",27-11-2025 18:00,27.23711,78.01936,NH3,2,2,2
India,Uttar_Pradesh,Agra,"Rohta, Agra - UPPCB",27-11-2025 18:00,27.106972,78.000111,PM2.5,41,366,206
India,Uttar_Pradesh,Agra,"Rohta, Agra - UPPCB",27-11-2025 18:00,27.106972,78.000111,NO2,16,17,16
India,Uttar_Pradesh,Agra,"Rohta, Agra - UPPCB",27-11-2025 18:00,27.106972,78.000111,OZONE,14,17,15
India,Uttar_Pradesh,Agra,"Sanjay Palace, Agra - UPPCB",27-11-2025 18:00,27.19865833,78.00598056,PM2.5,24,287,159
India,Uttar_Pradesh,Agra,"Sanjay Palace, Agra - UPPCB",27-11-2025 18:00,27.19865833,78.00598056,SO2,15,17,16
India,Uttar_Pradesh,Agra,"Sanjay Palace, Agra - UPPCB",27-11-2025 18:00,27.19865833,78.00598056,CO,31,117,35
India,Uttar_Pradesh,Agra,"Sector-3B Avas Vikas Colony, Agra - UPPCB",27-11-2025 18:00,27.19412,77.96237,PM2.5,26,315,112
India,TamilNadu,Karur,"Kamadenu Nagar, Karur - TNPCB",27-11-2025 18:00,10.96782,78.080882,PM2.5,NA,NA,NA
India,TamilNadu,Karur,"Kamadenu Nagar, Karur - TNPCB",27-11-2025 18:00,10.96782,78.080882,NO2,5,6,5
India,TamilNadu,Karur,"Kamadenu Nagar, Karur - TNPCB",27-11-2025 18:00,10.96782,78.080882,NH3,NA,NA,NA
India,TamilNadu,Madurai,"Uchapatti, Madurai - TNPCB",27-11-2025 18:00,9.865935,78.022669,PM10,59,110,74
India,TamilNadu,Madurai,"Uchapatti, Madurai - TNPCB",27-11-2025 18:00,9.865935,78.022669,NO2,16,16,16
India,TamilNadu,Nagapattinam,"Velippalayam, Nagapattinam - TNPCB",27-11-2025 18:00,10.798548,79.838212,PM2.5,NA,NA,NA
India,TamilNadu,Nagapattinam,"Velippalayam, Nagapattinam - TNPCB",27-11-2025 18:00,10.798548,79.838212,NO2,NA,NA,NA
India,TamilNadu,Nagapattinam,"Velippalayam, Nagapattinam - TNPCB",27-11-2025 18:00,10.798548,79.838212,NH3,NA,NA,NA
India,TamilNadu,Ooty,"Bombay Castel, Ooty - TNPCB",27-11-2025 18:00,11.4068288,76.7138973,PM10,17,83,36
India,TamilNadu,Palkalaiperur,"Bharathidasan University, Palkalaiperur - TNPCB",27-11-2025 18:00,10.681158,78.741746,NO2,4,12,7
India,Uttar_Pradesh,Agra,"Sector-3B Avas Vikas Colony, Agra - UPPCB",27-11-2025 18:00,27.19412,77.96237,SO2,8,10,9
India,Uttar_Pradesh,Agra,"Sector-3B Avas Vikas Colony, Agra - UPPCB",27-11-2025 18:00,27.19412,77.96237,CO,10,94,18
India,Uttar_Pradesh,Agra,"Shahjahan Garden, Agra - UPPCB",27-11-2025 18:00,27.169338,78.03582,OZONE,1,13,7
India,Uttar_Pradesh,Agra,"Shastripuram, Agra - UPPCB",27-11-2025 18:00,27.19862,77.92066,SO2,10,22,15
India,Uttar_Pradesh,Agra,"Shastripuram, Agra - UPPCB",27-11-2025 18:00,27.19862,77.92066,CO,16,66,26
India,Uttar_Pradesh,Baghpat,"Sardar Patel Inter College, Baghpat - UPPCB",27-11-2025 18:00,28.964949,77.278761,NH3,6,12,8
India,Uttar_Pradesh,Bareilly,"Civil Lines, Bareilly - UPPCB",27-11-2025 18:00,28.359581,79.414455,PM2.5,1,88,36
India,Uttar_Pradesh,Bareilly,"Civil Lines, Bareilly - UPPCB",27-11-2025 18:00,28.359581,79.414455,NO2,2,3,2
India,Uttar_Pradesh,Bareilly,"Civil Lines, Bareilly - UPPCB",27-11-2025 18:00,28.359581,79.414455,NH3,1,2,2
India,TamilNadu,Palkalaiperur,"Bharathidasan University, Palkalaiperur - TNPCB",27-11-2025 18:00,10.681158,78.741746,NH3,1,3,1
India,TamilNadu,Perundurai,"SIPCOT Industrial Park, Perundurai - TNPCB",27-11-2025 18:00,11.258242,77.552761,NH3,3,3,3
India,TamilNadu,Pudukottai,"SIPCOT Nathampannai, Pudukottai - TNPCB",27-11-2025 18:00,10.423417,78.784889,PM10,77,153,121
India,TamilNadu,Pudukottai,"SIPCOT Nathampannai, Pudukottai - TNPCB",27-11-2025 18:00,10.423417,78.784889,NO2,15,33,18
India,TamilNadu,Pudukottai,"SIPCOT Nathampannai, Pudukottai - TNPCB",27-11-2025 18:00,10.423417,78.784889,SO2,12,13,12
India,TamilNadu,Ramanathapuram,"Chalai Bazaar, Ramanathapuram - TNPCB",27-11-2025 18:00,9.36399,78.831977,NH3,1,1,1
India,TamilNadu,Thanjavur,"Parisutham Nagar, Thanjavur - TNPCB",27-11-2025 18:00,10.7654824,79.1389968,PM2.5,38,71,58
India,Uttar_Pradesh,Bareilly,"Civil Lines, Bareilly - UPPCB",27-11-2025 18:00,28.359581,79.414455,OZONE,11,25,17
India,Uttar_Pradesh,Bareilly,"Rajendra Nagar, Bareilly - UPPCB",27-11-2025 18:00,28.38910936,79.42963708,NH3,1,1,1
India,Uttar_Pradesh,Bulandshahr,"Yamunapuram, Bulandshahr - UPPCB",27-11-2025 18:00,28.406963,77.849831,PM10,96,360,193
India,Uttar_Pradesh,Bulandshahr,"Yamunapuram, Bulandshahr - UPPCB",27-11-2025 18:00,28.406963,77.849831,SO2,8,28,18
India,Uttar_Pradesh,Firozabad,"Vibhab Nagar, Firozabad - UPPCB",27-11-2025 18:00,27.1594,78.3953,SO2,22,32,25
India,Telangana,Hyderabad,"New Malakpet, Hyderabad - TSPCB",27-11-2025 18:00,17.37206,78.50864,NO2,14,17,15
India,Telangana,Hyderabad,"New Malakpet, Hyderabad - TSPCB",27-11-2025 18:00,17.37206,78.50864,NH3,2,3,2
India,Telangana,Hyderabad,"Somajiguda, Hyderabad - TSPCB",27-11-2025 18:00,17.417094,78.457437,PM2.5,NA,NA,NA
India,Telangana,Hyderabad,"Somajiguda, Hyderabad - TSPCB",27-11-2025 18:00,17.417094,78.457437,CO,22,48,26
India,Telangana,Hyderabad,"Zoo Park, Hyderabad - TSPCB",27-11-2025 18:00,17.349694,78.451437,PM10,128,158,149
India,Telangana,Hyderabad,"Zoo Park, Hyderabad - TSPCB",27-11-2025 18:00,17.349694,78.451437,CO,4,108,95
India,Telangana,Hyderabad,"IITH Kandi, Hyderabad - TSPCB",27-11-2025 18:00,17.585705,78.126199,OZONE,18,28,23
India,Telangana,Hyderabad,"Kokapet, Hyderabad - TSPCB",27-11-2025 18:00,17.393559,78.339194,PM10,75,132,108
India,Telangana,Hyderabad,"Nacharam_TSIIC IALA, Hyderabad - TSPCB",27-11-2025 18:00,17.429398,78.569354,PM10,82,114,90
India,Telangana,Hyderabad,"Nacharam_TSIIC IALA, Hyderabad - TSPCB",27-11-2025 18:00,17.429398,78.569354,NH3,4,5,4
India,Telangana,Hyderabad,"Nacharam_TSIIC IALA, Hyderabad - TSPCB",27-11-2025 18:00,17.429398,78.569354,SO2,12,15,13
India,Telangana,Hyderabad,"Nacharam_TSIIC IALA, Hyderabad - TSPCB",27-11-2025 18:00,17.429398,78.569354,CO,28,48,39
India,Telangana,Hyderabad,"Bollaram Industrial Area, Hyderabad - TSPCB",27-11-2025 18:00,17.540891,78.358528,PM10,NA,NA,NA
India,Telangana,Hyderabad,"Bollaram Industrial Area, Hyderabad - TSPCB",27-11-2025 18:00,17.540891,78.358528,SO2,4,12,7
India,Telangana,Hyderabad,"Central University, Hyderabad - TSPCB",27-11-2025 18:00,17.460103,78.334361,PM2.5,NA,NA,NA
India,Telangana,Hyderabad,"Central University, Hyderabad - TSPCB",27-11-2025 18:00,17.460103,78.334361,CO,30,60,37
India,Telangana,Hyderabad,"ECIL Kapra, Hyderabad - TSPCB",27-11-2025 18:00,17.470431,78.566959,PM10,58,89,68
India,Telangana,Hyderabad,"ECIL Kapra, Hyderabad - TSPCB",27-11-2025 18:00,17.470431,78.566959,NH3,5,5,5
India,TamilNadu,Thoothukudi,"Meelavittan, Thoothukudi - TNPCB",27-11-2025 18:00,8.816428,78.099039,OZONE,25,36,30
India,TamilNadu,Tiruchirappalli,"St Joseph College, Tiruchirappalli - TNPCB",27-11-2025 18:00,10.830158,78.691849,PM2.5,NA,NA,NA
India,TamilNadu,Tiruchirappalli,"St Joseph College, Tiruchirappalli - TNPCB",27-11-2025 18:00,10.830158,78.691849,NH3,NA,NA,NA
India,TamilNadu,Tiruchirappalli,"St Joseph College, Tiruchirappalli - TNPCB",27-11-2025 18:00,10.830158,78.691849,SO2,NA,NA,NA
India,TamilNadu,Tirunelveli,"Municipal Corporation Office, Tirunelveli - TNPCB",27-11-2025 18:00,8.728442,77.6962,SO2,4,35,15
India,Uttar_Pradesh,Ghaziabad,"Indirapuram, Ghaziabad - UPPCB",27-11-2025 18:00,28.646233,77.358075,PM10,179,500,386
India,Uttar_Pradesh,Ghaziabad,"Indirapuram, Ghaziabad - UPPCB",27-11-2025 18:00,28.646233,77.358075,NO2,28,143,80
India,Uttar_Pradesh,Ghaziabad,"Indirapuram, Ghaziabad - UPPCB",27-11-2025 18:00,28.646233,77.358075,SO2,14,51,26
India,Uttar_Pradesh,Ghaziabad,"Loni, Ghaziabad - UPPCB",27-11-2025 18:00,28.757294,77.278792,PM2.5,218,500,433
India,Uttar_Pradesh,Ghaziabad,"Loni, Ghaziabad - UPPCB",27-11-2025 18:00,28.757294,77.278792,PM10,163,500,391
India,Uttar_Pradesh,Ghaziabad,"Loni, Ghaziabad - UPPCB",27-11-2025 18:00,28.757294,77.278792,SO2,9,33,23
India,Uttar_Pradesh,Ghaziabad,"Sanjay Nagar, Ghaziabad - UPPCB",27-11-2025 18:00,28.685382,77.453839,NO2,82,172,127
India,Uttar_Pradesh,Ghaziabad,"Vasundhara, Ghaziabad - UPPCB",27-11-2025 18:00,28.6603346,77.3572563,OZONE,4,58,15
India,Uttar_Pradesh,Moradabad,"Employment Office, Moradabad - UPPCB",27-11-2025 18:00,28.88528,78.7388,CO,5,62,36
India,Uttar_Pradesh,Moradabad,"Jigar Colony, Moradabad - UPPCB",27-11-2025 18:00,28.856664,78.772638,SO2,23,43,36
India,Uttar_Pradesh,Moradabad,"Transport Nagar, Moradabad - UPPCB",27-11-2025 18:00,28.802625,78.753728,NO2,29,30,30
India,Uttar_Pradesh,Moradabad,"Transport Nagar, Moradabad - UPPCB",27-11-2025 18:00,28.802625,78.753728,CO,12,35,21
India,Uttar_Pradesh,Moradabad,"Transport Nagar, Moradabad - UPPCB",27-11-2025 18:00,28.802625,78.753728,OZONE,25,31,28
India,Uttar_Pradesh,Muzaffarnagar,"New Mandi, Muzaffarnagar - UPPCB",27-11-2025 18:00,29.4723508,77.7194031,PM2.5,57,415,242
India,Uttar_Pradesh,Muzaffarnagar,"New Mandi, Muzaffarnagar - UPPCB",27-11-2025 18:00,29.4723508,77.7194031,PM10,71,443,163
India,Uttar_Pradesh,Noida,"Sector - 125, Noida - UPPCB",27-11-2025 18:00,28.5447608,77.3231257,PM2.5,306,500,405
India,Uttar_Pradesh,Noida,"Sector - 125, Noida - UPPCB",27-11-2025 18:00,28.5447608,77.3231257,OZONE,10,19,14
India,Uttar_Pradesh,Noida,"Sector - 62, Noida - IMD",27-11-2025 18:00,28.6245479,77.3577104,PM2.5,133,430,340
India,Uttar_Pradesh,Noida,"Sector - 62, Noida - IMD",27-11-2025 18:00,28.6245479,77.3577104,CO,39,108,77
India,Uttar_Pradesh,Noida,"Sector-1, Noida - UPPCB",27-11-2025 18:00,28.5898,77.3101,PM2.5,310,500,409
India,Uttar_Pradesh,Noida,"Sector-116, Noida - UPPCB",27-11-2025 18:00,28.56923,77.393848,PM10,194,500,418
India,Uttar_Pradesh,Prayagraj,"Jhunsi, Prayagraj - UPPCB",27-11-2025 18:00,25.425602,81.917152,PM10,114,274,172
India,Uttar_Pradesh,Meerut,"Pallavpuram Phase 2, Meerut - UPPCB",27-11-2025 18:00,29.06351,77.709723,PM10,94,479,250
India,Uttar_Pradesh,Meerut,"Pallavpuram Phase 2, Meerut - UPPCB",27-11-2025 18:00,29.06351,77.709723,SO2,8,25,15
India,Uttar_Pradesh,Moradabad,"Buddhi Vihar, Moradabad - UPPCB",27-11-2025 18:00,28.83526,78.7446,NO2,29,29,29
India,Uttar_Pradesh,Moradabad,"Buddhi Vihar, Moradabad - UPPCB",27-11-2025 18:00,28.83526,78.7446,SO2,75,80,78
India,Uttar_Pradesh,Moradabad,"Eco Herbal Park, Moradabad - UPPCB",27-11-2025 18:00,28.840739,78.697531,NH3,1,2,1
India,Uttar_Pradesh,Moradabad,"Eco Herbal Park, Moradabad - UPPCB",27-11-2025 18:00,28.840739,78.697531,CO,2,70,15
India,Uttar_Pradesh,Moradabad,"Employment Office, Moradabad - UPPCB",27-11-2025 18:00,28.88528,78.7388,NO2,16,16,16
India,Uttar_Pradesh,Lucknow,"Kukrail Picnic Spot-1, Lucknow - UPPCB",27-11-2025 18:00,26.90723,80.98579,SO2,41,43,42
India,Uttar_Pradesh,Lucknow,"Lalbagh, Lucknow - CPCB",27-11-2025 18:00,26.8458805,80.9365541,NO2,39,53,49
India,Uttar_Pradesh,Lucknow,"Lalbagh, Lucknow - CPCB",27-11-2025 18:00,26.8458805,80.9365541,SO2,3,25,12
India,Uttar_Pradesh,Lucknow,"Lalbagh, Lucknow - CPCB",27-11-2025 18:00,26.8458805,80.9365541,OZONE,9,70,52
India,Uttar_Pradesh,Meerut,"Ganga Nagar, Meerut - UPPCB",27-11-2025 18:00,28.999264,77.7590354,SO2,12,69,28
India,Uttar_Pradesh,Meerut,"Jai Bhim Nagar, Meerut - UPPCB",27-11-2025 18:00,28.9535882,77.7622941,PM2.5,62,432,307
India,Uttar_Pradesh,Gorakhpur,"Madan Mohan Malaviya University of Technology, Gorakhpur - UPPCB",27-11-2025 18:00,26.730136,83.433859,PM10,14,82,50
India,Uttar_Pradesh,Greater Noida,"Knowledge Park - III, Greater Noida - UPPCB",27-11-2025 18:00,28.47272,77.482,NH3,5,15,10
India,Uttar_Pradesh,Hapur,"Anand Vihar, Hapur - UPPCB",27-11-2025 18:00,28.725645,77.749675,NO2,9,103,50
India,Uttar_Pradesh,Prayagraj,"Jhunsi, Prayagraj - UPPCB",27-11-2025 18:00,25.425602,81.917152,SO2,2,26,10
India,Uttar_Pradesh,Prayagraj,"Motilal Nehru NIT, Prayagraj - UPPCB",27-11-2025 18:00,25.494,81.863,PM10,77,261,141
India,Uttar_Pradesh,Varanasi,"Bhelupur, Varanasi - UPPCB",27-11-2025 18:00,25.301778,82.996789,PM2.5,45,297,133
India,Uttar_Pradesh,Jhansi,"Shivaji Nagar, Jhansi - UPPCB",27-11-2025 18:00,25.4547,78.6039,SO2,12,18,15
India,Uttar_Pradesh,Kanpur,"FTI Kidwai Nagar, Kanpur - UPPCB",27-11-2025 18:00,26.428282,80.327067,NH3,2,2,2
India,Uttar_Pradesh,Kanpur,"FTI Kidwai Nagar, Kanpur - UPPCB",27-11-2025 18:00,26.428282,80.327067,SO2,12,25,19
India,Uttar_Pradesh,Kanpur,"FTI Kidwai Nagar, Kanpur - UPPCB",27-11-2025 18:00,26.428282,80.327067,CO,37,96,43
India,Uttar_Pradesh,Lucknow,"B R Ambedkar University, Lucknow - UPPCB",27-11-2025 18:00,26.766433,80.927299,PM2.5,42,353,174
India,Uttar_Pradesh,Lucknow,"B R Ambedkar University, Lucknow - UPPCB",27-11-2025 18:00,26.766433,80.927299,NH3,6,13,9
India,Uttar_Pradesh,Lucknow,"Gomti Nagar, Lucknow - UPPCB",27-11-2025 18:00,26.86812,81.005119,OZONE,27,40,37
India,Uttar_Pradesh,Varanasi,"IESD Banaras Hindu University, Varanasi - UPPCB",27-11-2025 18:00,25.262326,82.995408,PM2.5,43,208,125
India,Uttar_Pradesh,Varanasi,"Maldahiya, Varanasi - UPPCB",27-11-2025 18:00,25.32393,82.99687,PM10,57,145,109
India,Uttar_Pradesh,Varanasi,"Maldahiya, Varanasi - UPPCB",27-11-2025 18:00,25.32393,82.99687,SO2,28,33,29
India,Uttarakhand,Dehradun,"Doon University, Dehradun - UKPCB",27-11-2025 18:00,30.269444,78.044167,CO,40,42,40
India,Uttarakhand,Kashipur,"Govt. Girls Inter College, Kashipur - UKPCB",27-11-2025 18:00,29.2124114,78.9611753,CO,33,39,36
India,Uttarakhand,Kashipur,"Govt. Girls Inter College, Kashipur - UKPCB",27-11-2025 18:00,29.2124114,78.9611753,OZONE,1,4,2
India,West_Bengal,Asansol,"Asansol Court Area, Asansol - WBPCB",27-11-2025 18:00,23.685297,86.945968,NH3,2,9,5
India,West_Bengal,Asansol,"Asansol Court Area, Asansol - WBPCB",27-11-2025 18:00,23.685297,86.945968,CO,26,78,41
India,West_Bengal,Asansol,"Evelyn Lodge, Asansol - WBPCB",27-11-2025 18:00,23.697936,86.944395,NH3,3,4,3
India,West_Bengal,Asansol,"Evelyn Lodge, Asansol - WBPCB",27-11-2025 18:00,23.697936,86.944395,OZONE,7,50,38
India,West_Bengal,Asansol,"Mahabir Colliery, Asansol - WBPCB",27-11-2025 18:00,23.618183,87.105718,PM2.5,40,304,177
India,West_Bengal,Asansol,"Trivenidevi Bhalotia College, Asansol - WBPCB",27-11-2025 18:00,23.616515,87.119133,NO2,16,46,28
India,West_Bengal,Asansol,"Trivenidevi Bhalotia College, Asansol - WBPCB",27-11-2025 18:00,23.616515,87.119133,OZONE,17,69,57
India,West_Bengal,Barrackpore,"SVSPA Campus, Barrackpore - WBPCB",27-11-2025 18:00,22.7605581,88.3617589,SO2,8,11,9
India,West_Bengal,Durgapur,"Mahishkapur Road_B-Zone, Durgapur - WBPCB",27-11-2025 18:00,23.567923,87.306843,PM10,63,169,123
India,West_Bengal,Durgapur,"Mahishkapur Road_B-Zone, Durgapur - WBPCB",27-11-2025 18:00,23.567923,87.306843,NO2,8,73,28
India,West_Bengal,Durgapur,"Mahishkapur Road_B-Zone, Durgapur - WBPCB",27-11-2025 18:00,23.567923,87.306843,CO,30,94,41
India,West_Bengal,Durgapur,"PCBL Residential Complex, Durgapur - WBPCB",27-11-2025 18:00,23.508764,87.35444,CO,27,80,35
India,West_Bengal,Durgapur,"Womens College_City Center, Durgapur - WBPCB (Formerly known as Sidhu Kanhu Indoor Stadium)",27-11-2025 18:00,23.549395,87.300496,PM10,37,160,114
India,West_Bengal,Durgapur,"Womens College_City Center, Durgapur - WBPCB (Formerly known as Sidhu Kanhu Indoor Stadium)",27-11-2025 18:00,23.549395,87.300496,NH3,1,2,2
India,West_Bengal,Durgapur,"Womens College_City Center, Durgapur - WBPCB (Formerly known as Sidhu Kanhu Indoor Stadium)",27-11-2025 18:00,23.549395,87.300496,SO2,2,92,31
India,West_Bengal,Haldia,"Priyambada Housing Estate, Haldia - WBPCB",27-11-2025 18:00,22.06047,88.109737,SO2,13,17,14
India,West_Bengal,Howrah,"Belur Math, Howrah - WBPCB",27-11-2025 18:00,22.629801,88.352017,PM2.5,72,343,264
India,West_Bengal,Howrah,"Belur Math, Howrah - WBPCB",27-11-2025 18:00,22.629801,88.352017,NO2,21,50,32
India,West_Bengal,Howrah,"Belur Math, Howrah - WBPCB",27-11-2025 18:00,22.629801,88.352017,OZONE,9,39,32
India,West_Bengal,Howrah,"Botanical Garden, Howrah - WBPCB",27-11-2025 18:00,22.554954,88.292568,NH3,3,5,4
India,West_Bengal,Howrah,"Dasnagar, Howrah - WBPCB",27-11-2025 18:00,22.6025571,88.3105664,NO2,13,109,59
India,West_Bengal,Howrah,"Dasnagar, Howrah - WBPCB",27-11-2025 18:00,22.6025571,88.3105664,NH3,1,2,2
India,West_Bengal,Howrah,"Ghusuri, Howrah - WBPCB",27-11-2025 18:00,22.611968,88.347422,SO2,2,13,6
India,West_Bengal,Howrah,"Padmapukur, Howrah - WBPCB",27-11-2025 18:00,22.5687319,88.2797276,NH3,2,2,2
India,West_Bengal,Kolkata,"Ballygunge, Kolkata - WBPCB",27-11-2025 18:00,22.5367507,88.3638022,PM10,66,227,141
India,West_Bengal,Kolkata,"Ballygunge, Kolkata - WBPCB",27-11-2025 18:00,22.5367507,88.3638022,CO,2,131,16
India,West_Bengal,Kolkata,"Bidhannagar, Kolkata - WBPCB",27-11-2025 18:00,22.58157048,88.41002457,PM2.5,45,319,173
India,West_Bengal,Kolkata,"Bidhannagar, Kolkata - WBPCB",27-11-2025 18:00,22.58157048,88.41002457,CO,58,114,70
India,West_Bengal,Kolkata,"Fort William, Kolkata - WBPCB",27-11-2025 18:00,22.55664,88.342674,PM10,79,176,140
India,West_Bengal,Kolkata,"Fort William, Kolkata - WBPCB",27-11-2025 18:00,22.55664,88.342674,NH3,9,11,9
India,West_Bengal,Kolkata,"Jadavpur, Kolkata - WBPCB",27-11-2025 18:00,22.49929,88.36917,SO2,4,6,5
India,West_Bengal,Kolkata,"Rabindra Bharati University, Kolkata - WBPCB",27-11-2025 18:00,22.627847,88.380669,PM10,64,140,116
India,West_Bengal,Siliguri,"Ward-32 Bapupara, Siliguri - WBPCB",27-11-2025 18:00,26.6879226,88.4152495,NH3,11,11,11
India,Andhra_Pradesh,Vijayawada,"HB Colony, Vijayawada - APPCB",27-11-2025 18:00,16.536107,80.594233,CO,28,39,34
India,Andhra_Pradesh,Vijayawada,"Rajiv Gandhi Park, Vijayawada - APPCB",27-11-2025 18:00,16.509717,80.612222,CO,26,46,32
India,Andhra_Pradesh,Vijayawada,"Rajiv Nagar, Vijayawada - APPCB",27-11-2025 18:00,16.554731,80.64911,PM10,29,54,36
India,Andhra_Pradesh,Vijayawada,"Rajiv Nagar, Vijayawada - APPCB",27-11-2025 18:00,16.554731,80.64911,OZONE,56,96,70
India,Andhra_Pradesh,Visakhapatnam,"GVM Corporation, Visakhapatnam - APPCB",27-11-2025 18:00,17.72,83.3,PM10,NA,NA,NA
India,Andhra_Pradesh,Visakhapatnam,"GVM Corporation, Visakhapatnam - APPCB",27-11-2025 18:00,17.72,83.3,NH3,NA,NA,NA
India,Arunachal_Pradesh,Naharlagun,"Naharlagun, Naharlagun - APSPCB",27-11-2025 18:00,27.103358,93.679645,NO2,6,6,6
India,Bihar,Chhapra,"Darshan Nagar, Chhapra - BSPCB",27-11-2025 18:00,25.7808257,84.7446768,CO,8,35,8
India,Bihar,Chhapra,"Darshan Nagar, Chhapra - BSPCB",27-11-2025 18:00,25.7808257,84.7446768,OZONE,25,121,28
India,Bihar,Gaya,"Collectorate, Gaya - BSPCB",27-11-2025 18:00,24.7955,84.9994,NO2,9,9,9
India,Bihar,Gaya,"Collectorate, Gaya - BSPCB",27-11-2025 18:00,24.7955,84.9994,OZONE,19,21,20
India,Bihar,Gaya,"Kareemganj, Gaya - BSPCB",27-11-2025 18:00,24.792403,84.992416,PM2.5,NA,NA,NA
India,Bihar,Gaya,"Kareemganj, Gaya - BSPCB",27-11-2025 18:00,24.792403,84.992416,NO2,NA,NA,NA
India,Bihar,Gaya,"Kareemganj, Gaya - BSPCB",27-11-2025 18:00,24.792403,84.992416,CO,38,40,39
India,Bihar,Gaya,"SFTI Kusdihra, Gaya - BSPCB",27-11-2025 18:00,24.762518,84.982348,NO2,19,22,21
India,Bihar,Gaya,"SFTI Kusdihra, Gaya - BSPCB",27-11-2025 18:00,24.762518,84.982348,SO2,8,10,9
India,Andhra_Pradesh,Rajamahendravaram,"Anand Kala Kshetram, Rajamahendravaram - APPCB",27-11-2025 18:00,16.9872867,81.7363176,NO2,20,46,30
India,Andhra_Pradesh,Rajamahendravaram,"Anand Kala Kshetram, Rajamahendravaram - APPCB",27-11-2025 18:00,16.9872867,81.7363176,CO,31,54,39
India,Andhra_Pradesh,Tirumala,"Toll Gate, Tirumala - APPCB",27-11-2025 18:00,13.67,79.35,SO2,4,7,6
India,Andhra_Pradesh,Tirupati,"Vaikuntapuram, Tirupati - APPCB",27-11-2025 18:00,13.615387,79.40923,SO2,7,13,11
India,Andhra_Pradesh,Tirupati,"Vaikuntapuram, Tirupati - APPCB",27-11-2025 18:00,13.615387,79.40923,CO,20,36,28
India,Andhra_Pradesh,Vijayawada,"HB Colony, Vijayawada - APPCB",27-11-2025 18:00,16.536107,80.594233,PM2.5,64,92,78
India,Andhra_Pradesh,Vijayawada,"HB Colony, Vijayawada - APPCB",27-11-2025 18:00,16.536107,80.594233,PM10,64,101,82
India,Bihar,Hajipur,"Industrial Area, Hajipur - BSPCB",27-11-2025 18:00,25.697189,85.2459,OZONE,10,112,80
India,Bihar,Katihar,"Mirchaibari, Katihar - BSPCB",27-11-2025 18:00,25.560083,87.553265,PM10,14,124,85
India,Bihar,Kishanganj,"SDM Office_Khagra, Kishanganj - BSPCB",27-11-2025 18:00,26.0881305,87.93840336,OZONE,12,19,16
India,Bihar,Manguraha,"Forest Rest House, Manguraha - BSPCB",27-11-2025 18:00,27.308328,84.531742,PM2.5,25,327,75
India,Bihar,Motihari,"Gandak Colony, Motihari - BSPCB",27-11-2025 18:00,26.63086,84.90051,PM2.5,17,220,97
India,Bihar,Araria,"Kharahiya Basti, Araria - BSPCB",27-11-2025 18:00,26.146529,87.454184,NO2,1,22,11
India,Bihar,Arrah,"New DM Office, Arrah - BSPCB",27-11-2025 18:00,25.5626095,84.663264,PM2.5,47,305,155
India,Bihar,Arrah,"New DM Office, Arrah - BSPCB",27-11-2025 18:00,25.5626095,84.663264,NH3,1,1,1
India,Bihar,Aurangabad,"Gurdeo Nagar, Aurangabad - BSPCB",27-11-2025 18:00,24.75746,84.366208,SO2,10,18,12
India,Bihar,Begusarai,"Lohiyanagar, Begusarai - BSPCB",27-11-2025 18:00,25.42742023,86.13886079,OZONE,7,25,14
India,Assam,Guwahati,"IITG, Guwahati - PCBA",27-11-2025 18:00,26.2028636,91.70046436,PM10,48,136,104
India,Assam,Guwahati,"IITG, Guwahati - PCBA",27-11-2025 18:00,26.2028636,91.70046436,NH3,5,5,5
India,Assam,Guwahati,"Railway Colony, Guwahati - PCBA",27-11-2025 18:00,26.181742,91.78063,CO,24,78,31
India,Assam,Nagaon,"Christianpatty, Nagaon - PCBA",27-11-2025 18:00,26.349082,92.68449,PM2.5,62,65,62
India,Assam,Nalbari,"Bata Chowk, Nalbari - PCBA",27-11-2025 18:00,26.446912,91.439057,CO,18,27,22
India,Assam,Silchar,"Tarapur, Silchar - PCBA",27-11-2025 18:00,24.82827,92.79525,NO2,17,20,19
India,Assam,Sivasagar,"Girls College, Sivasagar - PCBA",27-11-2025 18:00,26.987634,94.636574,NO2,20,35,25
India,Bihar,Bettiah,"Kamalnath Nagar, Bettiah - BSPCB",27-11-2025 18:00,26.80365,84.51954,OZONE,22,23,23
India,Bihar,Bhagalpur,"Mayaganj, Bhagalpur - BSPCB",27-11-2025 18:00,25.265194,87.012947,NO2,6,9,8
India,Andhra_Pradesh,Amaravati,"Secretariat, Amaravati - APPCB",27-11-2025 18:00,16.5150833,80.5181667,NO2,21,56,30
India,Andhra_Pradesh,Amaravati,"Secretariat, Amaravati - APPCB",27-11-2025 18:00,16.5150833,80.5181667,NH3,2,4,4
India,Andhra_Pradesh,Kadapa,"Yerramukkapalli, Kadapa - APPCB",27-11-2025 18:00,14.465052,78.824187,PM10,70,78,74
India,Andhra_Pradesh,Kadapa,"Yerramukkapalli, Kadapa - APPCB",27-11-2025 18:00,14.465052,78.824187,SO2,12,17,16
India,Chhattisgarh,Raipur,"AIIMS, Raipur - CECB",27-11-2025 18:00,21.258815,81.578979,CO,26,54,33
India,Chhattisgarh,Raipur,"Bhatagaon New ISBT, Raipur - CECB",27-11-2025 18:00,21.219665,81.630094,PM10,NA,NA,NA
India,Chhattisgarh,Raipur,"Bhatagaon New ISBT, Raipur - CECB",27-11-2025 18:00,21.219665,81.630094,OZONE,3,8,5
India,Chhattisgarh,Raipur,"Krishak Nagar, Raipur - CECB",27-11-2025 18:00,21.237755,81.705301,PM2.5,25,67,53
India,Chhattisgarh,Raipur,"Krishak Nagar, Raipur - CECB",27-11-2025 18:00,21.237755,81.705301,NO2,19,29,22
India,Chhattisgarh,Raipur,"Siltara Phase-II, Raipur - CECB",27-11-2025 18:00,21.371751,81.664929,PM10,60,162,116
India,Chhattisgarh,Tumidih,"OP Jindal Industrial Park, Tumidih - CECB",27-11-2025 18:00,22.06631475,83.33820077,PM2.5,37,78,62
India,Chhattisgarh,Tumidih,"OP Jindal Industrial Park, Tumidih - CECB",27-11-2025 18:00,22.06631475,83.33820077,NH3,1,2,2
India,Chhattisgarh,Bhilai,"Hathkhoj, Bhilai - CECB",27-11-2025 18:00,21.224231,81.40835,NO2,17,78,42
India,Chhattisgarh,Bhilai,"Hathkhoj, Bhilai - CECB",27-11-2025 18:00,21.224231,81.40835,NH3,3,5,4
India,Chhattisgarh,Bhilai,"Hathkhoj, Bhilai - CECB",27-11-2025 18:00,21.224231,81.40835,OZONE,6,32,24
India,Chhattisgarh,Chhal,"Nawapara SECL Colony, Chhal - CECB",27-11-2025 18:00,22.118125,83.140608,PM2.5,43,94,59
India,Chhattisgarh,Chhal,"Nawapara SECL Colony, Chhal - CECB",27-11-2025 18:00,22.118125,83.140608,OZONE,5,162,129
India,Chhattisgarh,Korba,"Rampur, Korba - CECB",27-11-2025 18:00,22.368195,82.746431,PM2.5,48,87,51
India,Chhattisgarh,Korba,"Rampur, Korba - CECB",27-11-2025 18:00,22.368195,82.746431,OZONE,7,23,16
India,Chhattisgarh,Korba,"Urja Nagar, Korba - CECB",27-11-2025 18:00,22.348441,82.549611,NO2,40,61,47
India,Chhattisgarh,Kunjemura,"OP Jindal School, Kunjemura - CECB",27-11-2025 18:00,22.12665,83.483212,SO2,1,28,10
India,Chhattisgarh,Kunjemura,"OP Jindal School, Kunjemura - CECB",27-11-2025 18:00,22.12665,83.483212,OZONE,1,64,53
India,Chhattisgarh,Milupara,"Govt. Higher Secondary School, Milupara - CECB",27-11-2025 18:00,22.1910172,83.5197009,CO,20,45,25
India,Chhattisgarh,Raipur,"AIIMS, Raipur - CECB",27-11-2025 18:00,21.258815,81.578979,PM10,53,118,94
India,Bihar,Patna,"DRM Office Danapur, Patna - BSPCB",27-11-2025 18:00,25.586562,85.043586,PM2.5,77,301,175
India,Bihar,Patna,"DRM Office Danapur, Patna - BSPCB",27-11-2025 18:00,25.586562,85.043586,PM10,72,410,173
India,Bihar,Patna,"DRM Office Danapur, Patna - BSPCB",27-11-2025 18:00,25.586562,85.043586,NH3,7,35,13
India,Bihar,Patna,"IGSC Planetarium Complex, Patna - BSPCB",27-11-2025 18:00,25.610369,85.132568,SO2,18,27,24
India,Bihar,Patna,"Muradpur, Patna - BSPCB",27-11-2025 18:00,25.619651,85.147382,PM10,64,164,119
India,Bihar,Patna,"Muradpur, Patna - BSPCB",27-11-2025 18:00,25.619651,85.147382,NO2,10,12,11
India,Bihar,Patna,"Rajbansi Nagar, Patna - BSPCB",27-11-2025 18:00,25.599486,85.113666,CO,26,111,48
India,Bihar,Patna,"Samanpura, Patna - BSPCB",27-11-2025 18:00,25.596727,85.085624,SO2,2,3,3
India,Bihar,Patna,"Samanpura, Patna - BSPCB",27-11-2025 18:00,25.596727,85.085624,OZONE,5,336,41
India,Bihar,Purnia,"Mariam Nagar, Purnia - BSPCB",27-11-2025 18:00,25.366336,87.117468,PM2.5,20,133,75
India,Bihar,Purnia,"Mariam Nagar, Purnia - BSPCB",27-11-2025 18:00,25.366336,87.117468,CO,36,73,56
India,Bihar,Purnia,"Mariam Nagar, Purnia - BSPCB",27-11-2025 18:00,25.366336,87.117468,OZONE,20,35,29
India,Bihar,Sasaram,"Dada Peer, Sasaram - BSPCB",27-11-2025 18:00,24.952822,84.002396,CO,50,54,52
India,Bihar,Siwan,"Chitragupta Nagar, Siwan - BSPCB",27-11-2025 18:00,26.2271665,84.3570427,PM2.5,30,213,100
India,Bihar,Siwan,"Chitragupta Nagar, Siwan - BSPCB",27-11-2025 18:00,26.2271665,84.3570427,NH3,1,1,1
India,Chandigarh,Chandigarh,"Sector 22, Chandigarh - CPCC",27-11-2025 18:00,30.735567,76.775714,NO2,34,177,77
India,Chandigarh,Chandigarh,"Sector-25, Chandigarh - CPCC",27-11-2025 18:00,30.751462,76.762879,SO2,5,14,8
India,Chandigarh,Chandigarh,"Sector-53, Chandigarh - CPCC",27-11-2025 18:00,30.719859,76.738637,PM2.5,NA,NA,NA
India,Chandigarh,Chandigarh,"Sector-53, Chandigarh - CPCC",27-11-2025 18:00,30.719859,76.738637,NO2,NA,NA,NA
India,Chandigarh,Chandigarh,"Sector-53, Chandigarh - CPCC",27-11-2025 18:00,30.719859,76.738637,SO2,NA,NA,NA
India,Chhattisgarh,Bhilai,"32Bungalows, Bhilai - CECB",27-11-2025 18:00,21.194815,81.31477,NH3,1,4,3
India,Bihar,Motihari,"Gandak Colony, Motihari - BSPCB",27-11-2025 18:00,26.63086,84.90051,OZONE,2,4,3
India,Bihar,Munger,"Town Hall, Munger - BSPCB",27-11-2025 18:00,25.376776,86.471523,PM10,70,160,103
India,Bihar,Munger,"Town Hall, Munger - BSPCB",27-11-2025 18:00,25.376776,86.471523,NO2,4,5,5
India,Bihar,Muzaffarpur,"MIT-Daudpur Kothi, Muzaffarpur - BSPCB",27-11-2025 18:00,26.1403345,85.3650192,OZONE,17,55,50
India,Bihar,Samastipur,"DM Office_Kasipur, Samastipur - BSPCB",27-11-2025 18:00,25.859655,85.77944,OZONE,8,9,8
India,Delhi,Delhi,"Sri Aurobindo Marg, Delhi - DPCC",27-11-2025 18:00,28.531346,77.190156,NO2,6,144,44
India,Delhi,Delhi,"Sri Aurobindo Marg, Delhi - DPCC",27-11-2025 18:00,28.531346,77.190156,SO2,3,15,10
India,Delhi,Delhi,"Vivek Vihar, Delhi - DPCC",27-11-2025 18:00,28.672342,77.31526,NH3,11,13,12
India,Delhi,Delhi,"Vivek Vihar, Delhi - DPCC",27-11-2025 18:00,28.672342,77.31526,CO,2,159,32
India,Delhi,Delhi,"Vivek Vihar, Delhi - DPCC",27-11-2025 18:00,28.672342,77.31526,OZONE,5,176,101
India,Delhi,Delhi,"Wazirpur, Delhi - DPCC",27-11-2025 18:00,28.699793,77.165453,NO2,51,134,102
India,Delhi,Delhi,"Wazirpur, Delhi - DPCC",27-11-2025 18:00,28.699793,77.165453,SO2,4,39,16
India,Delhi,Delhi,"Wazirpur, Delhi - DPCC",27-11-2025 18:00,28.699793,77.165453,CO,65,146,85
India,Gujarat,Ahmedabad,"Chandkheda, Ahmedabad - IITM",27-11-2025 18:00,23.107969,72.574648,NO2,59,302,116
India,Gujarat,Ahmedabad,"Chandkheda, Ahmedabad - IITM",27-11-2025 18:00,23.107969,72.574648,CO,46,114,61
India,Gujarat,Ahmedabad,"Chandkheda, Ahmedabad - IITM",27-11-2025 18:00,23.107969,72.574648,OZONE,32,103,93
India,Gujarat,Ahmedabad,"Gyaspur, Ahmedabad - IITM",27-11-2025 18:00,22.977134,72.553024,NO2,53,220,81
India,Gujarat,Ahmedabad,"Gyaspur, Ahmedabad - IITM",27-11-2025 18:00,22.977134,72.553024,NH3,4,34,9
India,Chhattisgarh,Tumidih,"OP Jindal Industrial Park, Tumidih - CECB",27-11-2025 18:00,22.06631475,83.33820077,CO,18,42,22
India,Delhi,Delhi,"Alipur, Delhi - DPCC",27-11-2025 18:00,28.815329,77.15301,NO2,30,137,78
India,Delhi,Delhi,"Anand Vihar, Delhi - DPCC",27-11-2025 18:00,28.647622,77.315809,PM2.5,213,500,417
India,Delhi,Delhi,"Anand Vihar, Delhi - DPCC",27-11-2025 18:00,28.647622,77.315809,CO,1,167,68
India,Delhi,Delhi,"Ashok Vihar, Delhi - DPCC",27-11-2025 18:00,28.695381,77.181665,PM2.5,300,499,407
India,Delhi,Delhi,"Ashok Vihar, Delhi - DPCC",27-11-2025 18:00,28.695381,77.181665,SO2,10,54,27
India,Delhi,Delhi,"Bawana, Delhi - DPCC",27-11-2025 18:00,28.7762,77.051074,PM2.5,308,500,430
India,Delhi,Delhi,"Mandir Marg, Delhi - DPCC",27-11-2025 18:00,28.636429,77.201067,NO2,94,264,141
India,Delhi,Delhi,"Mandir Marg, Delhi - DPCC",27-11-2025 18:00,28.636429,77.201067,NH3,24,50,34
India,Delhi,Delhi,"Mandir Marg, Delhi - DPCC",27-11-2025 18:00,28.636429,77.201067,CO,26,126,66
India,Delhi,Delhi,"Mandir Marg, Delhi - DPCC",27-11-2025 18:00,28.636429,77.201067,OZONE,2,123,59
India,Delhi,Delhi,"NSIT Dwarka, Delhi - CPCB",27-11-2025 18:00,28.60909,77.0325413,SO2,18,24,21
India,Delhi,Delhi,"NSIT Dwarka, Delhi - CPCB",27-11-2025 18:00,28.60909,77.0325413,OZONE,12,62,39
India,Delhi,Delhi,"Najafgarh, Delhi - DPCC",27-11-2025 18:00,28.570173,76.933762,PM2.5,260,411,330
India,Delhi,Delhi,"Najafgarh, Delhi - DPCC",27-11-2025 18:00,28.570173,76.933762,PM10,145,305,181
India,Delhi,Delhi,"Dr. Karni Singh Shooting Range, Delhi - DPCC",27-11-2025 18:00,28.498571,77.26484,NO2,96,212,127
India,Delhi,Delhi,"Dwarka-Sector 8, Delhi - DPCC ",27-11-2025 18:00,28.5710274,77.0719006,NO2,66,196,114
India,Delhi,Delhi,"IHBAS, Dilshad Garden, Delhi - CPCB",27-11-2025 18:00,28.6811736,77.3025234,NO2,49,54,52
India,Delhi,Delhi,"IHBAS, Dilshad Garden, Delhi - CPCB",27-11-2025 18:00,28.6811736,77.3025234,NH3,4,7,5
India,Delhi,Delhi,"IHBAS, Dilshad Garden, Delhi - CPCB",27-11-2025 18:00,28.6811736,77.3025234,OZONE,19,26,22
India,Delhi,Delhi,"ITO, Delhi - CPCB",27-11-2025 18:00,28.628624,77.24106,PM10,176,494,324
India,Delhi,Delhi,"Narela, Delhi - DPCC",27-11-2025 18:00,28.822836,77.101981,NH3,6,7,6
India,Delhi,Delhi,"Nehru Nagar, Delhi - DPCC",27-11-2025 18:00,28.56789,77.250515,NO2,43,154,85
India,Delhi,Delhi,"Nehru Nagar, Delhi - DPCC",27-11-2025 18:00,28.56789,77.250515,SO2,16,68,49
India,Delhi,Delhi,"Okhla Phase-2, Delhi - DPCC",27-11-2025 18:00,28.530785,77.271255,PM10,202,489,367
India,Delhi,Delhi,"Okhla Phase-2, Delhi - DPCC",27-11-2025 18:00,28.530785,77.271255,CO,14,138,71
India,Delhi,Delhi,"Patparganj, Delhi - DPCC",27-11-2025 18:00,28.623763,77.287209,PM2.5,270,500,398
India,Delhi,Delhi,"Bawana, Delhi - DPCC",27-11-2025 18:00,28.7762,77.051074,SO2,7,65,16
India,Delhi,Delhi,"CRRI Mathura Road, Delhi - IMD",27-11-2025 18:00,28.5512005,77.2735737,PM10,195,497,379
India,Delhi,Delhi,"Chandni Chowk, Delhi - IITM",27-11-2025 18:00,28.656756,77.227234,OZONE,5,106,63
India,Delhi,Delhi,"DTU, Delhi - CPCB",27-11-2025 18:00,28.7500499,77.1112615,CO,35,126,89
India,Delhi,Delhi,"DTU, Delhi - CPCB",27-11-2025 18:00,28.7500499,77.1112615,OZONE,18,35,28
India,Delhi,Delhi,"Punjabi Bagh, Delhi - DPCC",27-11-2025 18:00,28.674045,77.131023,PM10,207,500,384
India,Delhi,Delhi,"Punjabi Bagh, Delhi - DPCC",27-11-2025 18:00,28.674045,77.131023,OZONE,1,117,66
India,Delhi,Delhi,"Pusa, Delhi - DPCC",27-11-2025 18:00,28.639652,77.146275,OZONE,2,21,8
India,Delhi,Delhi,"R K Puram, Delhi - DPCC",27-11-2025 18:00,28.563262,77.186937,PM10,169,500,326
India,Delhi,Delhi,"Jahangirpuri, Delhi - DPCC",27-11-2025 18:00,28.73282,77.170633,PM10,162,500,383
India,Delhi,Delhi,"Jawaharlal Nehru Stadium, Delhi - DPCC",27-11-2025 18:00,28.58028,77.233829,PM10,192,500,392
India,Delhi,Delhi,"Jawaharlal Nehru Stadium, Delhi - DPCC",27-11-2025 18:00,28.58028,77.233829,SO2,4,43,17
India,Delhi,Delhi,"Rohini, Delhi - DPCC",27-11-2025 18:00,28.732528,77.11992,PM10,197,500,415
India,Delhi,Delhi,"Rohini, Delhi - DPCC",27-11-2025 18:00,28.732528,77.11992,NO2,39,144,78
India,Delhi,Delhi,"Shadipur, Delhi - CPCB",27-11-2025 18:00,28.6514781,77.1473105,NO2,70,200,126
India,Haryana,Mandikhera,"General Hospital, Mandikhera(Nuh) - HSPCB",27-11-2025 18:00,27.9002,76.9938,OZONE,23,30,27
India,Haryana,Manesar,"Sector-2 IMT, Manesar - HSPCB",27-11-2025 18:00,28.360699,76.93609,PM10,118,500,302
India,Haryana,Narnaul,"Shastri Nagar, Narnaul - HSPCB",27-11-2025 18:00,28.060249,76.113115,NO2,66,111,87
India,Haryana,Narnaul,"Shastri Nagar, Narnaul - HSPCB",27-11-2025 18:00,28.060249,76.113115,SO2,6,7,7
India,Haryana,Palwal,"Shyam Nagar, Palwal - HSPCB",27-11-2025 18:00,28.1485564,77.3320667,PM2.5,42,112,81
India,Haryana,Palwal,"Shyam Nagar, Palwal - HSPCB",27-11-2025 18:00,28.1485564,77.3320667,NO2,23,24,24
India,Haryana,Palwal,"Shyam Nagar, Palwal - HSPCB",27-11-2025 18:00,28.1485564,77.3320667,OZONE,23,25,24
India,Haryana,Panchgaon,"Amity University, Panchgaon - IITM",27-11-2025 18:00,28.3153,76.9143,NO2,2,7,4
India,Haryana,Panchgaon,"Amity University, Panchgaon - IITM",27-11-2025 18:00,28.3153,76.9143,OZONE,11,96,82
India,Haryana,Jind,"Police Lines, Jind - HSPCB",27-11-2025 18:00,29.307814,76.337619,PM10,56,165,126
India,Haryana,Jind,"Police Lines, Jind - HSPCB",27-11-2025 18:00,29.307814,76.337619,CO,4,144,69
India,Haryana,Karnal,"Sector-12, Karnal - HSPCB",27-11-2025 18:00,29.6953,77.0027,PM10,81,180,145
India,Haryana,Kurukshetra,"Sector-7, Kurukshetra - HSPCB",27-11-2025 18:00,29.966942,76.875879,PM2.5,82,278,210
India,Haryana,Kurukshetra,"Sector-7, Kurukshetra - HSPCB",27-11-2025 18:00,29.966942,76.875879,NO2,16,22,19
India,Haryana,Kurukshetra,"Sector-7, Kurukshetra - HSPCB",27-11-2025 18:00,29.966942,76.875879,NH3,5,5,5
India,Haryana,Mandikhera,"General Hospital, Mandikhera(Nuh) - HSPCB",27-11-2025 18:00,27.9002,76.9938,NO2,19,25,22
India,Haryana,Faridabad,"New Industrial Town, Faridabad - HSPCB",27-11-2025 18:00,28.39072,77.30059,CO,11,14,12
India,Haryana,Faridabad,"Sector 11, Faridabad - HSPCB",27-11-2025 18:00,28.376058,77.315741,OZONE,15,16,15
India,Haryana,Faridabad,"Sector 30, Faridabad - HSPCB",27-11-2025 18:00,28.4417,77.3217,PM10,144,153,147
India,Haryana,Faridabad,"Sector 30, Faridabad - HSPCB",27-11-2025 18:00,28.4417,77.3217,NO2,36,39,37
India,Haryana,Faridabad,"Sector 30, Faridabad - HSPCB",27-11-2025 18:00,28.4417,77.3217,CO,59,65,63
India,Haryana,Fatehabad,"Huda Sector, Fatehabad - HSPCB",27-11-2025 18:00,29.503664,75.467934,PM10,60,140,108
India,Haryana,Fatehabad,"Huda Sector, Fatehabad - HSPCB",27-11-2025 18:00,29.503664,75.467934,CO,25,36,29
India,Gujarat,Ahmedabad,"SAC ISRO Satellite, Ahmedabad - IITM",27-11-2025 18:00,23.023389,72.515201,NO2,14,72,28
India,Gujarat,Gandhinagar,"IIPHG Lekawada, Gandhinagar - IITM",27-11-2025 18:00,23.243639,72.68994,PM10,107,137,122
India,Gujarat,Gandhinagar,"IIPHG Lekawada, Gandhinagar - IITM",27-11-2025 18:00,23.243639,72.68994,NO2,7,10,8
India,Gujarat,Gandhinagar,"Sector-10, Gandhinagar - GPCB",27-11-2025 18:00,23.221714,72.654328,NH3,3,3,3
India,Gujarat,Gandhinagar,"Sector-10, Gandhinagar - GPCB",27-11-2025 18:00,23.221714,72.654328,SO2,5,14,10
India,Gujarat,Nandesari,"GIDC, Nandesari - Nandesari Ind. Association",27-11-2025 18:00,22.410802,73.097923,PM2.5,208,337,269
India,Gujarat,Vapi,"Phase-1 GIDC, Vapi - GPCB",27-11-2025 18:00,20.362421,72.918013,SO2,13,31,29
India,Gujarat,Vatva,"Phase-4 GIDC, Vatva - GPCB",27-11-2025 18:00,22.969611,72.6435,PM2.5,61,249,116
India,Haryana,Ambala,"Patti Mehar, Ambala - HSPCB",27-11-2025 18:00,30.379589,76.778328,SO2,31,32,31
India,Haryana,Bahadurgarh,"Arya Nagar, Bahadurgarh - HSPCB",27-11-2025 18:00,28.6701,76.9254,NO2,12,14,13
India,Haryana,Bahadurgarh,"Arya Nagar, Bahadurgarh - HSPCB",27-11-2025 18:00,28.6701,76.9254,NH3,12,13,13
India,Haryana,Bahadurgarh,"Arya Nagar, Bahadurgarh - HSPCB",27-11-2025 18:00,28.6701,76.9254,CO,44,51,47
India,Haryana,Charkhi Dadri,"Mini Secretariat, Charkhi Dadri - HSPCB",27-11-2025 18:00,28.593883,76.270653,PM10,131,386,199
India,Haryana,Gurugram,"NISE Gwal Pahari, Gurugram - IMD",27-11-2025 18:00,28.422681,77.148944,PM10,144,463,231
India,Haryana,Gurugram,"NISE Gwal Pahari, Gurugram - IMD",27-11-2025 18:00,28.422681,77.148944,CO,17,124,63
India,Haryana,Gurugram,"Vikas Sadan, Gurugram - HSPCB",27-11-2025 18:00,28.4501238,77.0263051,PM10,149,269,215
India,Haryana,Gurugram,"Vikas Sadan, Gurugram - HSPCB",27-11-2025 18:00,28.4501238,77.0263051,SO2,2,8,5
India,Gujarat,Ahmedabad,"Raikhad, Ahmedabad - IITM",27-11-2025 18:00,23.020509,72.579261,NO2,22,99,42
India,Gujarat,Ahmedabad,"Raikhad, Ahmedabad - IITM",27-11-2025 18:00,23.020509,72.579261,OZONE,9,98,68
India,Gujarat,Ahmedabad,"SAC ISRO Bopal, Ahmedabad - IITM",27-11-2025 18:00,23.041137,72.456691,PM2.5,98,339,211
India,Gujarat,Ahmedabad,"SAC ISRO Bopal, Ahmedabad - IITM",27-11-2025 18:00,23.041137,72.456691,OZONE,2,100,56
India,Haryana,Rohtak,"MD University, Rohtak - HSPCB",27-11-2025 18:00,28.52123,76.37138,CO,60,68,65
India,Haryana,Rohtak,"MD University, Rohtak - HSPCB",27-11-2025 18:00,28.52123,76.37138,OZONE,12,13,13
India,Karnataka,Bengaluru,"Silk Board, Bengaluru - KSPCB",27-11-2025 18:00,12.917348,77.622813,NO2,10,16,12
India,Karnataka,Chamarajanagar,"Urban, Chamarajanagar - KSPCB",27-11-2025 18:00,11.55358,76.55521,PM2.5,19,48,32
India,Karnataka,Chamarajanagar,"Urban, Chamarajanagar - KSPCB",27-11-2025 18:00,11.55358,76.55521,PM10,29,58,45
India,Karnataka,Chamarajanagar,"Urban, Chamarajanagar - KSPCB",27-11-2025 18:00,11.55358,76.55521,OZONE,15,38,32
India,Karnataka,Chikkamagaluru,"Kalyana Nagara, Chikkamagaluru - KSPCB",27-11-2025 18:00,13.328028,75.797056,PM10,49,83,58
India,Karnataka,Chikkamagaluru,"Kalyana Nagara, Chikkamagaluru - KSPCB",27-11-2025 18:00,13.328028,75.797056,NO2,17,34,23
India,Karnataka,Chikkamagaluru,"Kalyana Nagara, Chikkamagaluru - KSPCB",27-11-2025 18:00,13.328028,75.797056,OZONE,11,62,38
India,Karnataka,Davanagere,"Devaraj Urs Badavane, Davanagere - KSPCB",27-11-2025 18:00,14.4758,75.9052,NO2,25,42,29
India,Karnataka,Davanagere,"Devaraj Urs Badavane, Davanagere - KSPCB",27-11-2025 18:00,14.4758,75.9052,OZONE,19,21,20
India,Haryana,Yamuna Nagar,"Gobind Pura, Yamuna Nagar - HSPCB",27-11-2025 18:00,30.1480566,77.2893471,PM10,102,201,146
India,Haryana,Yamuna Nagar,"Gobind Pura, Yamuna Nagar - HSPCB",27-11-2025 18:00,30.1480566,77.2893471,SO2,9,15,12
India,Haryana,Yamuna Nagar,"Gobind Pura, Yamuna Nagar - HSPCB",27-11-2025 18:00,30.1480566,77.2893471,OZONE,38,63,44
India,Himachal Pradesh,Baddi,"HIMUDA Complex Phase-1, Baddi - HPPCB",27-11-2025 18:00,30.943887,76.801991,PM2.5,38,197,88
India,Himachal Pradesh,Baddi,"HIMUDA Complex Phase-1, Baddi - HPPCB",27-11-2025 18:00,30.943887,76.801991,NO2,14,76,34
India,Jharkhand,Dhanbad,"Sardar Patel Nagar, Dhanbad - JSPCB",27-11-2025 18:00,23.80569,86.44268,PM2.5,10,235,101
India,Jharkhand,Dhanbad,"Sardar Patel Nagar, Dhanbad - JSPCB",27-11-2025 18:00,23.80569,86.44268,CO,2,54,12
India,Karnataka,Kalaburagi,"Lal Bahadur Shastri Nagar, Kalaburagi - KSPCB",27-11-2025 18:00,17.321993,76.822628,SO2,51,56,54
India,Karnataka,Kalaburagi,"Mahatma Basaveswar Colony, Kalaburgi - KSPCB",27-11-2025 18:00,17.336318,76.847397,PM10,35,79,53
India,Karnataka,Koppal,"Diwator Nagar, Koppal - KSPCB",27-11-2025 18:00,15.34763,76.181767,PM10,43,106,67
India,Karnataka,Koppal,"Diwator Nagar, Koppal - KSPCB",27-11-2025 18:00,15.34763,76.181767,NO2,30,36,33
India,Karnataka,Madikeri,"Stuart Hill, Madikeri - KSPCB",27-11-2025 18:00,12.415911,75.73505,PM2.5,41,85,54
India,Karnataka,Mangalore,"Kadri, Mangalore - KSPCB",27-11-2025 18:00,12.88925,74.853,PM2.5,23,41,30
India,Karnataka,Bengaluru,"Hebbal, Bengaluru - KSPCB",27-11-2025 18:00,13.029152,77.585901,PM2.5,85,184,127
India,Karnataka,Bengaluru,"Hombegowda Nagar, Bengaluru - KSPCB",27-11-2025 18:00,12.938539,77.5901,PM2.5,53,84,65
India,Karnataka,Bengaluru,"Hombegowda Nagar, Bengaluru - KSPCB",27-11-2025 18:00,12.938539,77.5901,NH3,2,3,3
India,Karnataka,Bengaluru,"Jayanagar 5th Block, Bengaluru - KSPCB",27-11-2025 18:00,12.920984,77.584908,PM2.5,89,180,124
India,Karnataka,Bengaluru,"Jayanagar 5th Block, Bengaluru - KSPCB",27-11-2025 18:00,12.920984,77.584908,NO2,11,79,39
India,Karnataka,Bengaluru,"Jayanagar 5th Block, Bengaluru - KSPCB",27-11-2025 18:00,12.920984,77.584908,SO2,1,33,10
India,Karnataka,Bengaluru,"Jayanagar 5th Block, Bengaluru - KSPCB",27-11-2025 18:00,12.920984,77.584908,OZONE,14,72,44
India,Karnataka,Belgaum,"Ramteerth Nagar, Belgaum - KSPCB",27-11-2025 18:00,15.888653,74.541751,PM10,55,189,97
India,Karnataka,Belgaum,"Ramteerth Nagar, Belgaum - KSPCB",27-11-2025 18:00,15.888653,74.541751,CO,6,12,10
India,Karnataka,Bengaluru,"BTM Layout, Bengaluru - CPCB",27-11-2025 18:00,12.9135218,77.5950804,PM2.5,58,116,78
India,Karnataka,Bengaluru,"BTM Layout, Bengaluru - CPCB",27-11-2025 18:00,12.9135218,77.5950804,NH3,4,6,5
India,Karnataka,Bengaluru,"BWSSB Kadabesanahalli, Bengaluru - CPCB",27-11-2025 18:00,12.9352049,77.6814488,PM10,NA,NA,NA
India,Kerala,Eloor,"Udyogamandal, Eloor - Kerala PCB",27-11-2025 18:00,10.073232,76.302765,OZONE,11,19,12
India,Kerala,Kannur,"Thavakkara, Kannur - Kerala PCB",27-11-2025 18:00,11.875,75.3732,CO,16,18,17
India,Kerala,Kollam,"Polayathode, Kollam - Kerala PCB",27-11-2025 18:00,8.8787,76.6073,SO2,2,3,2
India,Kerala,Thiruvananthapuram,"Plammoodu, Thiruvananthapuram - Kerala PCB",27-11-2025 18:00,8.5149093,76.9435879,PM10,NA,NA,NA
India,Karnataka,Mysuru,"Hebbal 1st Stage, Mysuru - KSPCB",27-11-2025 18:00,12.21041,76.37376,OZONE,5,69,46
India,Karnataka,Udupi,"Brahmagiri, Udupi - KSPCB",27-11-2025 18:00,13.34194444,74.74694444,PM10,NA,NA,NA
India,Karnataka,Udupi,"Brahmagiri, Udupi - KSPCB",27-11-2025 18:00,13.34194444,74.74694444,NH3,NA,NA,NA
India,Karnataka,Yadgir,"Collector Office, Yadgir - KSPCB",27-11-2025 18:00,16.7602,77.1428,PM2.5,73,226,141
India,Karnataka,Yadgir,"Collector Office, Yadgir - KSPCB",27-11-2025 18:00,16.7602,77.1428,SO2,11,18,15
India,Karnataka,Dharwad,"Kalabhavan, Dharwad - KSPCB",27-11-2025 18:00,15.459706,75.008381,PM2.5,64,72,69
India,Karnataka,Dharwad,"Kalabhavan, Dharwad - KSPCB",27-11-2025 18:00,15.459706,75.008381,OZONE,18,26,19
India,Karnataka,Haveri,"Ashwini Nagar, Haveri - KSPCB",27-11-2025 18:00,14.7918,75.3896,PM2.5,NA,NA,NA
India,Karnataka,Haveri,"Ashwini Nagar, Haveri - KSPCB",27-11-2025 18:00,14.7918,75.3896,NO2,NA,NA,NA
India,Karnataka,Kalaburagi,"Lal Bahadur Shastri Nagar, Kalaburagi - KSPCB",27-11-2025 18:00,17.321993,76.822628,PM2.5,35,72,47
India,Karnataka,Bengaluru,"Jigani, Bengaluru - KSPCB",27-11-2025 18:00,12.7816279,77.6299145,CO,47,48,48
India,Karnataka,Bengaluru,"Peenya, Bengaluru - CPCB",27-11-2025 18:00,13.0270199,77.494094,NO2,26,33,28
India,Karnataka,Bengaluru,"RVCE-Mailasandra, Bengaluru - KSPCB",27-11-2025 18:00,12.921418,77.502466,PM10,60,145,117
India,Madhya Pradesh,Jabalpur,"Suhagi, Jabalpur - JMC",27-11-2025 18:00,23.218135,79.95777,CO,22,84,33
India,Madhya Pradesh,Katni,"Gole Bazar, Katni - MPPCB",27-11-2025 18:00,23.50016,80.23284,NH3,4,6,5
India,Madhya Pradesh,Katni,"Gole Bazar, Katni - MPPCB",27-11-2025 18:00,23.50016,80.23284,SO2,16,38,28
India,Madhya Pradesh,Maihar,"Sahilara, Maihar - KJS Cements",27-11-2025 18:00,24.2613009,80.7231783,NO2,41,68,49
India,Madhya Pradesh,Mandideep,"Sector-D Industrial Area, Mandideep - MPPCB",27-11-2025 18:00,23.10844,77.511428,PM2.5,140,308,216
India,Madhya Pradesh,Mandideep,"Sector-D Industrial Area, Mandideep - MPPCB",27-11-2025 18:00,23.10844,77.511428,NO2,57,136,79
India,Madhya Pradesh,Mandideep,"Sector-D Industrial Area, Mandideep - MPPCB",27-11-2025 18:00,23.10844,77.511428,SO2,19,114,42
India,Madhya Pradesh,Pithampur,"Sector-2 Industrial Area, Pithampur - MPPCB",27-11-2025 18:00,22.624758,75.675238,PM2.5,194,358,305
India,Madhya Pradesh,Ratlam,"Shasthri Nagar, Ratlam - IPCA Lab",27-11-2025 18:00,23.331731,75.045981,PM2.5,NA,NA,NA
India,Kerala,Thrissur,"Corporation Ground, Thrissur - Kerala PCB",27-11-2025 18:00,10.5324,76.2159,PM2.5,46,56,50
India,Kerala,Thrissur,"Corporation Ground, Thrissur - Kerala PCB",27-11-2025 18:00,10.5324,76.2159,SO2,1,1,1
India,Madhya Pradesh,Bhopal,"Paryavaran Parisar, Bhopal - MPPCB",27-11-2025 18:00,23.210494,77.425409,NO2,32,114,61
India,Madhya Pradesh,Bhopal,"Paryavaran Parisar, Bhopal - MPPCB",27-11-2025 18:00,23.210494,77.425409,NH3,6,8,7
India,Madhya Pradesh,Bhopal,"Paryavaran Parisar, Bhopal - MPPCB",27-11-2025 18:00,23.210494,77.425409,SO2,5,18,10
India,Madhya Pradesh,Bhopal,"Paryavaran Parisar, Bhopal - MPPCB",27-11-2025 18:00,23.210494,77.425409,OZONE,22,66,53
India,Madhya Pradesh,Bhopal,"T T Nagar, Bhopal - MPPCB",27-11-2025 18:00,23.233584,77.400574,NO2,29,72,45
India,Madhya Pradesh,Bhopal,"T T Nagar, Bhopal - MPPCB",27-11-2025 18:00,23.233584,77.400574,CO,50,90,58
India,Madhya Pradesh,Damoh,"Shrivastav Colony, Damoh - MPPCB",27-11-2025 18:00,23.81748678,79.446246,PM2.5,11,46,20
India,Madhya Pradesh,Dewas,"Bhopal Chauraha, Dewas - MPPCB",27-11-2025 18:00,22.9682591,76.064118,PM2.5,205,313,289
India,Madhya Pradesh,Sagar,"Civil Lines, Sagar - MPPCB",27-11-2025 18:00,23.838586,78.759431,PM10,72,158,101
India,Madhya Pradesh,Sagar,"Civil Lines, Sagar - MPPCB",27-11-2025 18:00,23.838586,78.759431,NH3,1,5,2
India,Madhya Pradesh,Sagar,"Civil Lines, Sagar - MPPCB",27-11-2025 18:00,23.838586,78.759431,CO,28,100,37
India,Madhya Pradesh,Sagar,"Deen Dayal Nagar, Sagar - MPPCB",27-11-2025 18:00,23.8640158,78.80289321,PM2.5,41,143,70
India,Madhya Pradesh,Sagar,"Deen Dayal Nagar, Sagar - MPPCB",27-11-2025 18:00,23.8640158,78.80289321,PM10,37,141,90
India,Madhya Pradesh,Sagar,"Deen Dayal Nagar, Sagar - MPPCB",27-11-2025 18:00,23.8640158,78.80289321,SO2,7,13,9
India,Madhya Pradesh,Satna,"Bandhavgar Colony, Satna - Birla Cement",27-11-2025 18:00,24.58434363,80.8549414,PM10,62,64,63
India,Madhya Pradesh,Satna,"Bandhavgar Colony, Satna - Birla Cement",27-11-2025 18:00,24.58434363,80.8549414,SO2,18,20,19
India,Madhya Pradesh,Singrauli,"Suryakiran Bhawan NCL, Singrauli - MPPCB",27-11-2025 18:00,24.10897,82.64558,PM2.5,102,331,237
India,Madhya Pradesh,Singrauli,"Suryakiran Bhawan NCL, Singrauli - MPPCB",27-11-2025 18:00,24.10897,82.64558,PM10,147,400,225
India,Maharashtra,Aurangabad,"More Chowk Waluj, Aurangabad - MPCB",27-11-2025 18:00,19.8389439,75.244448,PM10,64,117,88
India,Maharashtra,Aurangabad,"Rachnakar Colony, Aurangabad - MPCB",27-11-2025 18:00,19.863756,75.321188,PM10,78,292,141
India,Maharashtra,Aurangabad,"Rachnakar Colony, Aurangabad - MPCB",27-11-2025 18:00,19.863756,75.321188,NO2,16,20,18
India,Maharashtra,Aurangabad,"Rachnakar Colony, Aurangabad - MPCB",27-11-2025 18:00,19.863756,75.321188,SO2,6,26,12
India,Maharashtra,Aurangabad,"Rachnakar Colony, Aurangabad - MPCB",27-11-2025 18:00,19.863756,75.321188,OZONE,8,54,42
India,Maharashtra,Badlapur,"Katrap, Badlapur - MPCB",27-11-2025 18:00,19.16485,73.23409,PM2.5,50,165,91
India,Maharashtra,Belapur,"CBD Belapur, Belapur - MPCB",27-11-2025 18:00,19.0243902,73.0406721,PM2.5,109,305,220
India,Madhya Pradesh,Indore,"Airport Area, Indore - IMC",27-11-2025 18:00,22.7289,75.8076,CO,6,8,7
India,Madhya Pradesh,Indore,"Chhoti Gwaltoli, Indore - MPPCB",27-11-2025 18:00,22.431,75.5213,NH3,2,9,6
India,Madhya Pradesh,Indore,"Chhoti Gwaltoli, Indore - MPPCB",27-11-2025 18:00,22.431,75.5213,CO,38,76,47
India,Madhya Pradesh,Indore,"Maguda Nagar, Indore - IMC",27-11-2025 18:00,22.7524,75.8872,OZONE,10,19,15
India,Madhya Pradesh,Indore,"Regional Park, Indore - IMC",27-11-2025 18:00,22.678,75.8559,NH3,NA,NA,NA
India,Madhya Pradesh,Indore,"Residency Area, Indore - IMC",27-11-2025 18:00,22.7084,75.8815,PM10,60,107,81
India,Madhya Pradesh,Indore,"Residency Area, Indore - IMC",27-11-2025 18:00,22.7084,75.8815,CO,17,20,18
India,Madhya Pradesh,Dewas,"Bhopal Chauraha, Dewas - MPPCB",27-11-2025 18:00,22.9682591,76.064118,OZONE,26,30,27
India,Madhya Pradesh,Gwalior,"City Center, Gwalior - MPPCB",27-11-2025 18:00,26.203442,78.193251,NO2,19,173,62
India,Madhya Pradesh,Gwalior,"Maharaj Bada, Gwalior - MPPCB",27-11-2025 18:00,26.200388,78.147714,PM2.5,103,378,226
India,Madhya Pradesh,Indore,"Airport Area, Indore - IMC",27-11-2025 18:00,22.7289,75.8076,PM10,74,132,103
India,Madhya Pradesh,Indore,"Airport Area, Indore - IMC",27-11-2025 18:00,22.7289,75.8076,NO2,2,3,2
India,Maharashtra,Ahmednagar,"Tarakpur, Ahmednagar - MPCB",27-11-2025 18:00,19.10122,74.73339,OZONE,3,90,76
India,Maharashtra,Akola,"Ramdaspeth, Akola - MPCB",27-11-2025 18:00,20.719516,77.000253,NO2,13,42,19
India,Maharashtra,Amravati,"Shri Shivaji Science College, Amravati - MPCB",27-11-2025 18:00,20.939198,77.765701,PM10,111,160,135
India,Maharashtra,Amravati,"Shri Shivaji Science College, Amravati - MPCB",27-11-2025 18:00,20.939198,77.765701,SO2,8,66,25
India,Madhya Pradesh,Jabalpur,"Govindh Bhavan Colony, Jabalpur - JMC",27-11-2025 18:00,23.163174,79.973061,PM10,45,102,67
India,Madhya Pradesh,Jabalpur,"Gupteshwar, Jabalpur - JMC",27-11-2025 18:00,23.142888,79.916147,PM2.5,53,107,70
India,Madhya Pradesh,Jabalpur,"Gupteshwar, Jabalpur - JMC",27-11-2025 18:00,23.142888,79.916147,PM10,72,122,93
India,Madhya Pradesh,Jabalpur,"Gupteshwar, Jabalpur - JMC",27-11-2025 18:00,23.142888,79.916147,CO,48,116,57
India,Madhya Pradesh,Jabalpur,"Suhagi, Jabalpur - JMC",27-11-2025 18:00,23.218135,79.95777,PM2.5,67,197,108
India,Madhya Pradesh,Jabalpur,"Suhagi, Jabalpur - JMC",27-11-2025 18:00,23.218135,79.95777,NO2,35,112,64
India,Madhya Pradesh,Jabalpur,"Suhagi, Jabalpur - JMC",27-11-2025 18:00,23.218135,79.95777,SO2,5,7,7
India,Maharashtra,Kalyan,"Pimpleshwar Mandir, Kalyan - MPCB",27-11-2025 18:00,19.192056,72.9585188,OZONE,4,157,38
India,Maharashtra,Kolhapur,"Sinchan Bhavan, Kolhapur - MPCB",27-11-2025 18:00,16.7143745,74.2426398,NH3,NA,NA,NA
India,Maharashtra,Latur,"Sawe Wadi, Latur - MPCB",27-11-2025 18:00,18.39963,76.57452,CO,17,75,31
India,Maharashtra,Latur,"Sawe Wadi, Latur - MPCB",27-11-2025 18:00,18.39963,76.57452,OZONE,41,111,95
India,Maharashtra,Mahad,"Kamble Tarf Birwadi, Mahad - MPCB",27-11-2025 18:00,18.1023399,73.4783687,PM10,49,189,104
India,Maharashtra,Mahad,"Kamble Tarf Birwadi, Mahad - MPCB",27-11-2025 18:00,18.1023399,73.4783687,SO2,14,117,42
India,Maharashtra,Mumbai,"Borivali East, Mumbai - MPCB",27-11-2025 18:00,19.2243333,72.8658113,SO2,NA,NA,NA
India,Maharashtra,Mumbai,"Byculla, Mumbai - BMC",27-11-2025 18:00,18.9767,72.838,OZONE,1,62,34
India,Maharashtra,Mumbai,"Chembur, Mumbai - MPCB",27-11-2025 18:00,19.0364585,72.8954371,PM2.5,76,312,184
India,Maharashtra,Mumbai,"Chembur, Mumbai - MPCB",27-11-2025 18:00,19.0364585,72.8954371,PM10,114,182,148
India,Maharashtra,Mumbai,"Chembur, Mumbai - MPCB",27-11-2025 18:00,19.0364585,72.8954371,NO2,15,100,57
India,Maharashtra,Mumbai,"Chhatrapati Shivaji Intl. Airport (T2), Mumbai - MPCB",27-11-2025 18:00,19.10078,72.87462,NO2,NA,NA,NA
India,Maharashtra,Mumbai,"Chhatrapati Shivaji Intl. Airport (T2), Mumbai - MPCB",27-11-2025 18:00,19.10078,72.87462,NH3,NA,NA,NA
India,Maharashtra,Mumbai,"Mazgaon, Mumbai - IITM",27-11-2025 18:00,18.96702,72.84214,CO,26,121,52
India,Maharashtra,Mumbai,"Mindspace-Malad West, Mumbai - MPCB",27-11-2025 18:00,19.1878657,72.8304069,PM2.5,66,183,112
India,Maharashtra,Mumbai,"Mindspace-Malad West, Mumbai - MPCB",27-11-2025 18:00,19.1878657,72.8304069,PM10,99,174,132
India,Maharashtra,Mumbai,"Mindspace-Malad West, Mumbai - MPCB",27-11-2025 18:00,19.1878657,72.8304069,OZONE,3,97,44
India,Maharashtra,Mumbai,"Mulund West, Mumbai - MPCB",27-11-2025 18:00,19.175,72.9419,SO2,NA,NA,NA
India,Maharashtra,Mumbai,"Powai, Mumbai - MPCB",27-11-2025 18:00,19.1375,72.915056,NO2,7,8,8
India,Maharashtra,Mumbai,"Powai, Mumbai - MPCB",27-11-2025 18:00,19.1375,72.915056,SO2,28,29,28
India,Maharashtra,Boisar,"Khaira, Boisar - MPCB",27-11-2025 18:00,19.786089,72.757971,NH3,6,11,8
India,Maharashtra,Boisar,"Khaira, Boisar - MPCB",27-11-2025 18:00,19.786089,72.757971,SO2,18,39,23
India,Maharashtra,Chandrapur,"Chauhan Colony, Chandrapur - MPCB",27-11-2025 18:00,19.9629,79.298714,SO2,30,30,30
India,Maharashtra,Chandrapur,"MIDC Khutala, Chandrapur - MPCB",27-11-2025 18:00,19.9775302,79.2337086,NH3,2,13,5
India,Maharashtra,Chandrapur,"MIDC Khutala, Chandrapur - MPCB",27-11-2025 18:00,19.9775302,79.2337086,SO2,8,9,9
India,Maharashtra,Dhule,"Deopur, Dhule - MPCB",27-11-2025 18:00,20.918946,74.776388,PM10,41,159,110
India,Maharashtra,Mumbai,"Sewri, Mumbai - BMC",27-11-2025 18:00,19.000084,72.85673,OZONE,81,184,104
India,Maharashtra,Mumbai,"Shivaji Nagar, Mumbai - BMC",27-11-2025 18:00,19.060498,72.923356,CO,84,104,98
India,Maharashtra,Mumbai,"Siddharth Nagar-Worli, Mumbai - IITM",27-11-2025 18:00,19.000083,72.813993,NO2,43,122,70
India,Maharashtra,Mumbai,"Sion, Mumbai - MPCB",27-11-2025 18:00,19.047,72.8746,PM10,59,200,120
India,Maharashtra,Mumbai,"Sion, Mumbai - MPCB",27-11-2025 18:00,19.047,72.8746,OZONE,7,15,9
India,Maharashtra,Mumbai,"Kherwadi_Bandra East, Mumbai - MPCB",27-11-2025 18:00,19.0632143,72.8456324,OZONE,1,92,44
India,Maharashtra,Mumbai,"Kurla, Mumbai - MPCB",27-11-2025 18:00,19.0863,72.8888,NO2,6,10,8
India,Maharashtra,Mumbai,"Kurla, Mumbai - MPCB",27-11-2025 18:00,19.0863,72.8888,SO2,36,37,36
India,Maharashtra,Mumbai,"Kurla, Mumbai - MPCB",27-11-2025 18:00,19.0863,72.8888,OZONE,28,29,29
India,Maharashtra,Mumbai,"Malad West, Mumbai - IITM",27-11-2025 18:00,19.19709,72.82204,PM10,113,195,158
India,Maharashtra,Mumbai,"Colaba, Mumbai - MPCB",27-11-2025 18:00,18.91,72.82,PM2.5,41,103,71
India,Maharashtra,Mumbai,"Colaba, Mumbai - MPCB",27-11-2025 18:00,18.91,72.82,NO2,28,33,30
India,Maharashtra,Mumbai,"Deonar, Mumbai - IITM",27-11-2025 18:00,19.04946,72.923,CO,36,105,45
India,Maharashtra,Mumbai,"Kandivali East, Mumbai - MPCB",27-11-2025 18:00,19.2058,72.8682,NH3,1,2,1
India,Maharashtra,Dhule,"Deopur, Dhule - MPCB",27-11-2025 18:00,20.918946,74.776388,CO,13,37,23
India,Maharashtra,Dhule,"Deopur, Dhule - MPCB",27-11-2025 18:00,20.918946,74.776388,OZONE,22,62,43
India,Maharashtra,Jalgaon,"Prabhat Colony, Jalgaon - MPCB",27-11-2025 18:00,21.001264,75.565602,PM10,83,106,99
India,Maharashtra,Jalgaon,"Prabhat Colony, Jalgaon - MPCB",27-11-2025 18:00,21.001264,75.565602,CO,22,35,23
India,Maharashtra,Jalgaon,"Prabhat Colony, Jalgaon - MPCB",27-11-2025 18:00,21.001264,75.565602,OZONE,30,74,63
India,Maharashtra,Malegaon,"Mahesh Nagar, Malegaon - MPCB",27-11-2025 18:00,20.555712,74.529236,PM2.5,29,95,64
India,Maharashtra,Mira-Bhayandar,"Bhayandar West, Mira-Bhayandar - MPCB",27-11-2025 18:00,19.296481,72.840923,NH3,1,5,3
India,Maharashtra,Mumbai,"Bandra Kurla Complex, Mumbai - MPCB",27-11-2025 18:00,19.065931,72.862131,NH3,1,18,8
India,Maharashtra,Nashik,"Hirawadi, Nashik - MPCB",27-11-2025 18:00,20.021503,73.813844,SO2,1,13,6
India,Maharashtra,Nashik,"Hirawadi, Nashik - MPCB",27-11-2025 18:00,20.021503,73.813844,OZONE,4,64,53
India,Maharashtra,Nashik,"Pandav Nagari, Nashik - MPCB",27-11-2025 18:00,19.9591346,73.7788008,NO2,5,39,13
India,Maharashtra,Nashik,"Pandav Nagari, Nashik - MPCB",27-11-2025 18:00,19.9591346,73.7788008,OZONE,17,61,49
India,Maharashtra,Navi Mumbai,"Kopripada-Vashi, Navi Mumbai - MPCB",27-11-2025 18:00,19.090337,73.014232,PM2.5,63,386,170
India,Maharashtra,Navi Mumbai,"Mahape, Navi Mumbai - MPCB",27-11-2025 18:00,19.1135051,73.008978,PM10,87,167,131
India,Maharashtra,Navi Mumbai,"Mahape, Navi Mumbai - MPCB",27-11-2025 18:00,19.1135051,73.008978,NO2,34,36,35
India,Maharashtra,Navi Mumbai,"Mahape, Navi Mumbai - MPCB",27-11-2025 18:00,19.1135051,73.008978,SO2,23,26,25
India,Maharashtra,Navi Mumbai,"Nerul, Navi Mumbai - MPCB",27-11-2025 18:00,19.008751,73.01662,PM10,104,350,183
India,Maharashtra,Navi Mumbai,"Nerul, Navi Mumbai - MPCB",27-11-2025 18:00,19.008751,73.01662,NH3,4,4,4
India,Maharashtra,Navi Mumbai,"Sanpada, Navi Mumbai - MPCB",27-11-2025 18:00,19.0575752,73.0151367,PM2.5,53,260,134
India,Maharashtra,Navi Mumbai,"Sanpada, Navi Mumbai - MPCB",27-11-2025 18:00,19.0575752,73.0151367,SO2,7,19,12
India,Maharashtra,Navi Mumbai,"Sector-2E Kalamboli, Navi Mumbai - MPCB",27-11-2025 18:00,19.02579,73.10297,PM10,55,136,98
India,Maharashtra,Navi Mumbai,"Sector-2E Kalamboli, Navi Mumbai - MPCB",27-11-2025 18:00,19.02579,73.10297,CO,8,50,20
India,Maharashtra,Navi Mumbai,"Tondare-Taloja, Navi Mumbai - MPCB",27-11-2025 18:00,19.063,73.1209,PM10,45,217,96
India,Maharashtra,Navi Mumbai,"Tondare-Taloja, Navi Mumbai - MPCB",27-11-2025 18:00,19.063,73.1209,SO2,2,3,3
India,Maharashtra,Pune,"Revenue Colony-Shivajinagar, Pune - IITM",27-11-2025 18:00,18.530085,73.849598,SO2,8,23,14
India,Maharashtra,Pune,"Revenue Colony-Shivajinagar, Pune - IITM",27-11-2025 18:00,18.530085,73.849598,OZONE,1,50,26
India,Maharashtra,Pune,"Savitribai Phule Pune University, Pune - MPCB",27-11-2025 18:00,18.547056,73.826908,SO2,1,3,2
India,Maharashtra,Pune,"Savitribai Phule Pune University, Pune - MPCB",27-11-2025 18:00,18.547056,73.826908,CO,14,116,24
India,Maharashtra,Pune,"Savitribai Phule Pune University, Pune - MPCB",27-11-2025 18:00,18.547056,73.826908,OZONE,1,103,71
India,Maharashtra,Sangli,"Vijay Nagar, Sangli - MPCB",27-11-2025 18:00,16.5038,74.3623,OZONE,6,61,50
India,Maharashtra,Solapur,"Dnyaneshwar Nagar, Solapur - MPCB",27-11-2025 18:00,17.6336264,75.9132495,PM10,69,115,91
India,Maharashtra,Pimpri-Chinchwad,"Thergaon, Pimpri Chinchwad - MPCB",27-11-2025 18:00,18.616318,73.765797,SO2,1,4,2
India,Maharashtra,Pune,"Bhumkar Nagar, Pune - IITM",27-11-2025 18:00,18.60577,73.749976,PM2.5,94,300,160
India,Maharashtra,Pune,"Bhumkar Nagar, Pune - IITM",27-11-2025 18:00,18.60577,73.749976,NO2,12,28,19
India,Maharashtra,Pune,"Dhankawadi, Pune - IITM",27-11-2025 18:00,18.459883,73.852193,NO2,NA,NA,NA
India,Maharashtra,Pune,"Hadapsar, Pune - IITM",27-11-2025 18:00,18.501793,73.927532,PM10,NA,NA,NA
India,Maharashtra,Pune,"Katraj Dairy, Pune - MPCB",27-11-2025 18:00,18.45445,73.854155,SO2,3,4,4
India,Maharashtra,Pune,"Mhada Colony, Pune - IITM",27-11-2025 18:00,18.57304,73.927715,NO2,NA,NA,NA
India,Maharashtra,Solapur,"Dnyaneshwar Nagar, Solapur - MPCB",27-11-2025 18:00,17.6336264,75.9132495,OZONE,33,98,82
India,Maharashtra,Solapur,"Ratandeep Housing Society, Solapur - MPCB",27-11-2025 18:00,17.65439,75.90649,PM10,82,145,115
India,Maharashtra,Thane,"Kasarvadavali, Thane - MPCB",27-11-2025 18:00,19.26777,72.97182,NH3,1,11,4
India,Maharashtra,Thane,"Kasarvadavali, Thane - MPCB",27-11-2025 18:00,19.26777,72.97182,SO2,4,9,7
India,Maharashtra,Thane,"Kasarvadavali, Thane - MPCB",27-11-2025 18:00,19.26777,72.97182,CO,10,62,16
India,Maharashtra,Thane,"Upvan Fort, Thane - MPCB",27-11-2025 18:00,19.222279,72.957979,OZONE,28,132,65
India,Maharashtra,Mumbai,"Vile Parle West, Mumbai - MPCB",27-11-2025 18:00,19.10861,72.83622,PM2.5,61,206,140
India,Maharashtra,Mumbai,"Vile Parle West, Mumbai - MPCB",27-11-2025 18:00,19.10861,72.83622,CO,22,26,25
India,Maharashtra,Mumbai,"Worli, Mumbai - MPCB",27-11-2025 18:00,18.9936162,72.8128113,SO2,17,26,20
India,Maharashtra,Nagpur,"Ambazari, Nagpur - MPCB",27-11-2025 18:00,21.121801,79.04952,PM10,126,144,137
India,Maharashtra,Nagpur,"Ambazari, Nagpur - MPCB",27-11-2025 18:00,21.121801,79.04952,OZONE,10,116,85
India,Maharashtra,Nagpur,"Mahal, Nagpur - MPCB",27-11-2025 18:00,21.14472,79.107595,OZONE,17,44,37
India,Maharashtra,Nagpur,"Opp GPO Civil Lines, Nagpur - MPCB",27-11-2025 18:00,21.152875,79.0517531,OZONE,2,71,51
India,Maharashtra,Nagpur,"Ram Nagar, Nagpur - MPCB",27-11-2025 18:00,21.143383,79.048912,NO2,10,62,30
India,Maharashtra,Nanded,"Sneh Nagar, Nanded - MPCB",27-11-2025 18:00,19.173852,77.296291,OZONE,7,75,62
India,Maharashtra,Nashik,"Gangapur Road, Nashik - MPCB",27-11-2025 18:00,20.0073285,73.7762427,PM2.5,49,106,76
India,Maharashtra,Nashik,"Gangapur Road, Nashik - MPCB",27-11-2025 18:00,20.0073285,73.7762427,OZONE,9,44,34
India,Maharashtra,Pimpri-Chinchwad,"Gavalinagar, Pimpri Chinchwad - MPCB",27-11-2025 18:00,18.63673,73.82487,PM10,117,222,148
India,Maharashtra,Pimpri-Chinchwad,"Gavalinagar, Pimpri Chinchwad - MPCB",27-11-2025 18:00,18.63673,73.82487,NO2,23,108,56
India,Maharashtra,Pimpri-Chinchwad,"Gavalinagar, Pimpri Chinchwad - MPCB",27-11-2025 18:00,18.63673,73.82487,NH3,10,24,13
India,Maharashtra,Pimpri-Chinchwad,"Gavalinagar, Pimpri Chinchwad - MPCB",27-11-2025 18:00,18.63673,73.82487,CO,25,103,31
India,Maharashtra,Pimpri-Chinchwad,"Gavalinagar, Pimpri Chinchwad - MPCB",27-11-2025 18:00,18.63673,73.82487,OZONE,2,93,72
India,Maharashtra,Pimpri-Chinchwad,"Thergaon, Pimpri Chinchwad - MPCB",27-11-2025 18:00,18.616318,73.765797,PM10,101,198,130
India,Maharashtra,Virar,"Bolinj, Virar - MPCB",27-11-2025 18:00,19.445821,72.7988231,PM10,76,181,139
India,Maharashtra,Virar,"Bolinj, Virar - MPCB",27-11-2025 18:00,19.445821,72.7988231,SO2,4,9,6
India,Mizoram,Aizawl,"Sikulpuikawn, Aizawl - Mizoram PCB",27-11-2025 18:00,23.7176342,92.7192841,PM2.5,35,39,37
India,Odisha,Angul,"Hakimapada, Angul - OSPCB",27-11-2025 18:00,20.832874,85.104082,NO2,NA,NA,NA
India,Rajasthan,Bhiwadi,"Vasundhara Nagar_UIT, Bhiwadi - RSPCB",27-11-2025 18:00,28.207266,76.829265,CO,52,149,69
India,Rajasthan,Bhiwadi,"Vasundhara Nagar_UIT, Bhiwadi - RSPCB",27-11-2025 18:00,28.207266,76.829265,OZONE,5,124,67
India,Rajasthan,Bikaner,"MM Ground, Bikaner - RSPCB",27-11-2025 18:00,28.018792,73.292658,NH3,4,25,7
India,Rajasthan,Bikaner,"MM Ground, Bikaner - RSPCB",27-11-2025 18:00,28.018792,73.292658,CO,24,100,58
India,Rajasthan,Bikaner,"MM Ground, Bikaner - RSPCB",27-11-2025 18:00,28.018792,73.292658,OZONE,39,122,87
India,Rajasthan,Bundi,"New Colony, Bundi - RSPCB",27-11-2025 18:00,25.435774,75.644272,NH3,3,4,4
India,Rajasthan,Bundi,"New Colony, Bundi - RSPCB",27-11-2025 18:00,25.435774,75.644272,CO,36,78,45
India,Rajasthan,Chittorgarh,"Shastri Nagar, Chittorgarh - RSPCB",27-11-2025 18:00,24.892047,74.623527,SO2,16,126,56
India,Rajasthan,Chittorgarh,"Shastri Nagar, Chittorgarh - RSPCB",27-11-2025 18:00,24.892047,74.623527,OZONE,17,104,76
India,Rajasthan,Churu,"Subash Chowk, Churu - RSPCB",27-11-2025 18:00,28.296139,74.961696,PM10,130,342,181
India,Rajasthan,Churu,"Subash Chowk, Churu - RSPCB",27-11-2025 18:00,28.296139,74.961696,NO2,19,54,33
India,Rajasthan,Barmer,"Railway Colony, Barmer - RSPCB",27-11-2025 18:00,25.747299,71.393989,OZONE,6,99,74
India,Rajasthan,Bharatpur,"Krishna Nagar, Bharatpur - RSPCB",27-11-2025 18:00,27.215415,77.50873,PM10,88,316,171
India,Rajasthan,Bharatpur,"Krishna Nagar, Bharatpur - RSPCB",27-11-2025 18:00,27.215415,77.50873,NO2,19,103,59
India,Rajasthan,Bhilwara,"Pratap Nagar, Bhilwara - RSPCB",27-11-2025 18:00,25.339605,74.618883,SO2,10,39,18
India,Rajasthan,Bhilwara,"Pratap Nagar, Bhilwara - RSPCB",27-11-2025 18:00,25.339605,74.618883,CO,26,74,32
India,Rajasthan,Bhilwara,"Pratap Nagar, Bhilwara - RSPCB",27-11-2025 18:00,25.339605,74.618883,OZONE,4,40,31
India,Rajasthan,Bhiwadi,"RIICO Ind. Area III, Bhiwadi - RSPCB",27-11-2025 18:00,28.194909,76.862296,PM2.5,158,485,349
India,Rajasthan,Bhiwadi,"RIICO Ind. Area III, Bhiwadi - RSPCB",27-11-2025 18:00,28.194909,76.862296,SO2,8,32,18
India,Rajasthan,Ajmer,"Civil Lines,  Ajmer - RSPCB",27-11-2025 18:00,26.470859,74.646594,CO,11,24,16
India,Rajasthan,Alwar,"Moti Doongri, Alwar - RSPCB",27-11-2025 18:00,27.554793,76.611536,PM2.5,57,122,78
India,Rajasthan,Banswara,"Rati Talai, Banswara - RSPCB",27-11-2025 18:00,23.55519,74.44001,CO,29,102,48
India,Rajasthan,Banswara,"Rati Talai, Banswara - RSPCB",27-11-2025 18:00,23.55519,74.44001,OZONE,14,138,106
India,Rajasthan,Baran,"Bamboliya, Baran - RSPCB",27-11-2025 18:00,25.106006,76.469948,NH3,6,8,7
India,Rajasthan,Baran,"Bamboliya, Baran - RSPCB",27-11-2025 18:00,25.106006,76.469948,SO2,3,12,7
India,Rajasthan,Barmer,"Railway Colony, Barmer - RSPCB",27-11-2025 18:00,25.747299,71.393989,PM2.5,103,330,158
India,Punjab,Khanna,"Kalal Majra, Khanna - PPCB",27-11-2025 18:00,30.736056,76.209694,SO2,7,45,15
India,Punjab,Ludhiana,"Punjab Agricultural University, Ludhiana - PPCB",27-11-2025 18:00,30.9028,75.8086,CO,50,84,62
India,Punjab,Mandi Gobindgarh,"RIMT University, Mandi Gobindgarh - PPCB",27-11-2025 18:00,30.649961,76.331442,PM10,108,139,124
India,Punjab,Patiala,"Model Town, Patiala - PPCB",27-11-2025 18:00,30.349388,76.366642,NO2,16,19,17
India,Punjab,Rupnagar,"Ratanpura, Rupnagar - Ambuja Cements",27-11-2025 18:00,31.0325454,76.5623046,SO2,11,16,13
India,Odisha,Rourkela,"Fertilizer Township, Rourkela - OSPCB",27-11-2025 18:00,22.18972222,84.86277778,NO2,11,11,11
India,Odisha,Rourkela,"Raghunathpali, Rourkela - OSPCB",27-11-2025 18:00,22.220833,84.809444,NO2,NA,NA,NA
India,Odisha,Tensa,"Barsua Iron Ore Mines, Tensa - OSPCB",27-11-2025 18:00,21.869985,85.167016,PM10,NA,NA,NA
India,Odisha,Tensa,"Barsua Iron Ore Mines, Tensa - OSPCB",27-11-2025 18:00,21.869985,85.167016,NO2,NA,NA,NA
India,Odisha,Tensa,"Barsua Iron Ore Mines, Tensa - OSPCB",27-11-2025 18:00,21.869985,85.167016,NH3,NA,NA,NA
India,Odisha,Bhubaneswar,"Lingraj Mandir, Bhubaneswar - OSPCB",27-11-2025 18:00,20.24079,85.836784,CO,22,103,39
India,Odisha,Bileipada,"Tata Township, Bileipada - OSPCB",27-11-2025 18:00,22.06156703,85.47409613,OZONE,10,17,14
India,Odisha,Byasanagar,"Ferro Chrome Colony, Byasanagar - OSPCB",27-11-2025 18:00,20.94185,86.1151,OZONE,28,173,153
India,Puducherry,Puducherry,"Jawahar Nagar, Puducherry - PPCC",27-11-2025 18:00,11.9309,79.8027,OZONE,35,92,73
India,Punjab,Bathinda,"Hardev Nagar, Bathinda - PPCB",27-11-2025 18:00,30.233011,74.907758,SO2,NA,NA,NA
India,Punjab,Jalandhar,"Civil Line, Jalandhar - PPCB",27-11-2025 18:00,31.321907,75.578914,OZONE,43,52,47
India,Odisha,Keonjhar,"Jagamohanpur, Keonjhar - OSPCB",27-11-2025 18:00,21.6439,85.599355,PM10,107,152,127
India,Odisha,Rairangpur,"Divisional Forest Office, Rairangpur - OSPCB",27-11-2025 18:00,22.265816,86.174829,CO,28,54,35
India,Odisha,Barbil,"Forest Office, Barbil - OSPCB",27-11-2025 18:00,22.1166054,85.3945546,PM10,77,279,133
India,Odisha,Baripada,"Meher Colony, Baripada - OSPCB",27-11-2025 18:00,21.941841,86.728318,OZONE,20,74,63
India,Rajasthan,Jaipur,"Adarsh Nagar, Jaipur - RSPCB",27-11-2025 18:00,26.902909,75.836858,NO2,23,65,39
India,Rajasthan,Jaipur,"Adarsh Nagar, Jaipur - RSPCB",27-11-2025 18:00,26.902909,75.836858,SO2,3,32,21
India,Rajasthan,Jaipur,"Mansarovar Sector-12, Jaipur - RSPCB",27-11-2025 18:00,26.843698,75.766894,PM10,119,196,152
India,Rajasthan,Jaipur,"Mansarovar Sector-12, Jaipur - RSPCB",27-11-2025 18:00,26.843698,75.766894,NO2,13,194,28
India,Rajasthan,Jaipur,"Mansarovar Sector-12, Jaipur - RSPCB",27-11-2025 18:00,26.843698,75.766894,CO,29,62,39
India,Rajasthan,Jaipur,"Police Commissionerate, Jaipur - RSPCB",27-11-2025 18:00,26.9164092,75.7994901,CO,54,65,58
India,Rajasthan,Jaipur,"Police Commissionerate, Jaipur - RSPCB",27-11-2025 18:00,26.9164092,75.7994901,OZONE,60,303,93
India,Rajasthan,Jaipur,"RIICO Sitapura, Jaipur - RSPCB",27-11-2025 18:00,26.786682,75.827928,PM2.5,100,293,188
India,TamilNadu,Ariyalur,"Keelapalur, Ariyalur - TNPCB",27-11-2025 18:00,11.06825,79.07033,NO2,9,9,9
India,TamilNadu,Ariyalur,"Keelapalur, Ariyalur - TNPCB",27-11-2025 18:00,11.06825,79.07033,NH3,1,1,1
India,TamilNadu,Chennai,"Alandur Bus Depot, Chennai - CPCB",27-11-2025 18:00,12.9099161,80.1076538,NO2,23,41,29
India,TamilNadu,Chennai,"Gandhi Nagar_Ennore, Chennai - TNPCB",27-11-2025 18:00,13.218341,80.32027,SO2,22,23,22
India,TamilNadu,Chennai,"Kodungaiyur, Chennai - TNPCB",27-11-2025 18:00,13.1278,80.2642,PM10,69,173,111
India,TamilNadu,Chennai,"Kodungaiyur, Chennai - TNPCB",27-11-2025 18:00,13.1278,80.2642,NH3,4,7,5
India,TamilNadu,Chennai,"Kodungaiyur, Chennai - TNPCB",27-11-2025 18:00,13.1278,80.2642,SO2,1,30,7
India,TamilNadu,Chennai,"Kodungaiyur, Chennai - TNPCB",27-11-2025 18:00,13.1278,80.2642,CO,2,59,20
India,Rajasthan,Jaipur,"Sector-2 Murlipura, Jaipur - RSPCB",27-11-2025 18:00,26.960669,75.771817,PM10,97,139,117
India,Rajasthan,Jaipur,"Sector-2 Murlipura, Jaipur - RSPCB",27-11-2025 18:00,26.960669,75.771817,CO,29,48,37
India,Rajasthan,Jaisalmer,"Sadar Bazar, Jaisalmer - RSPCB",27-11-2025 18:00,26.912329,70.909168,NH3,8,19,11
India,Rajasthan,Jalore,"Mudtra Sili, Jalore - RSPCB",27-11-2025 18:00,25.344694,72.626208,NO2,19,141,58
India,Rajasthan,Jalore,"Mudtra Sili, Jalore - RSPCB",27-11-2025 18:00,25.344694,72.626208,NH3,5,8,6
India,Rajasthan,Jalore,"Mudtra Sili, Jalore - RSPCB",27-11-2025 18:00,25.344694,72.626208,CO,40,118,60
India,Rajasthan,Jhalawar,"Rajlaxmi Nagar, Jhalawar - RSPCB",27-11-2025 18:00,24.588397,76.172782,PM2.5,73,170,108
India,Rajasthan,Rajsamand,"Dhoinda, Rajsamand - RSPCB",27-11-2025 18:00,25.03636,73.883502,PM2.5,133,302,191
India,Rajasthan,Rajsamand,"Dhoinda, Rajsamand - RSPCB",27-11-2025 18:00,25.03636,73.883502,NO2,16,63,26
India,Rajasthan,Sawai Madhopur,"Sahu Nagar, Sawai Madhopur - RSPCB",27-11-2025 18:00,26.031443,76.359327,PM2.5,57,252,93
India,Rajasthan,Sikar,"Radhakishan Pura, Sikar - RSPCB",27-11-2025 18:00,27.608912,75.153302,PM10,104,272,151
India,Rajasthan,Sikar,"Radhakishan Pura, Sikar - RSPCB",27-11-2025 18:00,27.608912,75.153302,SO2,5,14,8
India,Rajasthan,Sirohi,"Vedhaynath Colony, Sirohi - RSPCB",27-11-2025 18:00,24.885261,72.857549,NO2,19,84,39
India,Rajasthan,Kota,"Nayapura, Kota - RSPCB",27-11-2025 18:00,25.196024,75.855668,SO2,2,29,7
India,Rajasthan,Kota,"Shrinath Puram, Kota - RSPCB",27-11-2025 18:00,25.14389,75.821256,NO2,15,18,16
India,Rajasthan,Kota,"Shrinath Puram, Kota - RSPCB",27-11-2025 18:00,25.14389,75.821256,CO,40,101,62
India,Rajasthan,Pali,"Indira Colony Vistar, Pali - RSPCB",27-11-2025 18:00,25.771061,73.340227,PM2.5,90,246,190
India,Rajasthan,Pratapgarh,"Pragati Nagar, Pratapgarh - RSPCB",27-11-2025 18:00,24.041198,74.780702,PM2.5,113,203,135
India,Rajasthan,Pratapgarh,"Pragati Nagar, Pratapgarh - RSPCB",27-11-2025 18:00,24.041198,74.780702,SO2,3,11,6
India,Rajasthan,Jodhpur,"Jhalamand, Jodhpur - RSPCB",27-11-2025 18:00,26.215415,73.070156,OZONE,50,136,100
India,Rajasthan,Jodhpur,"Mandor, Jodhpur - RSPCB",27-11-2025 18:00,26.358805,73.047444,PM10,83,137,105
India,Rajasthan,Jodhpur,"Mandor, Jodhpur - RSPCB",27-11-2025 18:00,26.358805,73.047444,NH3,4,6,5
India,Rajasthan,Jodhpur,"Samrat Ashok Udhyan, Jodhpur - RSPCB",27-11-2025 18:00,26.253384,72.976571,CO,31,46,37
India,Rajasthan,Kota,"Dhanmandi, Kota - RSPCB",27-11-2025 18:00,25.16409,75.858137,PM2.5,82,301,173
India,Rajasthan,Kota,"Dhanmandi, Kota - RSPCB",27-11-2025 18:00,25.16409,75.858137,CO,24,90,30
India,Rajasthan,Sri Ganganagar,"Old City, Sri Ganganagar - RSPCB",27-11-2025 18:00,29.931624,73.864511,PM10,131,334,176
India,Rajasthan,Sri Ganganagar,"Old City, Sri Ganganagar - RSPCB",27-11-2025 18:00,29.931624,73.864511,NH3,6,31,12
India,Rajasthan,Sri Ganganagar,"Old City, Sri Ganganagar - RSPCB",27-11-2025 18:00,29.931624,73.864511,SO2,1,11,5
India,Rajasthan,Tonk,"Shastri Nagar, Tonk - RSPCB",27-11-2025 18:00,26.159933,75.780517,PM10,130,251,167
India,Rajasthan,Tonk,"Shastri Nagar, Tonk - RSPCB",27-11-2025 18:00,26.159933,75.780517,CO,38,102,44
India,Rajasthan,Udaipur,"Ashok Nagar, Udaipur - RSPCB",27-11-2025 18:00,24.5886166,73.6321397,SO2,5,12,9
India,Rajasthan,Churu,"Subash Chowk, Churu - RSPCB",27-11-2025 18:00,28.296139,74.961696,OZONE,61,163,128
India,Rajasthan,Dausa,"Khatikan Mohalla, Dausa - RSPCB",27-11-2025 18:00,26.895552,76.334753,PM2.5,65,120,85
India,Rajasthan,Dausa,"Khatikan Mohalla, Dausa - RSPCB",27-11-2025 18:00,26.895552,76.334753,NO2,13,75,27
India,Rajasthan,Dholpur,"Raja Ganj, Dholpur - RSPCB",27-11-2025 18:00,26.699557,77.898881,OZONE,24,40,35
India,Rajasthan,Jhunjhunu,"Indra Nagar, Jhunjhunu - RSPCB",27-11-2025 18:00,28.108988,75.386577,SO2,4,15,7
India,Rajasthan,Jhunjhunu,"Indra Nagar, Jhunjhunu - RSPCB",27-11-2025 18:00,28.108988,75.386577,OZONE,15,149,119
India,Rajasthan,Jodhpur,"Jhalamand, Jodhpur - RSPCB",27-11-2025 18:00,26.215415,73.070156,PM10,82,148,107
India,TamilNadu,Tirunelveli,"Municipal Corporation Office, Tirunelveli - TNPCB",27-11-2025 18:00,8.728442,77.6962,OZONE,6,7,6
India,TamilNadu,Tirupur,"Kumaran College, Tirupur - TNPCB",27-11-2025 18:00,11.0973603,77.3228673,PM2.5,69,161,102
India,TamilNadu,Virudhunagar,"Collectorate Office, Virudhunagar - TNPCB",27-11-2025 18:00,9.559382,77.948828,NO2,1,1,1
India,TamilNadu,Virudhunagar,"Collectorate Office, Virudhunagar - TNPCB",27-11-2025 18:00,9.559382,77.948828,NH3,19,29,23
India,TamilNadu,Virudhunagar,"Collectorate Office, Virudhunagar - TNPCB",27-11-2025 18:00,9.559382,77.948828,CO,15,56,21
India,Telangana,Hyderabad,"Central University, Hyderabad - TSPCB",27-11-2025 18:00,17.460103,78.334361,PM10,113,132,119
India,Telangana,Hyderabad,"Central University, Hyderabad - TSPCB",27-11-2025 18:00,17.460103,78.334361,NH3,2,6,4
India,Telangana,Hyderabad,"Central University, Hyderabad - TSPCB",27-11-2025 18:00,17.460103,78.334361,OZONE,12,25,14
India,Telangana,Hyderabad,"ECIL Kapra, Hyderabad - TSPCB",27-11-2025 18:00,17.470431,78.566959,NO2,10,16,12
India,Telangana,Hyderabad,"ICRISAT Patancheru, Hyderabad - TSPCB",27-11-2025 18:00,17.5184,78.278777,SO2,4,13,8
India,Telangana,Hyderabad,"IDA Pashamylaram, Hyderabad - TSPCB",27-11-2025 18:00,17.5316895,78.218939,PM10,76,138,99
India,Telangana,Hyderabad,"IDA Pashamylaram, Hyderabad - TSPCB",27-11-2025 18:00,17.5316895,78.218939,CO,22,71,51
India,Telangana,Hyderabad,"IDA Pashamylaram, Hyderabad - TSPCB",27-11-2025 18:00,17.5316895,78.218939,OZONE,7,23,19
India,Telangana,Hyderabad,"IITH Kandi, Hyderabad - TSPCB",27-11-2025 18:00,17.585705,78.126199,PM2.5,50,95,77
India,Telangana,Hyderabad,"IITH Kandi, Hyderabad - TSPCB",27-11-2025 18:00,17.585705,78.126199,NO2,14,17,15
India,Telangana,Hyderabad,"IITH Kandi, Hyderabad - TSPCB",27-11-2025 18:00,17.585705,78.126199,CO,12,44,26
India,Telangana,Hyderabad,"Kokapet, Hyderabad - TSPCB",27-11-2025 18:00,17.393559,78.339194,SO2,12,17,14
India,TamilNadu,Cuddalore,"Semmandalam, Cuddalore - TNPCB",27-11-2025 18:00,11.7637683,79.7499835,PM2.5,81,266,142
India,TamilNadu,Cuddalore,"Semmandalam, Cuddalore - TNPCB",27-11-2025 18:00,11.7637683,79.7499835,PM10,NA,NA,NA
India,TamilNadu,Dindigul,"Mendonsa Colony, Dindigul - TNPCB",27-11-2025 18:00,10.358535,77.984321,NH3,1,2,2
India,TamilNadu,Gummidipoondi,"Anthoni Pillai Nagar, Gummidipoondi - TNPCB",27-11-2025 18:00,13.4127,80.1081,PM2.5,72,437,245
India,TamilNadu,Gummidipoondi,"Anthoni Pillai Nagar, Gummidipoondi - TNPCB",27-11-2025 18:00,13.4127,80.1081,NH3,3,4,3
India,TamilNadu,Madurai,"Uchapatti, Madurai - TNPCB",27-11-2025 18:00,9.865935,78.022669,CO,14,20,15
India,Telangana,Hyderabad,"Sanathnagar, Hyderabad - TSPCB",27-11-2025 18:00,17.4559458,78.4332152,CO,38,56,44
India,Telangana,Hyderabad,"Somajiguda, Hyderabad - TSPCB",27-11-2025 18:00,17.417094,78.457437,PM10,83,102,89
India,Telangana,Hyderabad,"Zoo Park, Hyderabad - TSPCB",27-11-2025 18:00,17.349694,78.451437,NH3,3,5,3
India,Tripura,Agartala,"Bardowali, Agartala - Tripura SPCB",27-11-2025 18:00,23.8175497,91.2726974,PM2.5,8,391,73
India,TamilNadu,Chennai,"Manali, Chennai - CPCB",27-11-2025 18:00,13.164544,80.26285,NO2,7,14,10
India,TamilNadu,Chennai,"Manali, Chennai - CPCB",27-11-2025 18:00,13.164544,80.26285,CO,14,62,24
India,TamilNadu,Chennai,"Perungudi, Chennai - TNPCB",27-11-2025 18:00,12.9533,80.2357,PM10,58,119,92
India,TamilNadu,Coimbatore,"SIDCO Kurichi, Coimbatore - TNPCB",27-11-2025 18:00,10.942451,76.978996,SO2,20,23,22
India,TamilNadu,Ramanathapuram,"Chalai Bazaar, Ramanathapuram - TNPCB",27-11-2025 18:00,9.36399,78.831977,SO2,4,13,10
India,TamilNadu,Thoothukudi,"Meelavittan, Thoothukudi - TNPCB",27-11-2025 18:00,8.816428,78.099039,NO2,8,14,11
India,TamilNadu,Tirunelveli,"Municipal Corporation Office, Tirunelveli - TNPCB",27-11-2025 18:00,8.728442,77.6962,PM10,17,49,31
India,TamilNadu,Ooty,"Bombay Castel, Ooty - TNPCB",27-11-2025 18:00,11.4068288,76.7138973,OZONE,4,7,6
India,TamilNadu,Perundurai,"SIPCOT Industrial Park, Perundurai - TNPCB",27-11-2025 18:00,11.258242,77.552761,SO2,12,13,12
India,TamilNadu,Pudukottai,"SIPCOT Nathampannai, Pudukottai - TNPCB",27-11-2025 18:00,10.423417,78.784889,NH3,3,3,3
India,Telangana,Hyderabad,"Kokapet, Hyderabad - TSPCB",27-11-2025 18:00,17.393559,78.339194,OZONE,20,29,24
India,Telangana,Hyderabad,"Nacharam_TSIIC IALA, Hyderabad - TSPCB",27-11-2025 18:00,17.429398,78.569354,OZONE,21,35,27
India,Telangana,Hyderabad,"Ramachandrapuram, Hyderabad - TSPCB",27-11-2025 18:00,17.528544,78.286195,CO,44,66,49
India,Telangana,Hyderabad,"Ramachandrapuram, Hyderabad - TSPCB",27-11-2025 18:00,17.528544,78.286195,OZONE,23,36,31
India,Uttar_Pradesh,Agra,"Rohta, Agra - UPPCB",27-11-2025 18:00,27.106972,78.000111,PM10,79,456,215
India,Uttar_Pradesh,Agra,"Rohta, Agra - UPPCB",27-11-2025 18:00,27.106972,78.000111,NH3,6,7,6
India,Uttar_Pradesh,Agra,"Shastripuram, Agra - UPPCB",27-11-2025 18:00,27.19862,77.92066,NH3,3,3,3
India,Uttar_Pradesh,Ghaziabad,"Sanjay Nagar, Ghaziabad - UPPCB",27-11-2025 18:00,28.685382,77.453839,SO2,15,101,29
India,Uttar_Pradesh,Ghaziabad,"Vasundhara, Ghaziabad - UPPCB",27-11-2025 18:00,28.6603346,77.3572563,PM2.5,187,404,314
India,Uttar_Pradesh,Ghaziabad,"Vasundhara, Ghaziabad - UPPCB",27-11-2025 18:00,28.6603346,77.3572563,NO2,102,212,152
India,Uttar_Pradesh,Gorakhpur,"Madan Mohan Malaviya University of Technology, Gorakhpur - UPPCB",27-11-2025 18:00,26.730136,83.433859,NH3,1,1,1
India,Uttar_Pradesh,Gorakhpur,"Madan Mohan Malaviya University of Technology, Gorakhpur - UPPCB",27-11-2025 18:00,26.730136,83.433859,SO2,32,34,33
India,Uttar_Pradesh,Greater Noida,"Knowledge Park - III, Greater Noida - UPPCB",27-11-2025 18:00,28.47272,77.482,PM10,123,500,368
India,Uttar_Pradesh,Kanpur,"NSI Kalyanpur, Kanpur - UPPCB",27-11-2025 18:00,26.509954,80.249612,CO,38,94,49
India,Uttar_Pradesh,Kanpur,"Nehru Nagar, Kanpur - UPPCB",27-11-2025 18:00,26.4703136,80.3229863,SO2,5,20,12
India,Uttar_Pradesh,Kanpur,"Nehru Nagar, Kanpur - UPPCB",27-11-2025 18:00,26.4703136,80.3229863,CO,30,64,38
India,Uttar_Pradesh,Khurja,"Kalindi Kunj, Khurja - UPPCB",27-11-2025 18:00,28.2348927,77.8683002,PM2.5,61,367,241
India,Uttar_Pradesh,Khurja,"Kalindi Kunj, Khurja - UPPCB",27-11-2025 18:00,28.2348927,77.8683002,PM10,73,365,183
India,Uttar_Pradesh,Lucknow,"B R Ambedkar University, Lucknow - UPPCB",27-11-2025 18:00,26.766433,80.927299,NO2,21,22,22
India,Uttar_Pradesh,Moradabad,"Kashiram Nagar, Moradabad - UPPCB",27-11-2025 18:00,28.849399,78.742362,SO2,63,134,104
India,Uttar_Pradesh,Muzaffarnagar,"New Mandi, Muzaffarnagar - UPPCB",27-11-2025 18:00,29.4723508,77.7194031,NO2,16,131,57
India,Uttar_Pradesh,Muzaffarnagar,"New Mandi, Muzaffarnagar - UPPCB",27-11-2025 18:00,29.4723508,77.7194031,NH3,8,14,10
India,Uttar_Pradesh,Muzaffarnagar,"New Mandi, Muzaffarnagar - UPPCB",27-11-2025 18:00,29.4723508,77.7194031,CO,16,109,37
India,Uttar_Pradesh,Noida,"Sector - 125, Noida - UPPCB",27-11-2025 18:00,28.5447608,77.3231257,NO2,21,313,94
India,Uttar_Pradesh,Noida,"Sector - 125, Noida - UPPCB",27-11-2025 18:00,28.5447608,77.3231257,CO,8,161,53
India,Uttar_Pradesh,Greater Noida,"Knowledge Park - V, Greater Noida - UPPCB",27-11-2025 18:00,28.557054,77.453663,PM10,141,500,396
India,Uttar_Pradesh,Greater Noida,"Knowledge Park - V, Greater Noida - UPPCB",27-11-2025 18:00,28.557054,77.453663,SO2,21,44,27
India,Uttar_Pradesh,Greater Noida,"Knowledge Park - V, Greater Noida - UPPCB",27-11-2025 18:00,28.557054,77.453663,CO,24,132,36
India,Uttar_Pradesh,Greater Noida,"Knowledge Park - V, Greater Noida - UPPCB",27-11-2025 18:00,28.557054,77.453663,OZONE,3,153,81
India,Uttar_Pradesh,Hapur,"Anand Vihar, Hapur - UPPCB",27-11-2025 18:00,28.725645,77.749675,PM10,102,438,262
India,Uttar_Pradesh,Kanpur,"NSI Kalyanpur, Kanpur - UPPCB",27-11-2025 18:00,26.509954,80.249612,PM10,46,144,89
India,Uttar_Pradesh,Baghpat,"Sardar Patel Inter College, Baghpat - UPPCB",27-11-2025 18:00,28.964949,77.278761,CO,12,44,34
India,Uttar_Pradesh,Bareilly,"Civil Lines, Bareilly - UPPCB",27-11-2025 18:00,28.359581,79.414455,PM10,43,107,64
India,Uttar_Pradesh,Bulandshahr,"Yamunapuram, Bulandshahr - UPPCB",27-11-2025 18:00,28.406963,77.849831,PM2.5,68,368,265
India,Uttar_Pradesh,Bulandshahr,"Yamunapuram, Bulandshahr - UPPCB",27-11-2025 18:00,28.406963,77.849831,NO2,18,158,80
India,Uttar_Pradesh,Bulandshahr,"Yamunapuram, Bulandshahr - UPPCB",27-11-2025 18:00,28.406963,77.849831,NH3,12,21,17
India,Uttar_Pradesh,Bulandshahr,"Yamunapuram, Bulandshahr - UPPCB",27-11-2025 18:00,28.406963,77.849831,CO,26,135,56
India,Uttar_Pradesh,Moradabad,"Buddhi Vihar, Moradabad - UPPCB",27-11-2025 18:00,28.83526,78.7446,OZONE,9,68,24
India,Uttar_Pradesh,Moradabad,"Eco Herbal Park, Moradabad - UPPCB",27-11-2025 18:00,28.840739,78.697531,SO2,1,32,10
India,Uttar_Pradesh,Moradabad,"Eco Herbal Park, Moradabad - UPPCB",27-11-2025 18:00,28.840739,78.697531,OZONE,3,90,58
India,Uttar_Pradesh,Moradabad,"Employment Office, Moradabad - UPPCB",27-11-2025 18:00,28.88528,78.7388,NH3,4,4,4
India,Uttar_Pradesh,Moradabad,"Jigar Colony, Moradabad - UPPCB",27-11-2025 18:00,28.856664,78.772638,PM10,64,142,93
India,Uttar_Pradesh,Lucknow,"Talkatora District Industries Center, Lucknow - CPCB",27-11-2025 18:00,26.83399722,80.8917361,CO,2,107,24
India,Uttar_Pradesh,Meerut,"Ganga Nagar, Meerut - UPPCB",27-11-2025 18:00,28.999264,77.7590354,NH3,1,7,5
India,Uttar_Pradesh,Meerut,"Jai Bhim Nagar, Meerut - UPPCB",27-11-2025 18:00,28.9535882,77.7622941,CO,19,129,44
India,Uttar_Pradesh,Moradabad,"Buddhi Vihar, Moradabad - UPPCB",27-11-2025 18:00,28.83526,78.7446,PM2.5,21,249,104
India,Uttar_Pradesh,Lucknow,"Kukrail Picnic Spot-1, Lucknow - UPPCB",27-11-2025 18:00,26.90723,80.98579,NH3,5,5,5
India,Uttar_Pradesh,Lucknow,"Kukrail Picnic Spot-1, Lucknow - UPPCB",27-11-2025 18:00,26.90723,80.98579,OZONE,8,31,20
India,Uttar_Pradesh,Lucknow,"Lalbagh, Lucknow - CPCB",27-11-2025 18:00,26.8458805,80.9365541,PM10,59,500,273
India,Uttar_Pradesh,Lucknow,"Lalbagh, Lucknow - CPCB",27-11-2025 18:00,26.8458805,80.9365541,NH3,12,19,16
India,Uttar_Pradesh,Lucknow,"Talkatora District Industries Center, Lucknow - CPCB",27-11-2025 18:00,26.83399722,80.8917361,NO2,46,81,57
India,Uttar_Pradesh,Firozabad,"Nagla Bhau, Firozabad - UPPCB",27-11-2025 18:00,27.168897,78.37696,PM2.5,24,97,57
India,Uttar_Pradesh,Firozabad,"Nagla Bhau, Firozabad - UPPCB",27-11-2025 18:00,27.168897,78.37696,NH3,2,2,2
India,West_Bengal,Asansol,"Asansol Court Area, Asansol - WBPCB",27-11-2025 18:00,23.685297,86.945968,SO2,16,40,23
India,West_Bengal,Asansol,"Asansol Court Area, Asansol - WBPCB",27-11-2025 18:00,23.685297,86.945968,OZONE,18,61,54
India,West_Bengal,Asansol,"Evelyn Lodge, Asansol - WBPCB",27-11-2025 18:00,23.697936,86.944395,CO,8,66,20
India,West_Bengal,Asansol,"Mahabir Colliery, Asansol - WBPCB",27-11-2025 18:00,23.618183,87.105718,NO2,9,61,32
India,West_Bengal,Asansol,"Mahabir Colliery, Asansol - WBPCB",27-11-2025 18:00,23.618183,87.105718,OZONE,13,55,46
India,West_Bengal,Asansol,"Trivenidevi Bhalotia College, Asansol - WBPCB",27-11-2025 18:00,23.616515,87.119133,NH3,5,6,5
India,West_Bengal,Barrackpore,"SVSPA Campus, Barrackpore - WBPCB",27-11-2025 18:00,22.7605581,88.3617589,PM2.5,43,207,135
India,West_Bengal,Barrackpore,"SVSPA Campus, Barrackpore - WBPCB",27-11-2025 18:00,22.7605581,88.3617589,PM10,42,139,100
India,Uttar_Pradesh,Noida,"Sector-1, Noida - UPPCB",27-11-2025 18:00,28.5898,77.3101,NO2,74,333,214
India,Uttar_Pradesh,Noida,"Sector-1, Noida - UPPCB",27-11-2025 18:00,28.5898,77.3101,SO2,16,75,34
India,Uttar_Pradesh,Noida,"Sector-116, Noida - UPPCB",27-11-2025 18:00,28.56923,77.393848,PM2.5,306,500,427
India,Uttar_Pradesh,Noida,"Sector-116, Noida - UPPCB",27-11-2025 18:00,28.56923,77.393848,NO2,21,183,65
India,Uttar_Pradesh,Noida,"Sector-116, Noida - UPPCB",27-11-2025 18:00,28.56923,77.393848,CO,2,167,17
India,Uttar_Pradesh,Prayagraj,"Jhunsi, Prayagraj - UPPCB",27-11-2025 18:00,25.425602,81.917152,NO2,6,6,6
India,Uttar_Pradesh,Prayagraj,"Motilal Nehru NIT, Prayagraj - UPPCB",27-11-2025 18:00,25.494,81.863,OZONE,5,45,31
India,Uttar_Pradesh,Prayagraj,"Nagar Nigam, Prayagraj - UPPCB",27-11-2025 18:00,25.44919916,81.82735986,PM2.5,76,305,161
India,Uttar_Pradesh,Vrindavan,"Omex Eternity, Vrindavan - UPPCB",27-11-2025 18:00,27.571409,77.655757,OZONE,15,16,15
India,Uttarakhand,Dehradun,"Doon University, Dehradun - UKPCB",27-11-2025 18:00,30.269444,78.044167,NO2,1,5,2
India,Uttarakhand,Dehradun,"Doon University, Dehradun - UKPCB",27-11-2025 18:00,30.269444,78.044167,OZONE,26,62,50
India,Uttarakhand,Kashipur,"Govt. Girls Inter College, Kashipur - UKPCB",27-11-2025 18:00,29.2124114,78.9611753,PM10,51,117,81
India,Uttarakhand,Kashipur,"Govt. Girls Inter College, Kashipur - UKPCB",27-11-2025 18:00,29.2124114,78.9611753,NH3,2,14,5
India,Uttarakhand,Rishikesh,"Shivaji Nagar, Rishikesh - UKPCB",27-11-2025 18:00,30.075911,78.2859547,PM10,44,86,62
India,Uttarakhand,Rishikesh,"Shivaji Nagar, Rishikesh - UKPCB",27-11-2025 18:00,30.075911,78.2859547,SO2,5,5,5
India,Uttar_Pradesh,Varanasi,"Ardhali Bazar, Varanasi - UPPCB",27-11-2025 18:00,25.3505986,82.9083074,PM2.5,41,147,95
India,Uttar_Pradesh,Varanasi,"Bhelupur, Varanasi - UPPCB",27-11-2025 18:00,25.301778,82.996789,OZONE,1,5,2
India,Uttar_Pradesh,Varanasi,"IESD Banaras Hindu University, Varanasi - UPPCB",27-11-2025 18:00,25.262326,82.995408,OZONE,9,75,41
India,Uttar_Pradesh,Varanasi,"Maldahiya, Varanasi - UPPCB",27-11-2025 18:00,25.32393,82.99687,PM2.5,51,212,132
India,Uttar_Pradesh,Vrindavan,"Omex Eternity, Vrindavan - UPPCB",27-11-2025 18:00,27.571409,77.655757,PM2.5,40,242,107
India,West_Bengal,Barrackpore,"SVSPA Campus, Barrackpore - WBPCB",27-11-2025 18:00,22.7605581,88.3617589,OZONE,3,33,27
India,West_Bengal,Durgapur,"PCBL Residential Complex, Durgapur - WBPCB",27-11-2025 18:00,23.508764,87.35444,PM10,42,136,88
India,West_Bengal,Durgapur,"PCBL Residential Complex, Durgapur - WBPCB",27-11-2025 18:00,23.508764,87.35444,SO2,4,8,4
India,West_Bengal,Durgapur,"Womens College_City Center, Durgapur - WBPCB (Formerly known as Sidhu Kanhu Indoor Stadium)",27-11-2025 18:00,23.549395,87.300496,NO2,24,31,26
India,West_Bengal,Haldia,"Priyambada Housing Estate, Haldia - WBPCB",27-11-2025 18:00,22.06047,88.109737,PM10,83,158,131
India,West_Bengal,Haldia,"Priyambada Housing Estate, Haldia - WBPCB",27-11-2025 18:00,22.06047,88.109737,OZONE,19,29,26
India,West_Bengal,Howrah,"Belur Math, Howrah - WBPCB",27-11-2025 18:00,22.629801,88.352017,PM10,77,234,162
India,West_Bengal,Howrah,"Dasnagar, Howrah - WBPCB",27-11-2025 18:00,22.6025571,88.3105664,SO2,3,48,16
India,West_Bengal,Howrah,"Ghusuri, Howrah - WBPCB",27-11-2025 18:00,22.611968,88.347422,PM2.5,64,239,144
India,West_Bengal,Kolkata,"Jadavpur, Kolkata - WBPCB",27-11-2025 18:00,22.49929,88.36917,PM2.5,76,339,238
India,West_Bengal,Kolkata,"Jadavpur, Kolkata - WBPCB",27-11-2025 18:00,22.49929,88.36917,NH3,5,12,8
India,West_Bengal,Kolkata,"Rabindra Bharati University, Kolkata - WBPCB",27-11-2025 18:00,22.627847,88.380669,OZONE,2,101,72
India,West_Bengal,Kolkata,"Rabindra Sarobar, Kolkata - WBPCB",27-11-2025 18:00,22.51106,88.35142,NH3,8,28,15
India,West_Bengal,Kolkata,"Rabindra Sarobar, Kolkata - WBPCB",27-11-2025 18:00,22.51106,88.35142,SO2,4,30,14
India,West_Bengal,Kolkata,"Rabindra Sarobar, Kolkata - WBPCB",27-11-2025 18:00,22.51106,88.35142,OZONE,2,88,67
India,West_Bengal,Howrah,"Padmapukur, Howrah - WBPCB",27-11-2025 18:00,22.5687319,88.2797276,PM2.5,108,328,268
India,West_Bengal,Howrah,"Padmapukur, Howrah - WBPCB",27-11-2025 18:00,22.5687319,88.2797276,PM10,87,196,152
India,West_Bengal,Howrah,"Padmapukur, Howrah - WBPCB",27-11-2025 18:00,22.5687319,88.2797276,CO,4,62,17
India,West_Bengal,Kolkata,"Bidhannagar, Kolkata - WBPCB",27-11-2025 18:00,22.58157048,88.41002457,NO2,8,24,14
India,West_Bengal,Kolkata,"Bidhannagar, Kolkata - WBPCB",27-11-2025 18:00,22.58157048,88.41002457,NH3,5,12,10
India,West_Bengal,Siliguri,"Ward-32 Bapupara, Siliguri - WBPCB",27-11-2025 18:00,26.6879226,88.4152495,NO2,15,37,21
